May 15 00:34:13 Princes-MacBook-Air newsyslog[27996]: logfile turned over
Thu May 15 00:34:13.673 [airport]/579 @[1108246.657672] (configdIODriverInterface.m:4687) caps = CPU Net Disk , connection[0x6ac0492c0] token[0x00000000] capabilties[0x000000b9], description:'DarkWake:cpu disk net push ', lastSleepType[0x00000007]/'Deep Idle', hibernateStateFound[1] hibernateState[0x00000000/0] hibernateMode[0x00000003/3]
Thu May 15 00:34:13.687 [airport]/579 @[1108246.671264] (configdIODriverInterface.m:4784) Acknowledging sleep event, connection[0x6ac0492c0] token[0x00000000]
Thu May 15 00:34:13.968 [airport]/579 @[1108246.952217] (configdIODriverInterface.m:1377) driver available (reason=0xe0821803, subreason=0x0, flags=0x0), node:isDriverAvailable=0
Thu May 15 00:34:14.064 Usb Host Notification Apple80211Set: seqNum 3236 Total 0 chg 0 en0
Thu May 15 00:34:14.066 Usb Host Notification metrics: usbChange=0, count=0, noiseDelta=0
Thu May 15 00:34:14.131 Usb Host Notification Apple80211Set: seqNum 3237 Total 0 chg 0 en0
Thu May 15 00:34:14.132 Usb Host Notification metrics: usbChange=0, count=0, noiseDelta=0
Thu May 15 00:34:14.191 [airport]/579 @[1108247.174792] (airportProcessCommand.m:1715) Processed events, count[ 19], @[1108247.171963], took 0.002808
Thu May 15 00:34:15.696 [airport]/579 @[1108248.679487] (configdIODriverInterface.m:4687) caps = , connection[0x6ac0492c0] token[0x04ab000d] capabilties[0x00000000], description:'Sleep:<off> ', lastSleepType[0x00000007]/'Deep Idle', hibernateStateFound[1] hibernateState[0x00000000/0] hibernateMode[0x00000003/3]
Thu May 15 00:34:15.701 [airport]/579 @[1108248.684419] (configdIODriverInterface.m:4375) <en0> Scan offloads will be ENABLED (lpas_supported=yes, softap=disabled, wow=disabled, tcpka=active, allow_unassoc_wakes=yes, allow_disconn_sleeps=yes, aj_disabled=no, scan_offload_disabled_until=(null))
Thu May 15 00:34:15.719 [airport]/579 @[1108248.702129] (configdIODriverInterface.m:4450) <en0> Successfully configured scan offloads, aj_disabled=no, PNO count[4]
Thu May 15 00:34:15.720 [airport]/579 @[1108248.703140] (configdIODriverInterface.m:3826) Acknowledging sleep event, connection[0x6ac0492c0] token[0x04ab000d], gPMConnection[0x6ac0492c0]
Thu May 15 00:34:18.604 [airport]/579 @[1108251.586893] (configdIODriverInterface.m:1377) driver unavailable (reason=0xe0821804, subreason=0x0, flags=0x0), node:isDriverAvailable=1
Thu May 15 00:34:18.606 Usb Host Notification Error Apple80211Set: Device power is off seqNum 3238 Total 0 chg 0 en0
Thu May 15 00:34:18.614 [airport]/579 @[1108251.597284] (airportProcessCommand.m:1715) Processed events, count[  2], @[1108251.597194], took 0.000075
Thu May 15 00:34:18.615 [airport]/579 @[1108251.598008] (airportProcessCommand.m:1715) Processed events, count[  1], @[1108251.597935], took 0.000046
Thu May 15 00:34:18.616 [airport]/579 @[1108251.598835] (airportProcessCommand.m:1715) Processed events, count[  1], @[1108251.598777], took 0.000048
Thu May 15 00:34:18.616 [airport]/579 @[1108251.599344] (airportProcessCommand.m:1715) Processed events, count[  1], @[1108251.599303], took 0.000031
Thu May 15 00:34:18.617 [airport]/579 @[1108251.599881] (airportProcessCommand.m:1715) Processed events, count[  1], @[1108251.599747], took 0.000028
Thu May 15 00:34:18.617 [airport]/579 @[1108251.600231] (airportProcessCommand.m:1715) Processed events, count[  1], @[1108251.600190], took 0.000031
Thu May 15 00:34:18.618 [airport]/579 @[1108251.600533] (airportProcessCommand.m:1715) Processed events, count[  1], @[1108251.600488], took 0.000036
Thu May 15 00:34:18.618 [airport]/579 @[1108251.600981] (airportProcessCommand.m:1715) Processed events, count[  1], @[1108251.600944], took 0.000028
Thu May 15 00:34:18.618 [airport]/579 @[1108251.601289] (airportProcessCommand.m:1715) Processed events, count[  1], @[1108251.601246], took 0.000033
Thu May 15 00:34:18.619 [airport]/579 @[1108251.601710] (airportProcessCommand.m:1715) Processed events, count[  1], @[1108251.601595], took 0.000105
Thu May 15 00:34:18.620 [airport]/579 @[1108251.602841] (airportProcessCommand.m:1715) Processed events, count[  1], @[1108251.602167], took 0.000666
Thu May 15 00:34:18.620 [airport]/579 @[1108251.603408] (airportProcessCommand.m:1715) Processed events, count[  1], @[1108251.603274], took 0.000125
Thu May 15 00:34:18.621 [airport]/579 @[1108251.603491] (airportProcessCommand.m:1715) Processed events, count[  1], @[1108251.603449], took 0.000034
Thu May 15 00:34:18.621 [airport]/579 @[1108251.603551] (airportProcessCommand.m:1715) Processed events, count[  1], @[1108251.603525], took 0.000019
Thu May 15 00:34:18.621 [airport]/579 @[1108251.603616] (airportProcessCommand.m:1715) Processed events, count[  1], @[1108251.603590], took 0.000019
Thu May 15 00:34:18.621 [airport]/579 @[1108251.603714] (airportProcessCommand.m:1715) Processed events, count[  1], @[1108251.603685], took 0.000021
Thu May 15 00:34:18.621 [airport]/579 @[1108251.603763] (airportProcessCommand.m:1715) Processed events, count[  1], @[1108251.603739], took 0.000018
Thu May 15 00:50:30.544 [airport]/579 @[1109223.516046] (configdIODriverInterface.m:4687) caps = CPU Net Disk Early , connection[0x6ac0492c0] token[0x00000000] capabilties[0x00008019], description:'DarkWake:cpu disk net ', lastSleepType[0x00000007]/'Deep Idle', hibernateStateFound[1] hibernateState[0x00000000/0] hibernateMode[0x00000003/3]
Thu May 15 00:50:30.554 [airport]/579 @[1109223.525969] (configdIODriverInterface.m:4784) Acknowledging sleep event, connection[0x6ac0492c0] token[0x00000000]
Thu May 15 00:50:30.568 [airport]/579 @[1109223.539234] (airportProcessCommand.m:1715) Processed events, count[  2], @[1109223.539196], took 0.000031
Thu May 15 00:50:30.568 [airport]/579 @[1109223.539650] (airportProcessCommand.m:1715) Processed events, count[  1], @[1109223.539625], took 0.000019
Thu May 15 00:50:30.568 [airport]/579 @[1109223.539770] (airportProcessCommand.m:1715) Processed events, count[  2], @[1109223.539743], took 0.000022
Thu May 15 00:50:30.568 [airport]/579 @[1109223.539904] (airportProcessCommand.m:1715) Processed events, count[  1], @[1109223.539883], took 0.000015
Thu May 15 00:50:30.569 [airport]/579 @[1109223.540128] (airportProcessCommand.m:1715) Processed events, count[  1], @[1109223.540104], took 0.000018
Thu May 15 00:50:30.569 [airport]/579 @[1109223.540358] (airportProcessCommand.m:1715) Processed events, count[  1], @[1109223.540338], took 0.000015
Thu May 15 00:50:30.569 [airport]/579 @[1109223.540613] (airportProcessCommand.m:1715) Processed events, count[  1], @[1109223.540594], took 0.000015
Thu May 15 00:50:30.569 [airport]/579 @[1109223.540796] (airportProcessCommand.m:1715) Processed events, count[  1], @[1109223.540769], took 0.000017
Thu May 15 00:50:30.569 [airport]/579 @[1109223.540990] (airportProcessCommand.m:1715) Processed events, count[  1], @[1109223.540967], took 0.000017
Thu May 15 00:50:30.570 [airport]/579 @[1109223.541166] (airportProcessCommand.m:1715) Processed events, count[  1], @[1109223.541146], took 0.000015
Thu May 15 00:50:30.570 [airport]/579 @[1109223.541303] (airportProcessCommand.m:1715) Processed events, count[  1], @[1109223.541281], took 0.000016
Thu May 15 00:50:30.570 [airport]/579 @[1109223.541479] (airportProcessCommand.m:1715) Processed events, count[  1], @[1109223.541454], took 0.000020
Thu May 15 00:50:30.571 [airport]/579 @[1109223.542155] (airportProcessCommand.m:1715) Processed events, count[  1], @[1109223.541577], took 0.000570
Thu May 15 00:50:30.571 [airport]/579 @[1109223.542241] (airportProcessCommand.m:1715) Processed events, count[  1], @[1109223.542216], took 0.000015
Thu May 15 00:50:30.571 [airport]/579 @[1109223.542290] (airportProcessCommand.m:1715) Processed events, count[  2], @[1109223.542262], took 0.000024
Thu May 15 00:50:30.571 [airport]/579 @[1109223.542323] (airportProcessCommand.m:1715) Processed events, count[  1], @[1109223.542307], took 0.000012
Thu May 15 00:50:30.571 [airport]/579 @[1109223.542408] (airportProcessCommand.m:1715) Processed events, count[  1], @[1109223.542390], took 0.000013
Thu May 15 00:50:30.571 [airport]/579 @[1109223.542576] (airportProcessCommand.m:1715) Processed events, count[  2], @[1109223.542548], took 0.000020
Thu May 15 00:50:30.571 [airport]/579 @[1109223.542726] (airportProcessCommand.m:1715) Processed events, count[  1], @[1109223.542708], took 0.000013
Thu May 15 00:50:30.571 [airport]/579 @[1109223.542883] (airportProcessCommand.m:1715) Processed events, count[  1], @[1109223.542859], took 0.000018
Thu May 15 00:50:30.571 [airport]/579 @[1109223.543041] (airportProcessCommand.m:1715) Processed events, count[  1], @[1109223.543017], took 0.000019
Thu May 15 00:50:30.572 [airport]/579 @[1109223.543187] (airportProcessCommand.m:1715) Processed events, count[  1], @[1109223.543166], took 0.000016
Thu May 15 00:50:30.572 [airport]/579 @[1109223.543350] (airportProcessCommand.m:1715) Processed events, count[  1], @[1109223.543331], took 0.000014
Thu May 15 00:50:30.572 [airport]/579 @[1109223.543486] (airportProcessCommand.m:1715) Processed events, count[  1], @[1109223.543468], took 0.000012
Thu May 15 00:50:30.572 [airport]/579 @[1109223.543623] (airportProcessCommand.m:1715) Processed events, count[  1], @[1109223.543597], took 0.000013
Thu May 15 00:50:30.572 [airport]/579 @[1109223.544107] (airportProcessCommand.m:1715) Processed events, count[  1], @[1109223.543728], took 0.000371
Thu May 15 00:50:30.573 [airport]/579 @[1109223.544184] (airportProcessCommand.m:1715) Processed events, count[  1], @[1109223.544163], took 0.000016
Thu May 15 00:50:30.573 [airport]/579 @[1109223.544230] (airportProcessCommand.m:1715) Processed events, count[  1], @[1109223.544206], took 0.000019
Thu May 15 00:50:30.573 [airport]/579 @[1109223.544308] (airportProcessCommand.m:1715) Processed events, count[  1], @[1109223.544289], took 0.000014
Thu May 15 00:50:30.573 [airport]/579 @[1109223.544471] (airportProcessCommand.m:1715) Processed events, count[  1], @[1109223.544453], took 0.000014
Thu May 15 00:50:30.573 [airport]/579 @[1109223.544622] (airportProcessCommand.m:1715) Processed events, count[  1], @[1109223.544596], took 0.000016
Thu May 15 00:50:30.573 [airport]/579 @[1109223.544765] (airportProcessCommand.m:1715) Processed events, count[  1], @[1109223.544745], took 0.000015
Thu May 15 00:50:30.754 [airport]/579 @[1109223.725235] (configdIODriverInterface.m:4687) caps = CPU Net Disk , connection[0x6ac0492c0] token[0x00000000] capabilties[0x000000b9], description:'DarkWake:cpu disk net push ', lastSleepType[0x00000007]/'Deep Idle', hibernateStateFound[1] hibernateState[0x00000000/0] hibernateMode[0x00000003/3]
Thu May 15 00:50:30.760 [airport]/579 @[1109223.731732] (configdIODriverInterface.m:4784) Acknowledging sleep event, connection[0x6ac0492c0] token[0x00000000]
Thu May 15 00:50:30.917 [airport]/579 @[1109223.888702] (configdIODriverInterface.m:1377) driver available (reason=0xe0821803, subreason=0x0, flags=0x0), node:isDriverAvailable=0
Thu May 15 00:50:31.012 Usb Host Notification Apple80211Set: seqNum 3239 Total 0 chg 0 en0
Thu May 15 00:50:31.016 Usb Host Notification metrics: usbChange=0, count=0, noiseDelta=0
Thu May 15 00:50:31.092 Usb Host Notification Apple80211Set: seqNum 3240 Total 0 chg 0 en0
Thu May 15 00:50:31.095 Usb Host Notification metrics: usbChange=0, count=0, noiseDelta=0
Thu May 15 00:50:31.133 [airport]/579 @[1109224.104663] (airportProcessCommand.m:1715) Processed events, count[ 19], @[1109224.101552], took 0.003040
Thu May 15 00:50:32.781 [airport]/579 @[1109225.752914] (configdIODriverInterface.m:4687) caps = , connection[0x6ac0492c0] token[0x04ac000d] capabilties[0x00000000], description:'Sleep:<off> ', lastSleepType[0x00000007]/'Deep Idle', hibernateStateFound[1] hibernateState[0x00000000/0] hibernateMode[0x00000003/3]
Thu May 15 00:50:32.786 [airport]/579 @[1109225.758477] (configdIODriverInterface.m:4375) <en0> Scan offloads will be ENABLED (lpas_supported=yes, softap=disabled, wow=disabled, tcpka=active, allow_unassoc_wakes=yes, allow_disconn_sleeps=yes, aj_disabled=no, scan_offload_disabled_until=(null))
Thu May 15 00:50:32.803 [airport]/579 @[1109225.775074] (configdIODriverInterface.m:4450) <en0> Successfully configured scan offloads, aj_disabled=no, PNO count[4]
Thu May 15 00:50:32.803 [airport]/579 @[1109225.775868] (configdIODriverInterface.m:3826) Acknowledging sleep event, connection[0x6ac0492c0] token[0x04ac000d], gPMConnection[0x6ac0492c0]
Thu May 15 00:50:35.618 [airport]/579 @[1109228.594887] (configdIODriverInterface.m:1377) driver unavailable (reason=0xe0821804, subreason=0x0, flags=0x0), node:isDriverAvailable=1
Thu May 15 00:50:35.620 Usb Host Notification Error Apple80211Set: Device power is off seqNum 3241 Total 0 chg 0 en0
Thu May 15 00:50:35.626 [airport]/579 @[1109228.602866] (airportProcessCommand.m:1715) Processed events, count[  2], @[1109228.602725], took 0.000133
Thu May 15 00:50:35.627 [airport]/579 @[1109228.603325] (airportProcessCommand.m:1715) Processed events, count[  1], @[1109228.603240], took 0.000055
Thu May 15 00:50:35.628 [airport]/579 @[1109228.604047] (airportProcessCommand.m:1715) Processed events, count[  1], @[1109228.603981], took 0.000051
Thu May 15 00:50:35.628 [airport]/579 @[1109228.604467] (airportProcessCommand.m:1715) Processed events, count[  1], @[1109228.604397], took 0.000054
Thu May 15 00:50:35.629 [airport]/579 @[1109228.605239] (airportProcessCommand.m:1715) Processed events, count[  1], @[1109228.605216], took 0.000018
Thu May 15 00:50:35.629 [airport]/579 @[1109228.605429] (airportProcessCommand.m:1715) Processed events, count[  1], @[1109228.605411], took 0.000014
Thu May 15 00:50:35.629 [airport]/579 @[1109228.605684] (airportProcessCommand.m:1715) Processed events, count[  1], @[1109228.605663], took 0.000016
Thu May 15 00:50:35.630 [airport]/579 @[1109228.606246] (airportProcessCommand.m:1715) Processed events, count[  1], @[1109228.606222], took 0.000018
Thu May 15 00:50:35.630 [airport]/579 @[1109228.606513] (airportProcessCommand.m:1715) Processed events, count[  1], @[1109228.606425], took 0.000082
Thu May 15 00:50:35.630 [airport]/579 @[1109228.606721] (airportProcessCommand.m:1715) Processed events, count[  1], @[1109228.606692], took 0.000023
Thu May 15 00:50:35.632 [airport]/579 @[1109228.608261] (airportProcessCommand.m:1715) Processed events, count[  1], @[1109228.607113], took 0.001141
Thu May 15 00:50:35.632 [airport]/579 @[1109228.608401] (airportProcessCommand.m:1715) Processed events, count[  1], @[1109228.608371], took 0.000025
Thu May 15 00:50:35.632 [airport]/579 @[1109228.608483] (airportProcessCommand.m:1715) Processed events, count[  1], @[1109228.608464], took 0.000015
Thu May 15 00:50:35.632 [airport]/579 @[1109228.608555] (airportProcessCommand.m:1715) Processed events, count[  1], @[1109228.608537], took 0.000012
Thu May 15 00:50:35.632 [airport]/579 @[1109228.608651] (airportProcessCommand.m:1715) Processed events, count[  1], @[1109228.608603], took 0.000042
Thu May 15 00:50:35.632 [airport]/579 @[1109228.609013] (airportProcessCommand.m:1715) Processed events, count[  1], @[1109228.608992], took 0.000015
Thu May 15 00:50:35.633 [airport]/579 @[1109228.609294] (airportProcessCommand.m:1715) Processed events, count[  1], @[1109228.609272], took 0.000017
Thu May 15 00:52:02.536 [airport]/579 @[1109315.512522] (configdIODriverInterface.m:4687) caps = CPU Net Disk Early , connection[0x6ac0492c0] token[0x00000000] capabilties[0x00008019], description:'DarkWake:cpu disk net ', lastSleepType[0x00000007]/'Deep Idle', hibernateStateFound[1] hibernateState[0x00000000/0] hibernateMode[0x00000003/3]
Thu May 15 00:52:02.543 [airport]/579 @[1109315.519104] (configdIODriverInterface.m:4784) Acknowledging sleep event, connection[0x6ac0492c0] token[0x00000000]
Thu May 15 00:52:02.747 [airport]/579 @[1109315.723367] (configdIODriverInterface.m:4687) caps = CPU Net Disk , connection[0x6ac0492c0] token[0x00000000] capabilties[0x000000b9], description:'DarkWake:cpu disk net push ', lastSleepType[0x00000007]/'Deep Idle', hibernateStateFound[1] hibernateState[0x00000000/0] hibernateMode[0x00000003/3]
Thu May 15 00:52:02.759 [airport]/579 @[1109315.735579] (configdIODriverInterface.m:4784) Acknowledging sleep event, connection[0x6ac0492c0] token[0x00000000]
Thu May 15 00:52:02.910 [airport]/579 @[1109315.886310] (configdIODriverInterface.m:1377) driver available (reason=0xe0821803, subreason=0x0, flags=0x0), node:isDriverAvailable=0
Thu May 15 00:52:03.007 Usb Host Notification Apple80211Set: seqNum 3242 Total 0 chg 0 en0
Thu May 15 00:52:03.009 Usb Host Notification metrics: usbChange=0, count=0, noiseDelta=0
Thu May 15 00:52:03.067 Usb Host Notification Apple80211Set: seqNum 3243 Total 0 chg 0 en0
Thu May 15 00:52:03.068 Usb Host Notification metrics: usbChange=0, count=0, noiseDelta=0
Thu May 15 00:52:03.128 [airport]/579 @[1109316.105256] (airportProcessCommand.m:1715) Processed events, count[ 19], @[1109316.101856], took 0.003384
Thu May 15 00:52:08.136 [airport]/579 @[1109321.117928] (configdIODriverInterface.m:4687) caps = , connection[0x6ac0492c0] token[0x04ad000d] capabilties[0x00000000], description:'Sleep:<off> ', lastSleepType[0x00000007]/'Deep Idle', hibernateStateFound[1] hibernateState[0x00000000/0] hibernateMode[0x00000003/3]
Thu May 15 00:52:08.140 [airport]/579 @[1109321.122850] (configdIODriverInterface.m:4375) <en0> Scan offloads will be ENABLED (lpas_supported=yes, softap=disabled, wow=disabled, tcpka=active, allow_unassoc_wakes=yes, allow_disconn_sleeps=yes, aj_disabled=no, scan_offload_disabled_until=(null))
Thu May 15 00:52:08.162 [airport]/579 @[1109321.144322] (configdIODriverInterface.m:4450) <en0> Successfully configured scan offloads, aj_disabled=no, PNO count[4]
Thu May 15 00:52:08.163 [airport]/579 @[1109321.145370] (configdIODriverInterface.m:3826) Acknowledging sleep event, connection[0x6ac0492c0] token[0x04ad000d], gPMConnection[0x6ac0492c0]
Thu May 15 00:52:09.716 [airport]/579 @[1109322.699607] (configdIODriverInterface.m:1377) driver unavailable (reason=0xe0821804, subreason=0x0, flags=0x0), node:isDriverAvailable=1
Thu May 15 00:52:09.718 Usb Host Notification Error Apple80211Set: Device power is off seqNum 3244 Total 0 chg 0 en0
Thu May 15 00:52:09.732 [airport]/579 @[1109322.715397] (airportProcessCommand.m:1715) Processed events, count[  2], @[1109322.715314], took 0.000070
Thu May 15 00:52:09.733 [airport]/579 @[1109322.716486] (airportProcessCommand.m:1715) Processed events, count[  1], @[1109322.716408], took 0.000070
Thu May 15 00:52:09.734 [airport]/579 @[1109322.717275] (airportProcessCommand.m:1715) Processed events, count[  1], @[1109322.717225], took 0.000042
Thu May 15 00:52:09.734 [airport]/579 @[1109322.717550] (airportProcessCommand.m:1715) Processed events, count[  1], @[1109322.717426], took 0.000115
Thu May 15 00:52:09.734 [airport]/579 @[1109322.717861] (airportProcessCommand.m:1715) Processed events, count[  1], @[1109322.717828], took 0.000025
Thu May 15 00:52:09.734 [airport]/579 @[1109322.718135] (airportProcessCommand.m:1715) Processed events, count[  1], @[1109322.718054], took 0.000073
Thu May 15 00:52:09.735 [airport]/579 @[1109322.718364] (airportProcessCommand.m:1715) Processed events, count[  1], @[1109322.718331], took 0.000022
Thu May 15 00:52:09.735 [airport]/579 @[1109322.718879] (airportProcessCommand.m:1715) Processed events, count[  1], @[1109322.718849], took 0.000022
Thu May 15 00:52:09.736 [airport]/579 @[1109322.719435] (airportProcessCommand.m:1715) Processed events, count[  2], @[1109322.719404], took 0.000026
Thu May 15 00:52:09.736 [airport]/579 @[1109322.720077] (airportProcessCommand.m:1715) Processed events, count[  2], @[1109322.719699], took 0.000371
Thu May 15 00:52:09.737 [airport]/579 @[1109322.720525] (airportProcessCommand.m:1715) Processed events, count[  1], @[1109322.720498], took 0.000020
Thu May 15 00:52:09.737 [airport]/579 @[1109322.720571] (airportProcessCommand.m:1715) Processed events, count[  1], @[1109322.720552], took 0.000014
Thu May 15 00:52:09.737 [airport]/579 @[1109322.720613] (airportProcessCommand.m:1715) Processed events, count[  1], @[1109322.720594], took 0.000013
Thu May 15 00:52:09.737 [airport]/579 @[1109322.720659] (airportProcessCommand.m:1715) Processed events, count[  1], @[1109322.720636], took 0.000018
Thu May 15 00:52:09.737 [airport]/579 @[1109322.720702] (airportProcessCommand.m:1715) Processed events, count[  1], @[1109322.720683], took 0.000013
Thu May 15 01:09:19.545 [airport]/579 @[1110352.523469] (configdIODriverInterface.m:4687) caps = CPU Net Disk Early , connection[0x6ac0492c0] token[0x00000000] capabilties[0x00008019], description:'DarkWake:cpu disk net ', lastSleepType[0x00000007]/'Deep Idle', hibernateStateFound[1] hibernateState[0x00000000/0] hibernateMode[0x00000003/3]
Thu May 15 01:09:19.549 [airport]/579 @[1110352.527722] (configdIODriverInterface.m:4784) Acknowledging sleep event, connection[0x6ac0492c0] token[0x00000000]
Thu May 15 01:09:19.557 [airport]/579 @[1110352.535448] (airportProcessCommand.m:1715) Processed events, count[  2], @[1110352.535267], took 0.000173
Thu May 15 01:09:19.557 [airport]/579 @[1110352.535907] (airportProcessCommand.m:1715) Processed events, count[  1], @[1110352.535876], took 0.000024
Thu May 15 01:09:19.557 [airport]/579 @[1110352.536052] (airportProcessCommand.m:1715) Processed events, count[  1], @[1110352.536027], took 0.000019
Thu May 15 01:09:19.557 [airport]/579 @[1110352.536235] (airportProcessCommand.m:1715) Processed events, count[  1], @[1110352.536214], took 0.000015
Thu May 15 01:09:19.558 [airport]/579 @[1110352.536544] (airportProcessCommand.m:1715) Processed events, count[  1], @[1110352.536523], took 0.000015
Thu May 15 01:09:19.558 [airport]/579 @[1110352.536817] (airportProcessCommand.m:1715) Processed events, count[  1], @[1110352.536796], took 0.000016
Thu May 15 01:09:19.558 [airport]/579 @[1110352.537043] (airportProcessCommand.m:1715) Processed events, count[  1], @[1110352.537018], took 0.000019
Thu May 15 01:09:19.558 [airport]/579 @[1110352.537340] (airportProcessCommand.m:1715) Processed events, count[  1], @[1110352.537320], took 0.000015
Thu May 15 01:09:19.559 [airport]/579 @[1110352.537537] (airportProcessCommand.m:1715) Processed events, count[  1], @[1110352.537516], took 0.000016
Thu May 15 01:09:19.559 [airport]/579 @[1110352.537682] (airportProcessCommand.m:1715) Processed events, count[  1], @[1110352.537662], took 0.000015
Thu May 15 01:09:19.559 [airport]/579 @[1110352.537851] (airportProcessCommand.m:1715) Processed events, count[  1], @[1110352.537831], took 0.000015
Thu May 15 01:09:19.559 [airport]/579 @[1110352.538005] (airportProcessCommand.m:1715) Processed events, count[  1], @[1110352.537977], took 0.000016
Thu May 15 01:09:19.559 [airport]/579 @[1110352.538158] (airportProcessCommand.m:1715) Processed events, count[  1], @[1110352.538137], took 0.000015
Thu May 15 01:09:19.560 [airport]/579 @[1110352.539087] (airportProcessCommand.m:1715) Processed events, count[  1], @[1110352.538360], took 0.000720
Thu May 15 01:09:19.560 [airport]/579 @[1110352.539182] (airportProcessCommand.m:1715) Processed events, count[  1], @[1110352.539163], took 0.000014
Thu May 15 01:09:19.560 [airport]/579 @[1110352.539217] (airportProcessCommand.m:1715) Processed events, count[  1], @[1110352.539201], took 0.000012
Thu May 15 01:09:19.560 [airport]/579 @[1110352.539250] (airportProcessCommand.m:1715) Processed events, count[  1], @[1110352.539233], took 0.000012
Thu May 15 01:09:19.560 [airport]/579 @[1110352.539281] (airportProcessCommand.m:1715) Processed events, count[  1], @[1110352.539265], took 0.000012
Thu May 15 01:09:19.560 [airport]/579 @[1110352.539313] (airportProcessCommand.m:1715) Processed events, count[  1], @[1110352.539296], took 0.000012
Thu May 15 01:09:19.561 [airport]/579 @[1110352.539431] (airportProcessCommand.m:1715) Processed events, count[  1], @[1110352.539412], took 0.000014
Thu May 15 01:09:19.561 [airport]/579 @[1110352.539656] (airportProcessCommand.m:1715) Processed events, count[  2], @[1110352.539618], took 0.000033
Thu May 15 01:09:19.561 [airport]/579 @[1110352.539811] (airportProcessCommand.m:1715) Processed events, count[  1], @[1110352.539792], took 0.000014
Thu May 15 01:09:19.561 [airport]/579 @[1110352.540007] (airportProcessCommand.m:1715) Processed events, count[  1], @[1110352.539989], took 0.000013
Thu May 15 01:09:19.561 [airport]/579 @[1110352.540143] (airportProcessCommand.m:1715) Processed events, count[  1], @[1110352.540125], took 0.000013
Thu May 15 01:09:19.561 [airport]/579 @[1110352.540272] (airportProcessCommand.m:1715) Processed events, count[  1], @[1110352.540254], took 0.000013
Thu May 15 01:09:19.562 [airport]/579 @[1110352.540412] (airportProcessCommand.m:1715) Processed events, count[  1], @[1110352.540384], took 0.000022
Thu May 15 01:09:19.562 [airport]/579 @[1110352.540584] (airportProcessCommand.m:1715) Processed events, count[  1], @[1110352.540564], took 0.000015
Thu May 15 01:09:19.562 [airport]/579 @[1110352.541043] (airportProcessCommand.m:1715) Processed events, count[  1], @[1110352.540698], took 0.000339
Thu May 15 01:09:19.562 [airport]/579 @[1110352.541125] (airportProcessCommand.m:1715) Processed events, count[  1], @[1110352.541105], took 0.000014
Thu May 15 01:09:19.562 [airport]/579 @[1110352.541162] (airportProcessCommand.m:1715) Processed events, count[  1], @[1110352.541145], took 0.000012
Thu May 15 01:09:19.562 [airport]/579 @[1110352.541269] (airportProcessCommand.m:1715) Processed events, count[  1], @[1110352.541210], took 0.000054
Thu May 15 01:09:19.563 [airport]/579 @[1110352.541456] (airportProcessCommand.m:1715) Processed events, count[  1], @[1110352.541433], took 0.000016
Thu May 15 01:09:19.563 [airport]/579 @[1110352.541599] (airportProcessCommand.m:1715) Processed events, count[  1], @[1110352.541579], took 0.000015
Thu May 15 01:09:19.563 [airport]/579 @[1110352.541745] (airportProcessCommand.m:1715) Processed events, count[  1], @[1110352.541727], took 0.000013
Thu May 15 01:09:19.752 [airport]/579 @[1110352.731193] (configdIODriverInterface.m:4687) caps = CPU Net Disk , connection[0x6ac0492c0] token[0x00000000] capabilties[0x000000b9], description:'DarkWake:cpu disk net push ', lastSleepType[0x00000007]/'Deep Idle', hibernateStateFound[1] hibernateState[0x00000000/0] hibernateMode[0x00000003/3]
Thu May 15 01:09:19.758 [airport]/579 @[1110352.737512] (configdIODriverInterface.m:4784) Acknowledging sleep event, connection[0x6ac0492c0] token[0x00000000]
Thu May 15 01:09:19.963 [airport]/579 @[1110352.941822] (configdIODriverInterface.m:1377) driver available (reason=0xe0821803, subreason=0x0, flags=0x0), node:isDriverAvailable=0
Thu May 15 01:09:20.066 Usb Host Notification Apple80211Set: seqNum 3245 Total 0 chg 0 en0
Thu May 15 01:09:20.068 Usb Host Notification metrics: usbChange=0, count=0, noiseDelta=0
Thu May 15 01:09:20.115 Usb Host Notification Apple80211Set: seqNum 3246 Total 0 chg 0 en0
Thu May 15 01:09:20.117 Usb Host Notification metrics: usbChange=0, count=0, noiseDelta=0
Thu May 15 01:09:20.163 [airport]/579 @[1110353.142359] (airportProcessCommand.m:1715) Processed events, count[ 19], @[1110353.140172], took 0.002166
Thu May 15 01:09:21.761 [airport]/579 @[1110354.741661] (configdIODriverInterface.m:4687) caps = , connection[0x6ac0492c0] token[0x04ae000d] capabilties[0x00000000], description:'Sleep:<off> ', lastSleepType[0x00000007]/'Deep Idle', hibernateStateFound[1] hibernateState[0x00000000/0] hibernateMode[0x00000003/3]
Thu May 15 01:09:21.766 [airport]/579 @[1110354.746614] (configdIODriverInterface.m:4375) <en0> Scan offloads will be ENABLED (lpas_supported=yes, softap=disabled, wow=disabled, tcpka=active, allow_unassoc_wakes=yes, allow_disconn_sleeps=yes, aj_disabled=no, scan_offload_disabled_until=(null))
Thu May 15 01:09:21.783 [airport]/579 @[1110354.763484] (configdIODriverInterface.m:4450) <en0> Successfully configured scan offloads, aj_disabled=no, PNO count[4]
Thu May 15 01:09:21.784 [airport]/579 @[1110354.764462] (configdIODriverInterface.m:3826) Acknowledging sleep event, connection[0x6ac0492c0] token[0x04ae000d], gPMConnection[0x6ac0492c0]
Thu May 15 01:09:24.619 [airport]/579 @[1110357.601149] (configdIODriverInterface.m:1377) driver unavailable (reason=0xe0821804, subreason=0x0, flags=0x0), node:isDriverAvailable=1
Thu May 15 01:09:24.621 Usb Host Notification Error Apple80211Set: Device power is off seqNum 3247 Total 0 chg 0 en0
Thu May 15 01:09:24.631 [airport]/579 @[1110357.613286] (airportProcessCommand.m:1715) Processed events, count[  2], @[1110357.613213], took 0.000060
Thu May 15 01:09:24.631 [airport]/579 @[1110357.613830] (airportProcessCommand.m:1715) Processed events, count[  1], @[1110357.613779], took 0.000038
Thu May 15 01:09:24.632 [airport]/579 @[1110357.614433] (airportProcessCommand.m:1715) Processed events, count[  1], @[1110357.614387], took 0.000034
Thu May 15 01:09:24.632 [airport]/579 @[1110357.614635] (airportProcessCommand.m:1715) Processed events, count[  1], @[1110357.614591], took 0.000033
Thu May 15 01:09:24.633 [airport]/579 @[1110357.615484] (airportProcessCommand.m:1715) Processed events, count[  1], @[1110357.615442], took 0.000032
Thu May 15 01:09:24.633 [airport]/579 @[1110357.615783] (airportProcessCommand.m:1715) Processed events, count[  1], @[1110357.615725], took 0.000044
Thu May 15 01:09:24.634 [airport]/579 @[1110357.616352] (airportProcessCommand.m:1715) Processed events, count[  1], @[1110357.616313], took 0.000029
Thu May 15 01:09:24.635 [airport]/579 @[1110357.617103] (airportProcessCommand.m:1715) Processed events, count[  1], @[1110357.617065], took 0.000028
Thu May 15 01:09:24.635 [airport]/579 @[1110357.617540] (airportProcessCommand.m:1715) Processed events, count[  1], @[1110357.617514], took 0.000015
Thu May 15 01:09:24.635 [airport]/579 @[1110357.617784] (airportProcessCommand.m:1715) Processed events, count[  1], @[1110357.617762], took 0.000017
Thu May 15 01:09:24.636 [airport]/579 @[1110357.618723] (airportProcessCommand.m:1715) Processed events, count[  1], @[1110357.618140], took 0.000574
Thu May 15 01:09:24.636 [airport]/579 @[1110357.618809] (airportProcessCommand.m:1715) Processed events, count[  1], @[1110357.618782], took 0.000020
Thu May 15 01:09:24.636 [airport]/579 @[1110357.618868] (airportProcessCommand.m:1715) Processed events, count[  1], @[1110357.618837], took 0.000024
Thu May 15 01:09:24.636 [airport]/579 @[1110357.618964] (airportProcessCommand.m:1715) Processed events, count[  1], @[1110357.618892], took 0.000064
Thu May 15 01:09:24.637 [airport]/579 @[1110357.619108] (airportProcessCommand.m:1715) Processed events, count[  1], @[1110357.619080], took 0.000021
Thu May 15 01:09:24.637 [airport]/579 @[1110357.619344] (airportProcessCommand.m:1715) Processed events, count[  1], @[1110357.619318], took 0.000020
Thu May 15 01:09:24.637 [airport]/579 @[1110357.619522] (airportProcessCommand.m:1715) Processed events, count[  1], @[1110357.619495], took 0.000021
Thu May 15 01:26:55.539 [airport]/579 @[1111408.516275] (configdIODriverInterface.m:4687) caps = CPU Net Disk Early , connection[0x6ac0492c0] token[0x00000000] capabilties[0x00008019], description:'DarkWake:cpu disk net ', lastSleepType[0x00000007]/'Deep Idle', hibernateStateFound[1] hibernateState[0x00000000/0] hibernateMode[0x00000003/3]
Thu May 15 01:26:55.546 [airport]/579 @[1111408.523084] (configdIODriverInterface.m:4784) Acknowledging sleep event, connection[0x6ac0492c0] token[0x00000000]
Thu May 15 01:26:55.554 [airport]/579 @[1111408.531292] (airportProcessCommand.m:1715) Processed events, count[  2], @[1111408.531224], took 0.000061
Thu May 15 01:26:55.554 [airport]/579 @[1111408.531878] (airportProcessCommand.m:1715) Processed events, count[  1], @[1111408.531855], took 0.000018
Thu May 15 01:26:55.555 [airport]/579 @[1111408.532062] (airportProcessCommand.m:1715) Processed events, count[  1], @[1111408.532040], took 0.000016
Thu May 15 01:26:55.555 [airport]/579 @[1111408.532281] (airportProcessCommand.m:1715) Processed events, count[  1], @[1111408.532262], took 0.000014
Thu May 15 01:26:55.555 [airport]/579 @[1111408.532572] (airportProcessCommand.m:1715) Processed events, count[  1], @[1111408.532549], took 0.000018
Thu May 15 01:26:55.555 [airport]/579 @[1111408.532842] (airportProcessCommand.m:1715) Processed events, count[  1], @[1111408.532824], took 0.000013
Thu May 15 01:26:55.556 [airport]/579 @[1111408.533056] (airportProcessCommand.m:1715) Processed events, count[  1], @[1111408.533031], took 0.000019
Thu May 15 01:26:55.556 [airport]/579 @[1111408.533251] (airportProcessCommand.m:1715) Processed events, count[  1], @[1111408.533230], took 0.000016
Thu May 15 01:26:55.556 [airport]/579 @[1111408.533428] (airportProcessCommand.m:1715) Processed events, count[  1], @[1111408.533403], took 0.000020
Thu May 15 01:26:55.556 [airport]/579 @[1111408.533606] (airportProcessCommand.m:1715) Processed events, count[  1], @[1111408.533582], took 0.000018
Thu May 15 01:26:55.556 [airport]/579 @[1111408.533754] (airportProcessCommand.m:1715) Processed events, count[  1], @[1111408.533733], took 0.000015
Thu May 15 01:26:55.556 [airport]/579 @[1111408.533911] (airportProcessCommand.m:1715) Processed events, count[  1], @[1111408.533891], took 0.000015
Thu May 15 01:26:55.557 [airport]/579 @[1111408.534091] (airportProcessCommand.m:1715) Processed events, count[  1], @[1111408.534067], took 0.000019
Thu May 15 01:26:55.557 [airport]/579 @[1111408.534209] (airportProcessCommand.m:1715) Processed events, count[  1], @[1111408.534189], took 0.000015
Thu May 15 01:26:55.557 [airport]/579 @[1111408.534380] (airportProcessCommand.m:1715) Processed events, count[  1], @[1111408.534360], took 0.000015
Thu May 15 01:26:55.557 [airport]/579 @[1111408.534530] (airportProcessCommand.m:1715) Processed events, count[  1], @[1111408.534511], took 0.000014
Thu May 15 01:26:55.558 [airport]/579 @[1111408.535330] (airportProcessCommand.m:1715) Processed events, count[  1], @[1111408.534661], took 0.000662
Thu May 15 01:26:55.558 [airport]/579 @[1111408.535419] (airportProcessCommand.m:1715) Processed events, count[  1], @[1111408.535399], took 0.000014
Thu May 15 01:26:55.558 [airport]/579 @[1111408.535461] (airportProcessCommand.m:1715) Processed events, count[  1], @[1111408.535439], took 0.000017
Thu May 15 01:26:55.558 [airport]/579 @[1111408.535494] (airportProcessCommand.m:1715) Processed events, count[  1], @[1111408.535477], took 0.000012
Thu May 15 01:26:55.558 [airport]/579 @[1111408.535525] (airportProcessCommand.m:1715) Processed events, count[  1], @[1111408.535509], took 0.000011
Thu May 15 01:26:55.558 [airport]/579 @[1111408.535603] (airportProcessCommand.m:1715) Processed events, count[  1], @[1111408.535585], took 0.000013
Thu May 15 01:26:55.558 [airport]/579 @[1111408.535834] (airportProcessCommand.m:1715) Processed events, count[  2], @[1111408.535807], took 0.000022
Thu May 15 01:26:55.559 [airport]/579 @[1111408.536144] (airportProcessCommand.m:1715) Processed events, count[  1], @[1111408.536126], took 0.000013
Thu May 15 01:26:55.559 [airport]/579 @[1111408.536451] (airportProcessCommand.m:1715) Processed events, count[  2], @[1111408.536421], took 0.000025
Thu May 15 01:26:55.560 [airport]/579 @[1111408.537174] (airportProcessCommand.m:1715) Processed events, count[  1], @[1111408.536590], took 0.000577
Thu May 15 01:26:55.560 [airport]/579 @[1111408.537266] (airportProcessCommand.m:1715) Processed events, count[  1], @[1111408.537245], took 0.000015
Thu May 15 01:26:55.560 [airport]/579 @[1111408.537304] (airportProcessCommand.m:1715) Processed events, count[  1], @[1111408.537286], took 0.000013
Thu May 15 01:26:55.560 [airport]/579 @[1111408.537343] (airportProcessCommand.m:1715) Processed events, count[  1], @[1111408.537321], took 0.000018
Thu May 15 01:26:55.560 [airport]/579 @[1111408.537378] (airportProcessCommand.m:1715) Processed events, count[  1], @[1111408.537361], took 0.000012
Thu May 15 01:26:55.560 [airport]/579 @[1111408.537487] (airportProcessCommand.m:1715) Processed events, count[  1], @[1111408.537468], took 0.000015
Thu May 15 01:26:55.560 [airport]/579 @[1111408.537753] (airportProcessCommand.m:1715) Processed events, count[  1], @[1111408.537726], took 0.000017
Thu May 15 01:26:55.561 [airport]/579 @[1111408.538002] (airportProcessCommand.m:1715) Processed events, count[  1], @[1111408.537980], took 0.000017
Thu May 15 01:26:55.594 [airport]/579 @[1111408.571923] (airportdMain.m:1730) Health check alive, checkin@[1111408.571889], count[3884] 
Thu May 15 01:26:55.745 [airport]/579 @[1111408.722182] (configdIODriverInterface.m:4687) caps = CPU Net Disk , connection[0x6ac0492c0] token[0x00000000] capabilties[0x000000b9], description:'DarkWake:cpu disk net push ', lastSleepType[0x00000007]/'Deep Idle', hibernateStateFound[1] hibernateState[0x00000000/0] hibernateMode[0x00000003/3]
Thu May 15 01:26:55.750 [airport]/579 @[1111408.727932] (configdIODriverInterface.m:4784) Acknowledging sleep event, connection[0x6ac0492c0] token[0x00000000]
Thu May 15 01:26:55.911 [airport]/579 @[1111408.888454] (configdIODriverInterface.m:1377) driver available (reason=0xe0821803, subreason=0x0, flags=0x0), node:isDriverAvailable=0
Thu May 15 01:26:56.008 Usb Host Notification Apple80211Set: seqNum 3248 Total 0 chg 0 en0
Thu May 15 01:26:56.010 Usb Host Notification metrics: usbChange=0, count=0, noiseDelta=0
Thu May 15 01:26:56.071 Usb Host Notification Apple80211Set: seqNum 3249 Total 0 chg 0 en0
Thu May 15 01:26:56.074 Usb Host Notification metrics: usbChange=0, count=0, noiseDelta=0
Thu May 15 01:26:56.133 [airport]/579 @[1111409.110952] (airportProcessCommand.m:1715) Processed events, count[ 19], @[1111409.108011], took 0.002901
Thu May 15 01:26:57.769 [airport]/579 @[1111410.747524] (configdIODriverInterface.m:4687) caps = , connection[0x6ac0492c0] token[0x04af000d] capabilties[0x00000000], description:'Sleep:<off> ', lastSleepType[0x00000007]/'Deep Idle', hibernateStateFound[1] hibernateState[0x00000000/0] hibernateMode[0x00000003/3]
Thu May 15 01:26:57.774 [airport]/579 @[1111410.752108] (configdIODriverInterface.m:4375) <en0> Scan offloads will be ENABLED (lpas_supported=yes, softap=disabled, wow=disabled, tcpka=active, allow_unassoc_wakes=yes, allow_disconn_sleeps=yes, aj_disabled=no, scan_offload_disabled_until=(null))
Thu May 15 01:26:57.790 [airport]/579 @[1111410.768471] (configdIODriverInterface.m:4450) <en0> Successfully configured scan offloads, aj_disabled=no, PNO count[4]
Thu May 15 01:26:57.791 [airport]/579 @[1111410.769149] (configdIODriverInterface.m:3826) Acknowledging sleep event, connection[0x6ac0492c0] token[0x04af000d], gPMConnection[0x6ac0492c0]
Thu May 15 01:27:00.612 [airport]/579 @[1111413.591067] (configdIODriverInterface.m:1377) driver unavailable (reason=0xe0821804, subreason=0x0, flags=0x0), node:isDriverAvailable=1
Thu May 15 01:27:00.614 Usb Host Notification Error Apple80211Set: Device power is off seqNum 3250 Total 0 chg 0 en0
Thu May 15 01:27:00.626 [airport]/579 @[1111413.604854] (airportProcessCommand.m:1715) Processed events, count[  2], @[1111413.604759], took 0.000083
Thu May 15 01:27:00.626 [airport]/579 @[1111413.605310] (airportProcessCommand.m:1715) Processed events, count[  1], @[1111413.605271], took 0.000030
Thu May 15 01:27:00.627 [airport]/579 @[1111413.605772] (airportProcessCommand.m:1715) Processed events, count[  1], @[1111413.605722], took 0.000035
Thu May 15 01:27:00.627 [airport]/579 @[1111413.606190] (airportProcessCommand.m:1715) Processed events, count[  1], @[1111413.606132], took 0.000046
Thu May 15 01:27:00.628 [airport]/579 @[1111413.606666] (airportProcessCommand.m:1715) Processed events, count[  1], @[1111413.606626], took 0.000031
Thu May 15 01:27:00.628 [airport]/579 @[1111413.607025] (airportProcessCommand.m:1715) Processed events, count[  1], @[1111413.606988], took 0.000028
Thu May 15 01:27:00.629 [airport]/579 @[1111413.607645] (airportProcessCommand.m:1715) Processed events, count[  1], @[1111413.607571], took 0.000064
Thu May 15 01:27:00.629 [airport]/579 @[1111413.608285] (airportProcessCommand.m:1715) Processed events, count[  2], @[1111413.608125], took 0.000127
Thu May 15 01:27:00.630 [airport]/579 @[1111413.608588] (airportProcessCommand.m:1715) Processed events, count[  1], @[1111413.608565], took 0.000017
Thu May 15 01:27:00.630 [airport]/579 @[1111413.609154] (airportProcessCommand.m:1715) Processed events, count[  1], @[1111413.608696], took 0.000450
Thu May 15 01:27:00.630 [airport]/579 @[1111413.609249] (airportProcessCommand.m:1715) Processed events, count[  1], @[1111413.609227], took 0.000016
Thu May 15 01:27:00.630 [airport]/579 @[1111413.609289] (airportProcessCommand.m:1715) Processed events, count[  1], @[1111413.609272], took 0.000013
Thu May 15 01:27:00.631 [airport]/579 @[1111413.609371] (airportProcessCommand.m:1715) Processed events, count[  1], @[1111413.609346], took 0.000020
Thu May 15 01:27:00.631 [airport]/579 @[1111413.609662] (airportProcessCommand.m:1715) Processed events, count[  1], @[1111413.609622], took 0.000019
Thu May 15 01:27:00.631 [airport]/579 @[1111413.609930] (airportProcessCommand.m:1715) Processed events, count[  1], @[1111413.609902], took 0.000021
Thu May 15 01:27:00.631 [airport]/579 @[1111413.610165] (airportProcessCommand.m:1715) Processed events, count[  1], @[1111413.610138], took 0.000020
Thu May 15 01:43:42.546 [airport]/579 @[1112415.518135] (configdIODriverInterface.m:4687) caps = CPU Net Disk Early , connection[0x6ac0492c0] token[0x00000000] capabilties[0x00008019], description:'DarkWake:cpu disk net ', lastSleepType[0x00000007]/'Deep Idle', hibernateStateFound[1] hibernateState[0x00000000/0] hibernateMode[0x00000003/3]
Thu May 15 01:43:42.553 [airport]/579 @[1112415.524920] (configdIODriverInterface.m:4784) Acknowledging sleep event, connection[0x6ac0492c0] token[0x00000000]
Thu May 15 01:43:42.563 [airport]/579 @[1112415.535340] (airportProcessCommand.m:1715) Processed events, count[  2], @[1112415.535294], took 0.000039
Thu May 15 01:43:42.563 [airport]/579 @[1112415.535780] (airportProcessCommand.m:1715) Processed events, count[  1], @[1112415.535704], took 0.000069
Thu May 15 01:43:42.564 [airport]/579 @[1112415.536171] (airportProcessCommand.m:1715) Processed events, count[  1], @[1112415.536134], took 0.000031
Thu May 15 01:43:42.564 [airport]/579 @[1112415.536435] (airportProcessCommand.m:1715) Processed events, count[  1], @[1112415.536408], took 0.000019
Thu May 15 01:43:42.564 [airport]/579 @[1112415.536719] (airportProcessCommand.m:1715) Processed events, count[  1], @[1112415.536699], took 0.000014
Thu May 15 01:43:42.565 [airport]/579 @[1112415.536947] (airportProcessCommand.m:1715) Processed events, count[  1], @[1112415.536927], took 0.000015
Thu May 15 01:43:42.565 [airport]/579 @[1112415.537157] (airportProcessCommand.m:1715) Processed events, count[  1], @[1112415.537131], took 0.000020
Thu May 15 01:43:42.565 [airport]/579 @[1112415.537370] (airportProcessCommand.m:1715) Processed events, count[  1], @[1112415.537344], took 0.000021
Thu May 15 01:43:42.565 [airport]/579 @[1112415.537535] (airportProcessCommand.m:1715) Processed events, count[  1], @[1112415.537507], took 0.000024
Thu May 15 01:43:42.566 [airport]/579 @[1112415.537892] (airportProcessCommand.m:1715) Processed events, count[  1], @[1112415.537873], took 0.000013
Thu May 15 01:43:42.566 [airport]/579 @[1112415.538077] (airportProcessCommand.m:1715) Processed events, count[  1], @[1112415.538059], took 0.000013
Thu May 15 01:43:42.566 [airport]/579 @[1112415.538248] (airportProcessCommand.m:1715) Processed events, count[  1], @[1112415.538220], took 0.000023
Thu May 15 01:43:42.566 [airport]/579 @[1112415.538387] (airportProcessCommand.m:1715) Processed events, count[  1], @[1112415.538370], took 0.000013
Thu May 15 01:43:42.566 [airport]/579 @[1112415.538504] (airportProcessCommand.m:1715) Processed events, count[  1], @[1112415.538483], took 0.000016
Thu May 15 01:43:42.566 [airport]/579 @[1112415.538644] (airportProcessCommand.m:1715) Processed events, count[  1], @[1112415.538625], took 0.000014
Thu May 15 01:43:42.566 [airport]/579 @[1112415.538818] (airportProcessCommand.m:1715) Processed events, count[  1], @[1112415.538798], took 0.000014
Thu May 15 01:43:42.567 [airport]/579 @[1112415.539599] (airportProcessCommand.m:1715) Processed events, count[  1], @[1112415.538940], took 0.000647
Thu May 15 01:43:42.567 [airport]/579 @[1112415.539697] (airportProcessCommand.m:1715) Processed events, count[  1], @[1112415.539675], took 0.000017
Thu May 15 01:43:42.567 [airport]/579 @[1112415.539735] (airportProcessCommand.m:1715) Processed events, count[  1], @[1112415.539718], took 0.000012
Thu May 15 01:43:42.567 [airport]/579 @[1112415.539768] (airportProcessCommand.m:1715) Processed events, count[  1], @[1112415.539751], took 0.000012
Thu May 15 01:43:42.567 [airport]/579 @[1112415.539825] (airportProcessCommand.m:1715) Processed events, count[  1], @[1112415.539808], took 0.000012
Thu May 15 01:43:42.568 [airport]/579 @[1112415.540148] (airportProcessCommand.m:1715) Processed events, count[  1], @[1112415.540126], took 0.000016
Thu May 15 01:43:42.568 [airport]/579 @[1112415.540735] (airportProcessCommand.m:1715) Processed events, count[  2], @[1112415.540706], took 0.000024
Thu May 15 01:43:42.569 [airport]/579 @[1112415.541647] (airportProcessCommand.m:1715) Processed events, count[  4], @[1112415.540922], took 0.000718
Thu May 15 01:43:42.569 [airport]/579 @[1112415.541765] (airportProcessCommand.m:1715) Processed events, count[  1], @[1112415.541722], took 0.000038
Thu May 15 01:43:42.569 [airport]/579 @[1112415.541807] (airportProcessCommand.m:1715) Processed events, count[  1], @[1112415.541785], took 0.000017
Thu May 15 01:43:42.569 [airport]/579 @[1112415.541845] (airportProcessCommand.m:1715) Processed events, count[  1], @[1112415.541823], took 0.000016
Thu May 15 01:43:42.570 [airport]/579 @[1112415.541961] (airportProcessCommand.m:1715) Processed events, count[  1], @[1112415.541941], took 0.000015
Thu May 15 01:43:42.570 [airport]/579 @[1112415.542145] (airportProcessCommand.m:1715) Processed events, count[  1], @[1112415.542126], took 0.000014
Thu May 15 01:43:42.570 [airport]/579 @[1112415.542293] (airportProcessCommand.m:1715) Processed events, count[  1], @[1112415.542273], took 0.000014
Thu May 15 01:43:42.570 [airport]/579 @[1112415.542552] (airportProcessCommand.m:1715) Processed events, count[  1], @[1112415.542531], took 0.000016
Thu May 15 01:43:42.776 [airport]/579 @[1112415.748256] (configdIODriverInterface.m:4687) caps = CPU Net Disk , connection[0x6ac0492c0] token[0x00000000] capabilties[0x000000b9], description:'DarkWake:cpu disk net push ', lastSleepType[0x00000007]/'Deep Idle', hibernateStateFound[1] hibernateState[0x00000000/0] hibernateMode[0x00000003/3]
Thu May 15 01:43:42.784 [airport]/579 @[1112415.755976] (configdIODriverInterface.m:4784) Acknowledging sleep event, connection[0x6ac0492c0] token[0x00000000]
Thu May 15 01:43:42.974 [airport]/579 @[1112415.946409] (configdIODriverInterface.m:1377) driver available (reason=0xe0821803, subreason=0x0, flags=0x0), node:isDriverAvailable=0
Thu May 15 01:43:43.071 Usb Host Notification Apple80211Set: seqNum 3251 Total 0 chg 0 en0
Thu May 15 01:43:43.073 Usb Host Notification metrics: usbChange=0, count=0, noiseDelta=0
Thu May 15 01:43:43.137 Usb Host Notification Apple80211Set: seqNum 3252 Total 0 chg 0 en0
Thu May 15 01:43:43.148 Usb Host Notification metrics: usbChange=0, count=0, noiseDelta=0
Thu May 15 01:43:43.190 [airport]/579 @[1112416.162881] (airportProcessCommand.m:1715) Processed events, count[ 19], @[1112416.161686], took 0.001177
Thu May 15 01:43:44.796 [airport]/579 @[1112417.768344] (configdIODriverInterface.m:4687) caps = , connection[0x6ac0492c0] token[0x04b0000d] capabilties[0x00000000], description:'Sleep:<off> ', lastSleepType[0x00000007]/'Deep Idle', hibernateStateFound[1] hibernateState[0x00000000/0] hibernateMode[0x00000003/3]
Thu May 15 01:43:44.803 [airport]/579 @[1112417.774971] (configdIODriverInterface.m:4375) <en0> Scan offloads will be ENABLED (lpas_supported=yes, softap=disabled, wow=disabled, tcpka=active, allow_unassoc_wakes=yes, allow_disconn_sleeps=yes, aj_disabled=no, scan_offload_disabled_until=(null))
Thu May 15 01:43:44.820 [airport]/579 @[1112417.792458] (configdIODriverInterface.m:4450) <en0> Successfully configured scan offloads, aj_disabled=no, PNO count[4]
Thu May 15 01:43:44.821 [airport]/579 @[1112417.793169] (configdIODriverInterface.m:3826) Acknowledging sleep event, connection[0x6ac0492c0] token[0x04b0000d], gPMConnection[0x6ac0492c0]
Thu May 15 01:43:47.622 [airport]/579 @[1112420.593954] (configdIODriverInterface.m:1377) driver unavailable (reason=0xe0821804, subreason=0x0, flags=0x0), node:isDriverAvailable=1
Thu May 15 01:43:47.625 Usb Host Notification Error Apple80211Set: Device power is off seqNum 3253 Total 0 chg 0 en0
Thu May 15 01:43:47.633 [airport]/579 @[1112420.604737] (airportProcessCommand.m:1715) Processed events, count[  2], @[1112420.604633], took 0.000088
Thu May 15 01:43:47.634 [airport]/579 @[1112420.605918] (airportProcessCommand.m:1715) Processed events, count[  1], @[1112420.605751], took 0.000152
Thu May 15 01:43:47.635 [airport]/579 @[1112420.606304] (airportProcessCommand.m:1715) Processed events, count[  1], @[1112420.606242], took 0.000049
Thu May 15 01:43:47.636 [airport]/579 @[1112420.607411] (airportProcessCommand.m:1715) Processed events, count[  1], @[1112420.607168], took 0.000226
Thu May 15 01:43:47.636 [airport]/579 @[1112420.607989] (airportProcessCommand.m:1715) Processed events, count[  1], @[1112420.607915], took 0.000057
Thu May 15 01:43:47.637 [airport]/579 @[1112420.608400] (airportProcessCommand.m:1715) Processed events, count[  1], @[1112420.608247], took 0.000140
Thu May 15 01:43:47.637 [airport]/579 @[1112420.608642] (airportProcessCommand.m:1715) Processed events, count[  1], @[1112420.608607], took 0.000026
Thu May 15 01:43:47.637 [airport]/579 @[1112420.609136] (airportProcessCommand.m:1715) Processed events, count[  1], @[1112420.609090], took 0.000036
Thu May 15 01:43:47.638 [airport]/579 @[1112420.609336] (airportProcessCommand.m:1715) Processed events, count[  1], @[1112420.609293], took 0.000032
Thu May 15 01:43:47.638 [airport]/579 @[1112420.609812] (airportProcessCommand.m:1715) Processed events, count[  1], @[1112420.609772], took 0.000030
Thu May 15 01:43:47.639 [airport]/579 @[1112420.611143] (airportProcessCommand.m:1715) Processed events, count[  1], @[1112420.610607], took 0.000528
Thu May 15 01:43:47.640 [airport]/579 @[1112420.611332] (airportProcessCommand.m:1715) Processed events, count[  2], @[1112420.611290], took 0.000037
Thu May 15 01:43:47.640 [airport]/579 @[1112420.611398] (airportProcessCommand.m:1715) Processed events, count[  1], @[1112420.611371], took 0.000019
Thu May 15 01:43:47.640 [airport]/579 @[1112420.611596] (airportProcessCommand.m:1715) Processed events, count[  1], @[1112420.611539], took 0.000046
Thu May 15 01:43:47.640 [airport]/579 @[1112420.612034] (airportProcessCommand.m:1715) Processed events, count[  1], @[1112420.611992], took 0.000033
Thu May 15 01:43:47.641 [airport]/579 @[1112420.612327] (airportProcessCommand.m:1715) Processed events, count[  1], @[1112420.612289], took 0.000029
Thu May 15 02:00:43.556 [airport]/579 @[1113436.519312] (configdIODriverInterface.m:4687) caps = CPU Net Disk Early , connection[0x6ac0492c0] token[0x00000000] capabilties[0x00008019], description:'DarkWake:cpu disk net ', lastSleepType[0x00000007]/'Deep Idle', hibernateStateFound[1] hibernateState[0x00000000/0] hibernateMode[0x00000003/3]
Thu May 15 02:00:43.563 [airport]/579 @[1113436.526845] (configdIODriverInterface.m:4784) Acknowledging sleep event, connection[0x6ac0492c0] token[0x00000000]
Thu May 15 02:00:43.574 [airport]/579 @[1113436.537559] (airportProcessCommand.m:1715) Processed events, count[  2], @[1113436.537515], took 0.000038
Thu May 15 02:00:43.574 [airport]/579 @[1113436.537889] (airportProcessCommand.m:1715) Processed events, count[  1], @[1113436.537869], took 0.000015
Thu May 15 02:00:43.574 [airport]/579 @[1113436.538087] (airportProcessCommand.m:1715) Processed events, count[  1], @[1113436.538062], took 0.000019
Thu May 15 02:00:43.575 [airport]/579 @[1113436.538395] (airportProcessCommand.m:1715) Processed events, count[  1], @[1113436.538373], took 0.000017
Thu May 15 02:00:43.575 [airport]/579 @[1113436.538619] (airportProcessCommand.m:1715) Processed events, count[  2], @[1113436.538591], took 0.000023
Thu May 15 02:00:43.575 [airport]/579 @[1113436.538801] (airportProcessCommand.m:1715) Processed events, count[  1], @[1113436.538781], took 0.000015
Thu May 15 02:00:43.575 [airport]/579 @[1113436.539015] (airportProcessCommand.m:1715) Processed events, count[  1], @[1113436.538990], took 0.000020
Thu May 15 02:00:43.575 [airport]/579 @[1113436.539144] (airportProcessCommand.m:1715) Processed events, count[  1], @[1113436.539125], took 0.000014
Thu May 15 02:00:43.576 [airport]/579 @[1113436.539314] (airportProcessCommand.m:1715) Processed events, count[  1], @[1113436.539295], took 0.000014
Thu May 15 02:00:43.576 [airport]/579 @[1113436.539494] (airportProcessCommand.m:1715) Processed events, count[  1], @[1113436.539475], took 0.000014
Thu May 15 02:00:43.576 [airport]/579 @[1113436.539622] (airportProcessCommand.m:1715) Processed events, count[  1], @[1113436.539603], took 0.000013
Thu May 15 02:00:43.576 [airport]/579 @[1113436.539749] (airportProcessCommand.m:1715) Processed events, count[  1], @[1113436.539731], took 0.000013
Thu May 15 02:00:43.576 [airport]/579 @[1113436.539899] (airportProcessCommand.m:1715) Processed events, count[  1], @[1113436.539873], took 0.000021
Thu May 15 02:00:43.576 [airport]/579 @[1113436.540052] (airportProcessCommand.m:1715) Processed events, count[  1], @[1113436.540033], took 0.000014
Thu May 15 02:00:43.577 [airport]/579 @[1113436.540816] (airportProcessCommand.m:1715) Processed events, count[  1], @[1113436.540170], took 0.000639
Thu May 15 02:00:43.577 [airport]/579 @[1113436.540907] (airportProcessCommand.m:1715) Processed events, count[  1], @[1113436.540887], took 0.000015
Thu May 15 02:00:43.577 [airport]/579 @[1113436.540953] (airportProcessCommand.m:1715) Processed events, count[  1], @[1113436.540930], took 0.000018
Thu May 15 02:00:43.577 [airport]/579 @[1113436.540987] (airportProcessCommand.m:1715) Processed events, count[  1], @[1113436.540970], took 0.000012
Thu May 15 02:00:43.577 [airport]/579 @[1113436.541018] (airportProcessCommand.m:1715) Processed events, count[  1], @[1113436.541002], took 0.000011
Thu May 15 02:00:43.577 [airport]/579 @[1113436.541093] (airportProcessCommand.m:1715) Processed events, count[  1], @[1113436.541075], took 0.000013
Thu May 15 02:00:43.578 [airport]/579 @[1113436.541294] (airportProcessCommand.m:1715) Processed events, count[  2], @[1113436.541260], took 0.000025
Thu May 15 02:00:43.578 [airport]/579 @[1113436.541414] (airportProcessCommand.m:1715) Processed events, count[  1], @[1113436.541396], took 0.000013
Thu May 15 02:00:43.578 [airport]/579 @[1113436.541653] (airportProcessCommand.m:1715) Processed events, count[  1], @[1113436.541635], took 0.000013
Thu May 15 02:00:43.578 [airport]/579 @[1113436.542084] (airportProcessCommand.m:1715) Processed events, count[  2], @[1113436.542050], took 0.000029
Thu May 15 02:00:43.579 [airport]/579 @[1113436.542679] (airportProcessCommand.m:1715) Processed events, count[  2], @[1113436.542291], took 0.000382
Thu May 15 02:00:43.579 [airport]/579 @[1113436.542941] (airportProcessCommand.m:1715) Processed events, count[  1], @[1113436.542731], took 0.000203
Thu May 15 02:00:43.579 [airport]/579 @[1113436.542993] (airportProcessCommand.m:1715) Processed events, count[  1], @[1113436.542975], took 0.000014
Thu May 15 02:00:43.579 [airport]/579 @[1113436.543063] (airportProcessCommand.m:1715) Processed events, count[  1], @[1113436.543044], took 0.000014
Thu May 15 02:00:43.579 [airport]/579 @[1113436.543184] (airportProcessCommand.m:1715) Processed events, count[  1], @[1113436.543166], took 0.000013
Thu May 15 02:00:43.580 [airport]/579 @[1113436.543331] (airportProcessCommand.m:1715) Processed events, count[  1], @[1113436.543313], took 0.000013
Thu May 15 02:00:43.580 [airport]/579 @[1113436.543466] (airportProcessCommand.m:1715) Processed events, count[  1], @[1113436.543445], took 0.000016
Thu May 15 02:00:43.779 [airport]/579 @[1113436.742330] (configdIODriverInterface.m:4687) caps = CPU Net Disk , connection[0x6ac0492c0] token[0x00000000] capabilties[0x000000b9], description:'DarkWake:cpu disk net push ', lastSleepType[0x00000007]/'Deep Idle', hibernateStateFound[1] hibernateState[0x00000000/0] hibernateMode[0x00000003/3]
Thu May 15 02:00:43.792 [airport]/579 @[1113436.755640] (configdIODriverInterface.m:4784) Acknowledging sleep event, connection[0x6ac0492c0] token[0x00000000]
Thu May 15 02:00:43.930 [airport]/579 @[1113436.893733] (configdIODriverInterface.m:1377) driver available (reason=0xe0821803, subreason=0x0, flags=0x0), node:isDriverAvailable=0
Thu May 15 02:00:44.030 Usb Host Notification Apple80211Set: seqNum 3254 Total 0 chg 0 en0
Thu May 15 02:00:44.034 Usb Host Notification metrics: usbChange=0, count=0, noiseDelta=0
Thu May 15 02:00:44.089 Usb Host Notification Apple80211Set: seqNum 3255 Total 0 chg 0 en0
Thu May 15 02:00:44.090 Usb Host Notification metrics: usbChange=0, count=0, noiseDelta=0
Thu May 15 02:00:44.163 [airport]/579 @[1113437.126947] (airportProcessCommand.m:1715) Processed events, count[ 19], @[1113437.126291], took 0.000647
Thu May 15 02:00:45.802 [airport]/579 @[1113438.764718] (configdIODriverInterface.m:4687) caps = , connection[0x6ac0492c0] token[0x04b1000d] capabilties[0x00000000], description:'Sleep:<off> ', lastSleepType[0x00000007]/'Deep Idle', hibernateStateFound[1] hibernateState[0x00000000/0] hibernateMode[0x00000003/3]
Thu May 15 02:00:45.812 [airport]/579 @[1113438.775484] (configdIODriverInterface.m:4375) <en0> Scan offloads will be ENABLED (lpas_supported=yes, softap=disabled, wow=disabled, tcpka=active, allow_unassoc_wakes=yes, allow_disconn_sleeps=yes, aj_disabled=no, scan_offload_disabled_until=(null))
Thu May 15 02:00:45.830 [airport]/579 @[1113438.793317] (configdIODriverInterface.m:4450) <en0> Successfully configured scan offloads, aj_disabled=no, PNO count[4]
Thu May 15 02:00:45.831 [airport]/579 @[1113438.794546] (configdIODriverInterface.m:3826) Acknowledging sleep event, connection[0x6ac0492c0] token[0x04b1000d], gPMConnection[0x6ac0492c0]
Thu May 15 02:00:48.632 [airport]/579 @[1113441.594657] (configdIODriverInterface.m:1377) driver unavailable (reason=0xe0821804, subreason=0x0, flags=0x0), node:isDriverAvailable=1
Thu May 15 02:00:48.635 Usb Host Notification Error Apple80211Set: Device power is off seqNum 3256 Total 0 chg 0 en0
Thu May 15 02:00:48.644 [airport]/579 @[1113441.605993] (airportProcessCommand.m:1715) Processed events, count[  2], @[1113441.605935], took 0.000043
Thu May 15 02:00:48.644 [airport]/579 @[1113441.606612] (airportProcessCommand.m:1715) Processed events, count[  1], @[1113441.606584], took 0.000021
Thu May 15 02:00:48.646 [airport]/579 @[1113441.607970] (airportProcessCommand.m:1715) Processed events, count[  1], @[1113441.607927], took 0.000034
Thu May 15 02:00:48.647 [airport]/579 @[1113441.609206] (airportProcessCommand.m:1715) Processed events, count[  1], @[1113441.608758], took 0.000440
Thu May 15 02:00:48.647 [airport]/579 @[1113441.609318] (airportProcessCommand.m:1715) Processed events, count[  1], @[1113441.609291], took 0.000021
Thu May 15 02:00:48.648 [airport]/579 @[1113441.610288] (airportProcessCommand.m:1715) Processed events, count[  1], @[1113441.609765], took 0.000208
Thu May 15 02:00:48.648 [airport]/579 @[1113441.610608] (airportProcessCommand.m:1715) Processed events, count[  1], @[1113441.610583], took 0.000019
Thu May 15 02:00:48.649 [airport]/579 @[1113441.610751] (airportProcessCommand.m:1715) Processed events, count[  1], @[1113441.610732], took 0.000014
Thu May 15 02:00:48.649 [airport]/579 @[1113441.611147] (airportProcessCommand.m:1715) Processed events, count[  1], @[1113441.611125], took 0.000017
Thu May 15 02:00:48.649 [airport]/579 @[1113441.611331] (airportProcessCommand.m:1715) Processed events, count[  1], @[1113441.611304], took 0.000014
Thu May 15 02:00:48.650 [airport]/579 @[1113441.612199] (airportProcessCommand.m:1715) Processed events, count[  1], @[1113441.611600], took 0.000593
Thu May 15 02:00:48.650 [airport]/579 @[1113441.612274] (airportProcessCommand.m:1715) Processed events, count[  1], @[1113441.612254], took 0.000014
Thu May 15 02:00:48.650 [airport]/579 @[1113441.612312] (airportProcessCommand.m:1715) Processed events, count[  1], @[1113441.612296], took 0.000012
Thu May 15 02:00:48.650 [airport]/579 @[1113441.612520] (airportProcessCommand.m:1715) Processed events, count[  1], @[1113441.612493], took 0.000021
Thu May 15 02:00:48.650 [airport]/579 @[1113441.612734] (airportProcessCommand.m:1715) Processed events, count[  1], @[1113441.612710], took 0.000018
Thu May 15 02:00:48.651 [airport]/579 @[1113441.613035] (airportProcessCommand.m:1715) Processed events, count[  1], @[1113441.613010], took 0.000018
Thu May 15 02:00:48.651 [airport]/579 @[1113441.613169] (airportProcessCommand.m:1715) Processed events, count[  1], @[1113441.613148], took 0.000015
Thu May 15 02:16:49.576 [airport]/579 @[1114402.529396] (configdIODriverInterface.m:4687) caps = CPU Net Disk Early , connection[0x6ac0492c0] token[0x00000000] capabilties[0x00008019], description:'DarkWake:cpu disk net ', lastSleepType[0x00000007]/'Deep Idle', hibernateStateFound[1] hibernateState[0x00000000/0] hibernateMode[0x00000003/3]
Thu May 15 02:16:49.582 [airport]/579 @[1114402.536147] (configdIODriverInterface.m:4784) Acknowledging sleep event, connection[0x6ac0492c0] token[0x00000000]
Thu May 15 02:16:49.590 [airport]/579 @[1114402.543476] (airportProcessCommand.m:1715) Processed events, count[  2], @[1114402.543430], took 0.000036
Thu May 15 02:16:49.590 [airport]/579 @[1114402.543601] (airportProcessCommand.m:1715) Processed events, count[  1], @[1114402.543580], took 0.000015
Thu May 15 02:16:49.590 [airport]/579 @[1114402.544031] (airportProcessCommand.m:1715) Processed events, count[  1], @[1114402.544002], took 0.000022
Thu May 15 02:16:49.590 [airport]/579 @[1114402.544119] (airportProcessCommand.m:1715) Processed events, count[  1], @[1114402.544099], took 0.000015
Thu May 15 02:16:49.591 [airport]/579 @[1114402.544332] (airportProcessCommand.m:1715) Processed events, count[  1], @[1114402.544312], took 0.000015
Thu May 15 02:16:49.591 [airport]/579 @[1114402.544558] (airportProcessCommand.m:1715) Processed events, count[  1], @[1114402.544537], took 0.000016
Thu May 15 02:16:49.591 [airport]/579 @[1114402.544903] (airportProcessCommand.m:1715) Processed events, count[  1], @[1114402.544882], took 0.000016
Thu May 15 02:16:49.591 [airport]/579 @[1114402.545093] (airportProcessCommand.m:1715) Processed events, count[  2], @[1114402.545067], took 0.000021
Thu May 15 02:16:49.591 [airport]/579 @[1114402.545240] (airportProcessCommand.m:1715) Processed events, count[  1], @[1114402.545217], took 0.000017
Thu May 15 02:16:49.592 [airport]/579 @[1114402.545395] (airportProcessCommand.m:1715) Processed events, count[  1], @[1114402.545368], took 0.000022
Thu May 15 02:16:49.592 [airport]/579 @[1114402.545621] (airportProcessCommand.m:1715) Processed events, count[  1], @[1114402.545601], took 0.000015
Thu May 15 02:16:49.592 [airport]/579 @[1114402.545853] (airportProcessCommand.m:1715) Processed events, count[  1], @[1114402.545830], took 0.000018
Thu May 15 02:16:49.592 [airport]/579 @[1114402.546019] (airportProcessCommand.m:1715) Processed events, count[  1], @[1114402.545999], took 0.000015
Thu May 15 02:16:49.592 [airport]/579 @[1114402.546242] (airportProcessCommand.m:1715) Processed events, count[  1], @[1114402.546221], took 0.000016
Thu May 15 02:16:49.594 [airport]/579 @[1114402.547653] (airportProcessCommand.m:1715) Processed events, count[  1], @[1114402.546441], took 0.001191
Thu May 15 02:16:49.594 [airport]/579 @[1114402.547845] (airportProcessCommand.m:1715) Processed events, count[  1], @[1114402.547814], took 0.000019
Thu May 15 02:16:49.594 [airport]/579 @[1114402.548150] (airportProcessCommand.m:1715) Processed events, count[  1], @[1114402.547871], took 0.000273
Thu May 15 02:16:49.594 [airport]/579 @[1114402.548209] (airportProcessCommand.m:1715) Processed events, count[  1], @[1114402.548187], took 0.000017
Thu May 15 02:16:49.594 [airport]/579 @[1114402.548246] (airportProcessCommand.m:1715) Processed events, count[  1], @[1114402.548228], took 0.000013
Thu May 15 02:16:49.594 [airport]/579 @[1114402.548279] (airportProcessCommand.m:1715) Processed events, count[  1], @[1114402.548262], took 0.000012
Thu May 15 02:16:49.595 [airport]/579 @[1114402.548389] (airportProcessCommand.m:1715) Processed events, count[  1], @[1114402.548369], took 0.000015
Thu May 15 02:16:49.595 [airport]/579 @[1114402.548531] (airportProcessCommand.m:1715) Processed events, count[  1], @[1114402.548512], took 0.000014
Thu May 15 02:16:49.595 [airport]/579 @[1114402.548682] (airportProcessCommand.m:1715) Processed events, count[  1], @[1114402.548662], took 0.000015
Thu May 15 02:16:49.595 [airport]/579 @[1114402.548821] (airportProcessCommand.m:1715) Processed events, count[  1], @[1114402.548802], took 0.000015
Thu May 15 02:16:49.595 [airport]/579 @[1114402.548958] (airportProcessCommand.m:1715) Processed events, count[  1], @[1114402.548938], took 0.000015
Thu May 15 02:16:49.595 [airport]/579 @[1114402.549106] (airportProcessCommand.m:1715) Processed events, count[  1], @[1114402.549088], took 0.000013
Thu May 15 02:16:49.595 [airport]/579 @[1114402.549246] (airportProcessCommand.m:1715) Processed events, count[  1], @[1114402.549226], took 0.000015
Thu May 15 02:16:49.596 [airport]/579 @[1114402.549845] (airportProcessCommand.m:1715) Processed events, count[  1], @[1114402.549405], took 0.000433
Thu May 15 02:16:49.596 [airport]/579 @[1114402.549927] (airportProcessCommand.m:1715) Processed events, count[  1], @[1114402.549906], took 0.000015
Thu May 15 02:16:49.596 [airport]/579 @[1114402.549971] (airportProcessCommand.m:1715) Processed events, count[  1], @[1114402.549947], took 0.000020
Thu May 15 02:16:49.596 [airport]/579 @[1114402.550005] (airportProcessCommand.m:1715) Processed events, count[  1], @[1114402.549989], took 0.000012
Thu May 15 02:16:49.596 [airport]/579 @[1114402.550038] (airportProcessCommand.m:1715) Processed events, count[  1], @[1114402.550021], took 0.000011
Thu May 15 02:16:49.596 [airport]/579 @[1114402.550167] (airportProcessCommand.m:1715) Processed events, count[  1], @[1114402.550144], took 0.000017
Thu May 15 02:16:49.597 [airport]/579 @[1114402.550313] (airportProcessCommand.m:1715) Processed events, count[  1], @[1114402.550292], took 0.000017
Thu May 15 02:16:49.783 [airport]/579 @[1114402.736285] (configdIODriverInterface.m:4687) caps = CPU Net Disk , connection[0x6ac0492c0] token[0x00000000] capabilties[0x000000b9], description:'DarkWake:cpu disk net push ', lastSleepType[0x00000007]/'Deep Idle', hibernateStateFound[1] hibernateState[0x00000000/0] hibernateMode[0x00000003/3]
Thu May 15 02:16:49.798 [airport]/579 @[1114402.752030] (configdIODriverInterface.m:4784) Acknowledging sleep event, connection[0x6ac0492c0] token[0x00000000]
Thu May 15 02:16:49.987 [airport]/579 @[1114402.940285] (configdIODriverInterface.m:1377) driver available (reason=0xe0821803, subreason=0x0, flags=0x0), node:isDriverAvailable=0
Thu May 15 02:16:50.081 Usb Host Notification Apple80211Set: seqNum 3257 Total 0 chg 0 en0
Thu May 15 02:16:50.082 Usb Host Notification metrics: usbChange=0, count=0, noiseDelta=0
Thu May 15 02:16:50.156 Usb Host Notification Apple80211Set: seqNum 3258 Total 0 chg 0 en0
Thu May 15 02:16:50.160 Usb Host Notification metrics: usbChange=0, count=0, noiseDelta=0
Thu May 15 02:16:50.198 [airport]/579 @[1114403.151839] (airportProcessCommand.m:1715) Processed events, count[ 19], @[1114403.150224], took 0.001598
Thu May 15 02:16:51.812 [airport]/579 @[1114404.762932] (configdIODriverInterface.m:4687) caps = , connection[0x6ac0492c0] token[0x04b2000d] capabilties[0x00000000], description:'Sleep:<off> ', lastSleepType[0x00000007]/'Deep Idle', hibernateStateFound[1] hibernateState[0x00000000/0] hibernateMode[0x00000003/3]
Thu May 15 02:16:51.816 [airport]/579 @[1114404.769528] (configdIODriverInterface.m:4375) <en0> Scan offloads will be ENABLED (lpas_supported=yes, softap=disabled, wow=disabled, tcpka=active, allow_unassoc_wakes=yes, allow_disconn_sleeps=yes, aj_disabled=no, scan_offload_disabled_until=(null))
Thu May 15 02:16:51.833 [airport]/579 @[1114404.786450] (configdIODriverInterface.m:4450) <en0> Successfully configured scan offloads, aj_disabled=no, PNO count[4]
Thu May 15 02:16:51.834 [airport]/579 @[1114404.787177] (configdIODriverInterface.m:3826) Acknowledging sleep event, connection[0x6ac0492c0] token[0x04b2000d], gPMConnection[0x6ac0492c0]
Thu May 15 02:16:54.651 [airport]/579 @[1114407.605843] (configdIODriverInterface.m:1377) driver unavailable (reason=0xe0821804, subreason=0x0, flags=0x0), node:isDriverAvailable=1
Thu May 15 02:16:54.653 Usb Host Notification Error Apple80211Set: Device power is off seqNum 3259 Total 0 chg 0 en0
Thu May 15 02:16:54.663 [airport]/579 @[1114407.618385] (airportProcessCommand.m:1715) Processed events, count[  2], @[1114407.618188], took 0.000185
Thu May 15 02:16:54.664 [airport]/579 @[1114407.618750] (airportProcessCommand.m:1715) Processed events, count[  1], @[1114407.618703], took 0.000036
Thu May 15 02:16:54.664 [airport]/579 @[1114407.619127] (airportProcessCommand.m:1715) Processed events, count[  1], @[1114407.619007], took 0.000108
Thu May 15 02:16:54.665 [airport]/579 @[1114407.619906] (airportProcessCommand.m:1715) Processed events, count[  1], @[1114407.619806], took 0.000090
Thu May 15 02:16:54.665 [airport]/579 @[1114407.620346] (airportProcessCommand.m:1715) Processed events, count[  2], @[1114407.620275], took 0.000054
Thu May 15 02:16:54.666 [airport]/579 @[1114407.621256] (airportProcessCommand.m:1715) Processed events, count[  1], @[1114407.621207], took 0.000039
Thu May 15 02:16:54.666 [airport]/579 @[1114407.621569] (airportProcessCommand.m:1715) Processed events, count[  2], @[1114407.621522], took 0.000037
Thu May 15 02:16:54.667 [airport]/579 @[1114407.622081] (airportProcessCommand.m:1715) Processed events, count[  1], @[1114407.622016], took 0.000017
Thu May 15 02:16:54.668 [airport]/579 @[1114407.622648] (airportProcessCommand.m:1715) Processed events, count[  1], @[1114407.622220], took 0.000421
Thu May 15 02:16:54.668 [airport]/579 @[1114407.622943] (airportProcessCommand.m:1715) Processed events, count[  1], @[1114407.622913], took 0.000023
Thu May 15 02:16:54.668 [airport]/579 @[1114407.623000] (airportProcessCommand.m:1715) Processed events, count[  1], @[1114407.622976], took 0.000018
Thu May 15 02:16:54.668 [airport]/579 @[1114407.623064] (airportProcessCommand.m:1715) Processed events, count[  1], @[1114407.623024], took 0.000030
Thu May 15 02:16:54.669 [airport]/579 @[1114407.623678] (airportProcessCommand.m:1715) Processed events, count[  1], @[1114407.623645], took 0.000025
Thu May 15 02:16:54.669 [airport]/579 @[1114407.623883] (airportProcessCommand.m:1715) Processed events, count[  1], @[1114407.623848], took 0.000028
Thu May 15 02:16:54.669 [airport]/579 @[1114407.624415] (airportProcessCommand.m:1715) Processed events, count[  1], @[1114407.624169], took 0.000237
Thu May 15 02:32:33.570 [airport]/579 @[1115346.520080] (configdIODriverInterface.m:4687) caps = CPU Net Disk Early , connection[0x6ac0492c0] token[0x00000000] capabilties[0x00008019], description:'DarkWake:cpu disk net ', lastSleepType[0x00000007]/'Deep Idle', hibernateStateFound[1] hibernateState[0x00000000/0] hibernateMode[0x00000003/3]
Thu May 15 02:32:33.578 [airport]/579 @[1115346.528044] (configdIODriverInterface.m:4784) Acknowledging sleep event, connection[0x6ac0492c0] token[0x00000000]
Thu May 15 02:32:33.586 [airport]/579 @[1115346.536171] (airportProcessCommand.m:1715) Processed events, count[  2], @[1115346.536120], took 0.000043
Thu May 15 02:32:33.586 [airport]/579 @[1115346.536507] (airportProcessCommand.m:1715) Processed events, count[  1], @[1115346.536486], took 0.000015
Thu May 15 02:32:33.586 [airport]/579 @[1115346.536727] (airportProcessCommand.m:1715) Processed events, count[  1], @[1115346.536692], took 0.000030
Thu May 15 02:32:33.586 [airport]/579 @[1115346.536867] (airportProcessCommand.m:1715) Processed events, count[  1], @[1115346.536846], took 0.000016
Thu May 15 02:32:33.587 [airport]/579 @[1115346.537063] (airportProcessCommand.m:1715) Processed events, count[  1], @[1115346.537036], took 0.000019
Thu May 15 02:32:33.587 [airport]/579 @[1115346.537320] (airportProcessCommand.m:1715) Processed events, count[  1], @[1115346.537300], took 0.000015
Thu May 15 02:32:33.587 [airport]/579 @[1115346.537597] (airportProcessCommand.m:1715) Processed events, count[  1], @[1115346.537577], took 0.000015
Thu May 15 02:32:33.587 [airport]/579 @[1115346.537794] (airportProcessCommand.m:1715) Processed events, count[  1], @[1115346.537775], took 0.000014
Thu May 15 02:32:33.588 [airport]/579 @[1115346.538129] (airportProcessCommand.m:1715) Processed events, count[  1], @[1115346.537978], took 0.000143
Thu May 15 02:32:33.588 [airport]/579 @[1115346.538197] (airportProcessCommand.m:1715) Processed events, count[  1], @[1115346.538177], took 0.000015
Thu May 15 02:32:33.588 [airport]/579 @[1115346.538369] (airportProcessCommand.m:1715) Processed events, count[  1], @[1115346.538349], took 0.000015
Thu May 15 02:32:33.588 [airport]/579 @[1115346.538520] (airportProcessCommand.m:1715) Processed events, count[  1], @[1115346.538500], took 0.000015
Thu May 15 02:32:33.588 [airport]/579 @[1115346.538678] (airportProcessCommand.m:1715) Processed events, count[  1], @[1115346.538652], took 0.000021
Thu May 15 02:32:33.588 [airport]/579 @[1115346.538831] (airportProcessCommand.m:1715) Processed events, count[  1], @[1115346.538811], took 0.000015
Thu May 15 02:32:33.589 [airport]/579 @[1115346.539847] (airportProcessCommand.m:1715) Processed events, count[  1], @[1115346.538943], took 0.000897
Thu May 15 02:32:33.589 [airport]/579 @[1115346.539952] (airportProcessCommand.m:1715) Processed events, count[  1], @[1115346.539932], took 0.000015
Thu May 15 02:32:33.589 [airport]/579 @[1115346.539988] (airportProcessCommand.m:1715) Processed events, count[  1], @[1115346.539971], took 0.000012
Thu May 15 02:32:33.590 [airport]/579 @[1115346.540022] (airportProcessCommand.m:1715) Processed events, count[  1], @[1115346.540004], took 0.000013
Thu May 15 02:32:33.590 [airport]/579 @[1115346.540056] (airportProcessCommand.m:1715) Processed events, count[  1], @[1115346.540039], took 0.000012
Thu May 15 02:32:33.590 [airport]/579 @[1115346.540095] (airportProcessCommand.m:1715) Processed events, count[  1], @[1115346.540072], took 0.000015
Thu May 15 02:32:33.590 [airport]/579 @[1115346.540130] (airportProcessCommand.m:1715) Processed events, count[  1], @[1115346.540113], took 0.000012
Thu May 15 02:32:33.590 [airport]/579 @[1115346.540377] (airportProcessCommand.m:1715) Processed events, count[  2], @[1115346.540340], took 0.000031
Thu May 15 02:32:33.590 [airport]/579 @[1115346.540494] (airportProcessCommand.m:1715) Processed events, count[  1], @[1115346.540474], took 0.000015
Thu May 15 02:32:33.590 [airport]/579 @[1115346.540660] (airportProcessCommand.m:1715) Processed events, count[  1], @[1115346.540642], took 0.000013
Thu May 15 02:32:33.590 [airport]/579 @[1115346.540776] (airportProcessCommand.m:1715) Processed events, count[  1], @[1115346.540758], took 0.000012
Thu May 15 02:32:33.590 [airport]/579 @[1115346.540913] (airportProcessCommand.m:1715) Processed events, count[  1], @[1115346.540893], took 0.000015
Thu May 15 02:32:33.591 [airport]/579 @[1115346.541103] (airportProcessCommand.m:1715) Processed events, count[  1], @[1115346.541081], took 0.000017
Thu May 15 02:32:33.591 [airport]/579 @[1115346.541720] (airportProcessCommand.m:1715) Processed events, count[  1], @[1115346.541246], took 0.000466
Thu May 15 02:32:33.591 [airport]/579 @[1115346.541817] (airportProcessCommand.m:1715) Processed events, count[  1], @[1115346.541793], took 0.000014
Thu May 15 02:32:33.591 [airport]/579 @[1115346.541863] (airportProcessCommand.m:1715) Processed events, count[  1], @[1115346.541846], took 0.000013
Thu May 15 02:32:33.592 [airport]/579 @[1115346.542033] (airportProcessCommand.m:1715) Processed events, count[  1], @[1115346.542013], took 0.000015
Thu May 15 02:32:33.592 [airport]/579 @[1115346.542236] (airportProcessCommand.m:1715) Processed events, count[  1], @[1115346.542214], took 0.000016
Thu May 15 02:32:33.592 [airport]/579 @[1115346.542351] (airportProcessCommand.m:1715) Processed events, count[  1], @[1115346.542323], took 0.000023
Thu May 15 02:32:33.592 [airport]/579 @[1115346.542526] (airportProcessCommand.m:1715) Processed events, count[  1], @[1115346.542506], took 0.000015
Thu May 15 02:32:33.687 [airport]/579 @[1115346.637090] (configdIODriverInterface.m:4687) caps = CPU Net Disk , connection[0x6ac0492c0] token[0x00000000] capabilties[0x000000b9], description:'DarkWake:cpu disk net push ', lastSleepType[0x00000007]/'Deep Idle', hibernateStateFound[1] hibernateState[0x00000000/0] hibernateMode[0x00000003/3]
Thu May 15 02:32:33.703 [airport]/579 @[1115346.653974] (configdIODriverInterface.m:4784) Acknowledging sleep event, connection[0x6ac0492c0] token[0x00000000]
Thu May 15 02:32:33.935 [airport]/579 @[1115346.885542] (configdIODriverInterface.m:1377) driver available (reason=0xe0821803, subreason=0x0, flags=0x0), node:isDriverAvailable=0
Thu May 15 02:32:34.032 Usb Host Notification Apple80211Set: seqNum 3260 Total 0 chg 0 en0
Thu May 15 02:32:34.034 Usb Host Notification metrics: usbChange=0, count=0, noiseDelta=0
Thu May 15 02:32:34.098 Usb Host Notification Apple80211Set: seqNum 3261 Total 0 chg 0 en0
Thu May 15 02:32:34.105 Usb Host Notification metrics: usbChange=0, count=0, noiseDelta=0
Thu May 15 02:32:34.181 [airport]/579 @[1115347.131968] (airportProcessCommand.m:1715) Processed events, count[ 19], @[1115347.128299], took 0.003651
Thu May 15 02:32:35.712 [airport]/579 @[1115348.663098] (configdIODriverInterface.m:4687) caps = , connection[0x6ac0492c0] token[0x04b3000d] capabilties[0x00000000], description:'Sleep:<off> ', lastSleepType[0x00000007]/'Deep Idle', hibernateStateFound[1] hibernateState[0x00000000/0] hibernateMode[0x00000003/3]
Thu May 15 02:32:35.717 [airport]/579 @[1115348.668383] (configdIODriverInterface.m:4375) <en0> Scan offloads will be ENABLED (lpas_supported=yes, softap=disabled, wow=disabled, tcpka=active, allow_unassoc_wakes=yes, allow_disconn_sleeps=yes, aj_disabled=no, scan_offload_disabled_until=(null))
Thu May 15 02:32:35.735 [airport]/579 @[1115348.686201] (configdIODriverInterface.m:4450) <en0> Successfully configured scan offloads, aj_disabled=no, PNO count[4]
Thu May 15 02:32:35.736 [airport]/579 @[1115348.687154] (configdIODriverInterface.m:3826) Acknowledging sleep event, connection[0x6ac0492c0] token[0x04b3000d], gPMConnection[0x6ac0492c0]
Thu May 15 02:32:38.646 [airport]/579 @[1115351.599682] (configdIODriverInterface.m:1377) driver unavailable (reason=0xe0821804, subreason=0x0, flags=0x0), node:isDriverAvailable=1
Thu May 15 02:32:38.648 Usb Host Notification Error Apple80211Set: Device power is off seqNum 3262 Total 0 chg 0 en0
Thu May 15 02:32:38.664 [airport]/579 @[1115351.617393] (airportProcessCommand.m:1715) Processed events, count[  2], @[1115351.617319], took 0.000062
Thu May 15 02:32:38.665 [airport]/579 @[1115351.618540] (airportProcessCommand.m:1715) Processed events, count[  1], @[1115351.618232], took 0.000297
Thu May 15 02:32:38.666 [airport]/579 @[1115351.619580] (airportProcessCommand.m:1715) Processed events, count[  1], @[1115351.619450], took 0.000122
Thu May 15 02:32:38.666 [airport]/579 @[1115351.620046] (airportProcessCommand.m:1715) Processed events, count[  2], @[1115351.619943], took 0.000096
Thu May 15 02:32:38.667 [airport]/579 @[1115351.620209] (airportProcessCommand.m:1715) Processed events, count[  1], @[1115351.620177], took 0.000025
Thu May 15 02:32:38.667 [airport]/579 @[1115351.620743] (airportProcessCommand.m:1715) Processed events, count[  1], @[1115351.620711], took 0.000024
Thu May 15 02:32:38.668 [airport]/579 @[1115351.621206] (airportProcessCommand.m:1715) Processed events, count[  1], @[1115351.621179], took 0.000020
Thu May 15 02:32:38.668 [airport]/579 @[1115351.621873] (airportProcessCommand.m:1715) Processed events, count[  1], @[1115351.621849], took 0.000015
Thu May 15 02:32:38.669 [airport]/579 @[1115351.622438] (airportProcessCommand.m:1715) Processed events, count[  1], @[1115351.622247], took 0.000185
Thu May 15 02:32:38.670 [airport]/579 @[1115351.623536] (airportProcessCommand.m:1715) Processed events, count[  2], @[1115351.623162], took 0.000368
Thu May 15 02:32:38.670 [airport]/579 @[1115351.623796] (airportProcessCommand.m:1715) Processed events, count[  2], @[1115351.623650], took 0.000139
Thu May 15 02:32:38.670 [airport]/579 @[1115351.623886] (airportProcessCommand.m:1715) Processed events, count[  1], @[1115351.623845], took 0.000034
Thu May 15 02:32:38.670 [airport]/579 @[1115351.623947] (airportProcessCommand.m:1715) Processed events, count[  1], @[1115351.623912], took 0.000029
Thu May 15 02:32:38.670 [airport]/579 @[1115351.624008] (airportProcessCommand.m:1715) Processed events, count[  1], @[1115351.623983], took 0.000018
Thu May 15 02:48:06.566 [airport]/579 @[1116279.515772] (configdIODriverInterface.m:4687) caps = CPU Net Disk Early , connection[0x6ac0492c0] token[0x00000000] capabilties[0x00008019], description:'DarkWake:cpu disk net ', lastSleepType[0x00000007]/'Deep Idle', hibernateStateFound[1] hibernateState[0x00000000/0] hibernateMode[0x00000003/3]
Thu May 15 02:48:06.572 [airport]/579 @[1116279.521772] (configdIODriverInterface.m:4784) Acknowledging sleep event, connection[0x6ac0492c0] token[0x00000000]
Thu May 15 02:48:06.580 [airport]/579 @[1116279.530320] (airportProcessCommand.m:1715) Processed events, count[  2], @[1116279.530276], took 0.000036
Thu May 15 02:48:06.581 [airport]/579 @[1116279.530894] (airportProcessCommand.m:1715) Processed events, count[  1], @[1116279.530872], took 0.000017
Thu May 15 02:48:06.581 [airport]/579 @[1116279.531040] (airportProcessCommand.m:1715) Processed events, count[  2], @[1116279.531013], took 0.000022
Thu May 15 02:48:06.581 [airport]/579 @[1116279.531284] (airportProcessCommand.m:1715) Processed events, count[  1], @[1116279.531257], took 0.000022
Thu May 15 02:48:06.581 [airport]/579 @[1116279.531469] (airportProcessCommand.m:1715) Processed events, count[  1], @[1116279.531447], took 0.000017
Thu May 15 02:48:06.582 [airport]/579 @[1116279.531800] (airportProcessCommand.m:1715) Processed events, count[  1], @[1116279.531778], took 0.000017
Thu May 15 02:48:06.582 [airport]/579 @[1116279.532081] (airportProcessCommand.m:1715) Processed events, count[  1], @[1116279.532057], took 0.000019
Thu May 15 02:48:06.582 [airport]/579 @[1116279.532341] (airportProcessCommand.m:1715) Processed events, count[  1], @[1116279.532314], took 0.000016
Thu May 15 02:48:06.582 [airport]/579 @[1116279.532481] (airportProcessCommand.m:1715) Processed events, count[  1], @[1116279.532459], took 0.000015
Thu May 15 02:48:06.583 [airport]/579 @[1116279.532707] (airportProcessCommand.m:1715) Processed events, count[  1], @[1116279.532653], took 0.000048
Thu May 15 02:48:06.583 [airport]/579 @[1116279.532891] (airportProcessCommand.m:1715) Processed events, count[  1], @[1116279.532871], took 0.000015
Thu May 15 02:48:06.583 [airport]/579 @[1116279.533092] (airportProcessCommand.m:1715) Processed events, count[  1], @[1116279.533066], took 0.000020
Thu May 15 02:48:06.583 [airport]/579 @[1116279.533243] (airportProcessCommand.m:1715) Processed events, count[  1], @[1116279.533223], took 0.000015
Thu May 15 02:48:06.584 [airport]/579 @[1116279.534048] (airportProcessCommand.m:1715) Processed events, count[  1], @[1116279.533376], took 0.000666
Thu May 15 02:48:06.584 [airport]/579 @[1116279.534143] (airportProcessCommand.m:1715) Processed events, count[  1], @[1116279.534122], took 0.000016
Thu May 15 02:48:06.584 [airport]/579 @[1116279.534183] (airportProcessCommand.m:1715) Processed events, count[  1], @[1116279.534166], took 0.000012
Thu May 15 02:48:06.584 [airport]/579 @[1116279.534219] (airportProcessCommand.m:1715) Processed events, count[  1], @[1116279.534202], took 0.000012
Thu May 15 02:48:06.584 [airport]/579 @[1116279.534253] (airportProcessCommand.m:1715) Processed events, count[  1], @[1116279.534237], took 0.000011
Thu May 15 02:48:06.584 [airport]/579 @[1116279.534417] (airportProcessCommand.m:1715) Processed events, count[  1], @[1116279.534378], took 0.000034
Thu May 15 02:48:06.584 [airport]/579 @[1116279.534675] (airportProcessCommand.m:1715) Processed events, count[  2], @[1116279.534643], took 0.000026
Thu May 15 02:48:06.585 [airport]/579 @[1116279.534824] (airportProcessCommand.m:1715) Processed events, count[  1], @[1116279.534804], took 0.000014
Thu May 15 02:48:06.585 [airport]/579 @[1116279.534969] (airportProcessCommand.m:1715) Processed events, count[  1], @[1116279.534949], took 0.000015
Thu May 15 02:48:06.585 [airport]/579 @[1116279.535158] (airportProcessCommand.m:1715) Processed events, count[  1], @[1116279.535126], took 0.000026
Thu May 15 02:48:06.585 [airport]/579 @[1116279.535266] (airportProcessCommand.m:1715) Processed events, count[  1], @[1116279.535247], took 0.000014
Thu May 15 02:48:06.585 [airport]/579 @[1116279.535406] (airportProcessCommand.m:1715) Processed events, count[  1], @[1116279.535387], took 0.000014
Thu May 15 02:48:06.585 [airport]/579 @[1116279.535663] (airportProcessCommand.m:1715) Processed events, count[  1], @[1116279.535644], took 0.000015
Thu May 15 02:48:06.586 [airport]/579 @[1116279.536390] (airportProcessCommand.m:1715) Processed events, count[  1], @[1116279.535855], took 0.000524
Thu May 15 02:48:06.586 [airport]/579 @[1116279.536489] (airportProcessCommand.m:1715) Processed events, count[  1], @[1116279.536466], took 0.000017
Thu May 15 02:48:06.586 [airport]/579 @[1116279.536531] (airportProcessCommand.m:1715) Processed events, count[  1], @[1116279.536513], took 0.000013
Thu May 15 02:48:06.586 [airport]/579 @[1116279.536568] (airportProcessCommand.m:1715) Processed events, count[  1], @[1116279.536551], took 0.000012
Thu May 15 02:48:06.586 [airport]/579 @[1116279.536604] (airportProcessCommand.m:1715) Processed events, count[  1], @[1116279.536586], took 0.000012
Thu May 15 02:48:06.587 [airport]/579 @[1116279.536764] (airportProcessCommand.m:1715) Processed events, count[  1], @[1116279.536738], took 0.000016
Thu May 15 02:48:06.587 [airport]/579 @[1116279.536889] (airportProcessCommand.m:1715) Processed events, count[  1], @[1116279.536869], took 0.000015
Thu May 15 02:48:06.771 [airport]/579 @[1116279.721198] (configdIODriverInterface.m:4687) caps = CPU Net Disk , connection[0x6ac0492c0] token[0x00000000] capabilties[0x000000b9], description:'DarkWake:cpu disk net push ', lastSleepType[0x00000007]/'Deep Idle', hibernateStateFound[1] hibernateState[0x00000000/0] hibernateMode[0x00000003/3]
Thu May 15 02:48:06.777 [airport]/579 @[1116279.726687] (configdIODriverInterface.m:4784) Acknowledging sleep event, connection[0x6ac0492c0] token[0x00000000]
Thu May 15 02:48:06.984 [airport]/579 @[1116279.934175] (configdIODriverInterface.m:1377) driver available (reason=0xe0821803, subreason=0x0, flags=0x0), node:isDriverAvailable=0
Thu May 15 02:48:07.079 Usb Host Notification Apple80211Set: seqNum 3263 Total 0 chg 0 en0
Thu May 15 02:48:07.082 Usb Host Notification metrics: usbChange=0, count=0, noiseDelta=0
Thu May 15 02:48:07.168 Usb Host Notification Apple80211Set: seqNum 3264 Total 0 chg 0 en0
Thu May 15 02:48:07.168 Usb Host Notification metrics: usbChange=0, count=0, noiseDelta=0
Thu May 15 02:48:07.195 [airport]/579 @[1116280.145871] (airportProcessCommand.m:1715) Processed events, count[ 19], @[1116280.145170], took 0.000692
Thu May 15 02:48:09.802 [airport]/579 @[1116282.753252] (configdIODriverInterface.m:4687) caps = , connection[0x6ac0492c0] token[0x04b4000d] capabilties[0x00000000], description:'Sleep:<off> ', lastSleepType[0x00000007]/'Deep Idle', hibernateStateFound[1] hibernateState[0x00000000/0] hibernateMode[0x00000003/3]
Thu May 15 02:48:09.807 [airport]/579 @[1116282.758288] (configdIODriverInterface.m:4375) <en0> Scan offloads will be ENABLED (lpas_supported=yes, softap=disabled, wow=disabled, tcpka=active, allow_unassoc_wakes=yes, allow_disconn_sleeps=yes, aj_disabled=no, scan_offload_disabled_until=(null))
Thu May 15 02:48:09.824 [airport]/579 @[1116282.775278] (configdIODriverInterface.m:4450) <en0> Successfully configured scan offloads, aj_disabled=no, PNO count[4]
Thu May 15 02:48:09.825 [airport]/579 @[1116282.776026] (configdIODriverInterface.m:3826) Acknowledging sleep event, connection[0x6ac0492c0] token[0x04b4000d], gPMConnection[0x6ac0492c0]
Thu May 15 02:48:10.078 [airport]/579 @[1116283.029225] (airportdMain.m:1730) Health check alive, checkin@[1116283.029154], count[3885] 
Thu May 15 02:48:11.639 [airport]/579 @[1116284.589868] (configdIODriverInterface.m:1377) driver unavailable (reason=0xe0821804, subreason=0x0, flags=0x0), node:isDriverAvailable=1
Thu May 15 02:48:11.642 Usb Host Notification Error Apple80211Set: Device power is off seqNum 3265 Total 0 chg 0 en0
Thu May 15 02:48:11.656 [airport]/579 @[1116284.607633] (airportProcessCommand.m:1715) Processed events, count[  2], @[1116284.607541], took 0.000077
Thu May 15 02:48:11.657 [airport]/579 @[1116284.608113] (airportProcessCommand.m:1715) Processed events, count[  1], @[1116284.608033], took 0.000048
Thu May 15 02:48:11.658 [airport]/579 @[1116284.608918] (airportProcessCommand.m:1715) Processed events, count[  1], @[1116284.608858], took 0.000047
Thu May 15 02:48:11.658 [airport]/579 @[1116284.609610] (airportProcessCommand.m:1715) Processed events, count[  1], @[1116284.609574], took 0.000027
Thu May 15 02:48:11.659 [airport]/579 @[1116284.610180] (airportProcessCommand.m:1715) Processed events, count[  1], @[1116284.609917], took 0.000236
Thu May 15 02:48:11.659 [airport]/579 @[1116284.610515] (airportProcessCommand.m:1715) Processed events, count[  1], @[1116284.610474], took 0.000028
Thu May 15 02:48:11.660 [airport]/579 @[1116284.610846] (airportProcessCommand.m:1715) Processed events, count[  1], @[1116284.610805], took 0.000031
Thu May 15 02:48:11.660 [airport]/579 @[1116284.611150] (airportProcessCommand.m:1715) Processed events, count[  1], @[1116284.611131], took 0.000014
Thu May 15 02:48:11.661 [airport]/579 @[1116284.611919] (airportProcessCommand.m:1715) Processed events, count[  1], @[1116284.611885], took 0.000025
Thu May 15 02:48:11.661 [airport]/579 @[1116284.612022] (airportProcessCommand.m:1715) Processed events, count[  1], @[1116284.611985], took 0.000027
Thu May 15 02:48:11.662 [airport]/579 @[1116284.612810] (airportProcessCommand.m:1715) Processed events, count[  1], @[1116284.612065], took 0.000733
Thu May 15 02:48:11.662 [airport]/579 @[1116284.612913] (airportProcessCommand.m:1715) Processed events, count[  1], @[1116284.612878], took 0.000026
Thu May 15 02:48:11.662 [airport]/579 @[1116284.612998] (airportProcessCommand.m:1715) Processed events, count[  1], @[1116284.612952], took 0.000035
Thu May 15 02:48:11.662 [airport]/579 @[1116284.613069] (airportProcessCommand.m:1715) Processed events, count[  1], @[1116284.613034], took 0.000025
Thu May 15 02:48:11.662 [airport]/579 @[1116284.613150] (airportProcessCommand.m:1715) Processed events, count[  1], @[1116284.613103], took 0.000023
Thu May 15 02:48:11.662 [airport]/579 @[1116284.613259] (airportProcessCommand.m:1715) Processed events, count[  1], @[1116284.613205], took 0.000043
Thu May 15 02:48:11.662 [airport]/579 @[1116284.613484] (airportProcessCommand.m:1715) Processed events, count[  1], @[1116284.613443], took 0.000030
Thu May 15 03:04:05.572 [airport]/579 @[1117238.517157] (configdIODriverInterface.m:4687) caps = CPU Net Disk Early , connection[0x6ac0492c0] token[0x00000000] capabilties[0x00008019], description:'DarkWake:cpu disk net ', lastSleepType[0x00000007]/'Deep Idle', hibernateStateFound[1] hibernateState[0x00000000/0] hibernateMode[0x00000003/3]
Thu May 15 03:04:05.581 [airport]/579 @[1117238.525781] (configdIODriverInterface.m:4784) Acknowledging sleep event, connection[0x6ac0492c0] token[0x00000000]
Thu May 15 03:04:05.586 [airport]/579 @[1117238.531526] (airportProcessCommand.m:1715) Processed events, count[  2], @[1117238.531471], took 0.000048
Thu May 15 03:04:05.587 [airport]/579 @[1117238.531887] (airportProcessCommand.m:1715) Processed events, count[  1], @[1117238.531860], took 0.000021
Thu May 15 03:04:05.587 [airport]/579 @[1117238.532145] (airportProcessCommand.m:1715) Processed events, count[  1], @[1117238.532122], took 0.000017
Thu May 15 03:04:05.587 [airport]/579 @[1117238.532345] (airportProcessCommand.m:1715) Processed events, count[  1], @[1117238.532325], took 0.000014
Thu May 15 03:04:05.587 [airport]/579 @[1117238.532565] (airportProcessCommand.m:1715) Processed events, count[  1], @[1117238.532546], took 0.000014
Thu May 15 03:04:05.588 [airport]/579 @[1117238.532787] (airportProcessCommand.m:1715) Processed events, count[  1], @[1117238.532768], took 0.000014
Thu May 15 03:04:05.588 [airport]/579 @[1117238.532998] (airportProcessCommand.m:1715) Processed events, count[  1], @[1117238.532977], took 0.000015
Thu May 15 03:04:05.588 [airport]/579 @[1117238.533232] (airportProcessCommand.m:1715) Processed events, count[  1], @[1117238.533213], took 0.000015
Thu May 15 03:04:05.588 [airport]/579 @[1117238.533407] (airportProcessCommand.m:1715) Processed events, count[  1], @[1117238.533384], took 0.000019
Thu May 15 03:04:05.588 [airport]/579 @[1117238.533660] (airportProcessCommand.m:1715) Processed events, count[  1], @[1117238.533635], took 0.000019
Thu May 15 03:04:05.589 [airport]/579 @[1117238.533887] (airportProcessCommand.m:1715) Processed events, count[  1], @[1117238.533862], took 0.000019
Thu May 15 03:04:05.589 [airport]/579 @[1117238.534134] (airportProcessCommand.m:1715) Processed events, count[  1], @[1117238.534113], took 0.000016
Thu May 15 03:04:05.589 [airport]/579 @[1117238.534394] (airportProcessCommand.m:1715) Processed events, count[  1], @[1117238.534367], took 0.000022
Thu May 15 03:04:05.589 [airport]/579 @[1117238.534549] (airportProcessCommand.m:1715) Processed events, count[  1], @[1117238.534531], took 0.000014
Thu May 15 03:04:05.589 [airport]/579 @[1117238.534749] (airportProcessCommand.m:1715) Processed events, count[  1], @[1117238.534723], took 0.000021
Thu May 15 03:04:05.590 [airport]/579 @[1117238.535576] (airportProcessCommand.m:1715) Processed events, count[  1], @[1117238.534866], took 0.000703
Thu May 15 03:04:05.590 [airport]/579 @[1117238.535700] (airportProcessCommand.m:1715) Processed events, count[  1], @[1117238.535671], took 0.000023
Thu May 15 03:04:05.591 [airport]/579 @[1117238.535780] (airportProcessCommand.m:1715) Processed events, count[  1], @[1117238.535762], took 0.000013
Thu May 15 03:04:05.591 [airport]/579 @[1117238.535850] (airportProcessCommand.m:1715) Processed events, count[  1], @[1117238.535833], took 0.000012
Thu May 15 03:04:05.591 [airport]/579 @[1117238.535887] (airportProcessCommand.m:1715) Processed events, count[  1], @[1117238.535869], took 0.000012
Thu May 15 03:04:05.591 [airport]/579 @[1117238.535927] (airportProcessCommand.m:1715) Processed events, count[  1], @[1117238.535910], took 0.000012
Thu May 15 03:04:05.591 [airport]/579 @[1117238.536322] (airportProcessCommand.m:1715) Processed events, count[  2], @[1117238.536286], took 0.000031
Thu May 15 03:04:05.591 [airport]/579 @[1117238.536539] (airportProcessCommand.m:1715) Processed events, count[  1], @[1117238.536520], took 0.000014
Thu May 15 03:04:05.591 [airport]/579 @[1117238.536676] (airportProcessCommand.m:1715) Processed events, count[  1], @[1117238.536657], took 0.000014
Thu May 15 03:04:05.592 [airport]/579 @[1117238.536836] (airportProcessCommand.m:1715) Processed events, count[  1], @[1117238.536809], took 0.000022
Thu May 15 03:04:05.592 [airport]/579 @[1117238.536965] (airportProcessCommand.m:1715) Processed events, count[  1], @[1117238.536943], took 0.000017
Thu May 15 03:04:05.592 [airport]/579 @[1117238.537106] (airportProcessCommand.m:1715) Processed events, count[  1], @[1117238.537087], took 0.000014
Thu May 15 03:04:05.592 [airport]/579 @[1117238.537647] (airportProcessCommand.m:1715) Processed events, count[  1], @[1117238.537239], took 0.000402
Thu May 15 03:04:05.592 [airport]/579 @[1117238.537741] (airportProcessCommand.m:1715) Processed events, count[  1], @[1117238.537722], took 0.000014
Thu May 15 03:04:05.593 [airport]/579 @[1117238.537780] (airportProcessCommand.m:1715) Processed events, count[  1], @[1117238.537763], took 0.000012
Thu May 15 03:04:05.593 [airport]/579 @[1117238.537845] (airportProcessCommand.m:1715) Processed events, count[  1], @[1117238.537822], took 0.000013
Thu May 15 03:04:05.593 [airport]/579 @[1117238.538063] (airportProcessCommand.m:1715) Processed events, count[  1], @[1117238.538045], took 0.000014
Thu May 15 03:04:05.593 [airport]/579 @[1117238.538203] (airportProcessCommand.m:1715) Processed events, count[  1], @[1117238.538185], took 0.000013
Thu May 15 03:04:05.593 [airport]/579 @[1117238.538333] (airportProcessCommand.m:1715) Processed events, count[  1], @[1117238.538314], took 0.000014
Thu May 15 03:04:05.780 [airport]/579 @[1117238.724825] (configdIODriverInterface.m:4687) caps = CPU Net Disk , connection[0x6ac0492c0] token[0x00000000] capabilties[0x000000b9], description:'DarkWake:cpu disk net push ', lastSleepType[0x00000007]/'Deep Idle', hibernateStateFound[1] hibernateState[0x00000000/0] hibernateMode[0x00000003/3]
Thu May 15 03:04:05.786 [airport]/579 @[1117238.731053] (configdIODriverInterface.m:4784) Acknowledging sleep event, connection[0x6ac0492c0] token[0x00000000]
Thu May 15 03:04:05.940 [airport]/579 @[1117238.885498] (configdIODriverInterface.m:1377) driver available (reason=0xe0821803, subreason=0x0, flags=0x0), node:isDriverAvailable=0
Thu May 15 03:04:06.035 Usb Host Notification Apple80211Set: seqNum 3266 Total 0 chg 0 en0
Thu May 15 03:04:06.038 Usb Host Notification metrics: usbChange=0, count=0, noiseDelta=0
Thu May 15 03:04:06.113 Usb Host Notification Apple80211Set: seqNum 3267 Total 0 chg 0 en0
Thu May 15 03:04:06.114 Usb Host Notification metrics: usbChange=0, count=0, noiseDelta=0
Thu May 15 03:04:06.168 [airport]/579 @[1117239.113257] (airportProcessCommand.m:1715) Processed events, count[ 19], @[1117239.109652], took 0.003587
Thu May 15 03:04:07.805 [airport]/579 @[1117240.749410] (configdIODriverInterface.m:4687) caps = , connection[0x6ac0492c0] token[0x04b5000d] capabilties[0x00000000], description:'Sleep:<off> ', lastSleepType[0x00000007]/'Deep Idle', hibernateStateFound[1] hibernateState[0x00000000/0] hibernateMode[0x00000003/3]
Thu May 15 03:04:07.814 [airport]/579 @[1117240.759115] (configdIODriverInterface.m:4375) <en0> Scan offloads will be ENABLED (lpas_supported=yes, softap=disabled, wow=disabled, tcpka=active, allow_unassoc_wakes=yes, allow_disconn_sleeps=yes, aj_disabled=no, scan_offload_disabled_until=(null))
Thu May 15 03:04:07.832 [airport]/579 @[1117240.777257] (configdIODriverInterface.m:4450) <en0> Successfully configured scan offloads, aj_disabled=no, PNO count[4]
Thu May 15 03:04:07.834 [airport]/579 @[1117240.778834] (configdIODriverInterface.m:3826) Acknowledging sleep event, connection[0x6ac0492c0] token[0x04b5000d], gPMConnection[0x6ac0492c0]
Thu May 15 03:04:10.650 [airport]/579 @[1117243.592944] (configdIODriverInterface.m:1377) driver unavailable (reason=0xe0821804, subreason=0x0, flags=0x0), node:isDriverAvailable=1
Thu May 15 03:04:10.653 Usb Host Notification Error Apple80211Set: Device power is off seqNum 3268 Total 0 chg 0 en0
Thu May 15 03:04:10.665 [airport]/579 @[1117243.607863] (airportProcessCommand.m:1715) Processed events, count[  2], @[1117243.607189], took 0.000650
Thu May 15 03:04:10.666 [airport]/579 @[1117243.609160] (airportProcessCommand.m:1715) Processed events, count[  1], @[1117243.609039], took 0.000111
Thu May 15 03:04:10.667 [airport]/579 @[1117243.609645] (airportProcessCommand.m:1715) Processed events, count[  1], @[1117243.609594], took 0.000041
Thu May 15 03:04:10.667 [airport]/579 @[1117243.610197] (airportProcessCommand.m:1715) Processed events, count[  1], @[1117243.610173], took 0.000018
Thu May 15 03:04:10.668 [airport]/579 @[1117243.610544] (airportProcessCommand.m:1715) Processed events, count[  1], @[1117243.610393], took 0.000143
Thu May 15 03:04:10.668 [airport]/579 @[1117243.610686] (airportProcessCommand.m:1715) Processed events, count[  1], @[1117243.610665], took 0.000016
Thu May 15 03:04:10.668 [airport]/579 @[1117243.611098] (airportProcessCommand.m:1715) Processed events, count[  1], @[1117243.611077], took 0.000015
Thu May 15 03:04:10.669 [airport]/579 @[1117243.611462] (airportProcessCommand.m:1715) Processed events, count[  1], @[1117243.611422], took 0.000034
Thu May 15 03:04:10.669 [airport]/579 @[1117243.611772] (airportProcessCommand.m:1715) Processed events, count[  1], @[1117243.611752], took 0.000015
Thu May 15 03:04:10.669 [airport]/579 @[1117243.612380] (airportProcessCommand.m:1715) Processed events, count[  1], @[1117243.612233], took 0.000121
Thu May 15 03:04:10.670 [airport]/579 @[1117243.612948] (airportProcessCommand.m:1715) Processed events, count[  1], @[1117243.612501], took 0.000440
Thu May 15 03:04:10.670 [airport]/579 @[1117243.613025] (airportProcessCommand.m:1715) Processed events, count[  1], @[1117243.613000], took 0.000015
Thu May 15 03:04:10.670 [airport]/579 @[1117243.613069] (airportProcessCommand.m:1715) Processed events, count[  1], @[1117243.613049], took 0.000015
Thu May 15 03:04:10.670 [airport]/579 @[1117243.613154] (airportProcessCommand.m:1715) Processed events, count[  1], @[1117243.613135], took 0.000014
Thu May 15 03:04:10.670 [airport]/579 @[1117243.613329] (airportProcessCommand.m:1715) Processed events, count[  1], @[1117243.613299], took 0.000022
Thu May 15 03:04:10.671 [airport]/579 @[1117243.613693] (airportProcessCommand.m:1715) Processed events, count[  1], @[1117243.613662], took 0.000024
Thu May 15 03:04:10.671 [airport]/579 @[1117243.613921] (airportProcessCommand.m:1715) Processed events, count[  1], @[1117243.613893], took 0.000020
Thu May 15 03:19:59.585 [airport]/579 @[1118192.518408] (configdIODriverInterface.m:4687) caps = CPU Net Disk Early , connection[0x6ac0492c0] token[0x00000000] capabilties[0x00008019], description:'DarkWake:cpu disk net ', lastSleepType[0x00000007]/'Deep Idle', hibernateStateFound[1] hibernateState[0x00000000/0] hibernateMode[0x00000003/3]
Thu May 15 03:19:59.591 [airport]/579 @[1118192.524735] (configdIODriverInterface.m:4784) Acknowledging sleep event, connection[0x6ac0492c0] token[0x00000000]
Thu May 15 03:19:59.599 [airport]/579 @[1118192.533279] (airportProcessCommand.m:1715) Processed events, count[  2], @[1118192.533233], took 0.000040
Thu May 15 03:19:59.599 [airport]/579 @[1118192.533408] (airportProcessCommand.m:1715) Processed events, count[  1], @[1118192.533389], took 0.000014
Thu May 15 03:19:59.600 [airport]/579 @[1118192.533635] (airportProcessCommand.m:1715) Processed events, count[  1], @[1118192.533613], took 0.000017
Thu May 15 03:19:59.600 [airport]/579 @[1118192.534037] (airportProcessCommand.m:1715) Processed events, count[  1], @[1118192.533911], took 0.000119
Thu May 15 03:19:59.600 [airport]/579 @[1118192.534282] (airportProcessCommand.m:1715) Processed events, count[  1], @[1118192.534233], took 0.000043
Thu May 15 03:19:59.601 [airport]/579 @[1118192.534885] (airportProcessCommand.m:1715) Processed events, count[  2], @[1118192.534860], took 0.000020
Thu May 15 03:19:59.601 [airport]/579 @[1118192.535115] (airportProcessCommand.m:1715) Processed events, count[  1], @[1118192.535095], took 0.000015
Thu May 15 03:19:59.601 [airport]/579 @[1118192.535326] (airportProcessCommand.m:1715) Processed events, count[  1], @[1118192.535303], took 0.000017
Thu May 15 03:19:59.602 [airport]/579 @[1118192.535500] (airportProcessCommand.m:1715) Processed events, count[  1], @[1118192.535480], took 0.000015
Thu May 15 03:19:59.602 [airport]/579 @[1118192.535697] (airportProcessCommand.m:1715) Processed events, count[  1], @[1118192.535677], took 0.000014
Thu May 15 03:19:59.602 [airport]/579 @[1118192.535922] (airportProcessCommand.m:1715) Processed events, count[  1], @[1118192.535898], took 0.000014
Thu May 15 03:19:59.602 [airport]/579 @[1118192.536144] (airportProcessCommand.m:1715) Processed events, count[  1], @[1118192.536125], took 0.000014
Thu May 15 03:19:59.602 [airport]/579 @[1118192.536307] (airportProcessCommand.m:1715) Processed events, count[  1], @[1118192.536288], took 0.000014
Thu May 15 03:19:59.603 [airport]/579 @[1118192.536466] (airportProcessCommand.m:1715) Processed events, count[  1], @[1118192.536447], took 0.000014
Thu May 15 03:19:59.603 [airport]/579 @[1118192.537368] (airportProcessCommand.m:1715) Processed events, count[  1], @[1118192.536620], took 0.000741
Thu May 15 03:19:59.604 [airport]/579 @[1118192.537470] (airportProcessCommand.m:1715) Processed events, count[  1], @[1118192.537449], took 0.000015
Thu May 15 03:19:59.604 [airport]/579 @[1118192.537544] (airportProcessCommand.m:1715) Processed events, count[  1], @[1118192.537526], took 0.000013
Thu May 15 03:19:59.604 [airport]/579 @[1118192.537586] (airportProcessCommand.m:1715) Processed events, count[  1], @[1118192.537563], took 0.000018
Thu May 15 03:19:59.604 [airport]/579 @[1118192.537624] (airportProcessCommand.m:1715) Processed events, count[  1], @[1118192.537606], took 0.000013
Thu May 15 03:19:59.604 [airport]/579 @[1118192.537661] (airportProcessCommand.m:1715) Processed events, count[  1], @[1118192.537644], took 0.000013
Thu May 15 03:19:59.604 [airport]/579 @[1118192.537923] (airportProcessCommand.m:1715) Processed events, count[  2], @[1118192.537894], took 0.000024
Thu May 15 03:19:59.604 [airport]/579 @[1118192.538059] (airportProcessCommand.m:1715) Processed events, count[  1], @[1118192.538039], took 0.000015
Thu May 15 03:19:59.604 [airport]/579 @[1118192.538293] (airportProcessCommand.m:1715) Processed events, count[  1], @[1118192.538272], took 0.000016
Thu May 15 03:19:59.605 [airport]/579 @[1118192.538448] (airportProcessCommand.m:1715) Processed events, count[  1], @[1118192.538423], took 0.000019
Thu May 15 03:19:59.605 [airport]/579 @[1118192.538610] (airportProcessCommand.m:1715) Processed events, count[  1], @[1118192.538586], took 0.000019
Thu May 15 03:19:59.605 [airport]/579 @[1118192.538778] (airportProcessCommand.m:1715) Processed events, count[  1], @[1118192.538758], took 0.000015
Thu May 15 03:19:59.605 [airport]/579 @[1118192.539387] (airportProcessCommand.m:1715) Processed events, count[  1], @[1118192.538951], took 0.000429
Thu May 15 03:19:59.606 [airport]/579 @[1118192.539473] (airportProcessCommand.m:1715) Processed events, count[  1], @[1118192.539453], took 0.000015
Thu May 15 03:19:59.606 [airport]/579 @[1118192.539513] (airportProcessCommand.m:1715) Processed events, count[  1], @[1118192.539496], took 0.000012
Thu May 15 03:19:59.606 [airport]/579 @[1118192.539583] (airportProcessCommand.m:1715) Processed events, count[  1], @[1118192.539564], took 0.000014
Thu May 15 03:19:59.606 [airport]/579 @[1118192.539781] (airportProcessCommand.m:1715) Processed events, count[  1], @[1118192.539763], took 0.000014
Thu May 15 03:19:59.606 [airport]/579 @[1118192.540001] (airportProcessCommand.m:1715) Processed events, count[  1], @[1118192.539979], took 0.000017
Thu May 15 03:19:59.606 [airport]/579 @[1118192.540098] (airportProcessCommand.m:1715) Processed events, count[  1], @[1118192.540079], took 0.000014
Thu May 15 03:19:59.782 [airport]/579 @[1118192.715724] (configdIODriverInterface.m:4687) caps = CPU Net Disk , connection[0x6ac0492c0] token[0x00000000] capabilties[0x000000b9], description:'DarkWake:cpu disk net push ', lastSleepType[0x00000007]/'Deep Idle', hibernateStateFound[1] hibernateState[0x00000000/0] hibernateMode[0x00000003/3]
Thu May 15 03:19:59.790 [airport]/579 @[1118192.723740] (configdIODriverInterface.m:4784) Acknowledging sleep event, connection[0x6ac0492c0] token[0x00000000]
Thu May 15 03:20:00.012 [airport]/579 @[1118192.945205] (configdIODriverInterface.m:1377) driver available (reason=0xe0821803, subreason=0x0, flags=0x0), node:isDriverAvailable=0
Thu May 15 03:20:00.108 Usb Host Notification Apple80211Set: seqNum 3269 Total 0 chg 0 en0
Thu May 15 03:20:00.110 Usb Host Notification metrics: usbChange=0, count=0, noiseDelta=0
Thu May 15 03:20:00.209 Usb Host Notification Apple80211Set: seqNum 3270 Total 0 chg 0 en0
Thu May 15 03:20:00.212 Usb Host Notification metrics: usbChange=0, count=0, noiseDelta=0
Thu May 15 03:20:00.254 [airport]/579 @[1118193.188005] (airportProcessCommand.m:1715) Processed events, count[ 19], @[1118193.186895], took 0.001096
Thu May 15 03:20:01.807 [airport]/579 @[1118194.740108] (configdIODriverInterface.m:4687) caps = , connection[0x6ac0492c0] token[0x04b6000d] capabilties[0x00000000], description:'Sleep:<off> ', lastSleepType[0x00000007]/'Deep Idle', hibernateStateFound[1] hibernateState[0x00000000/0] hibernateMode[0x00000003/3]
Thu May 15 03:20:01.813 [airport]/579 @[1118194.745672] (configdIODriverInterface.m:4375) <en0> Scan offloads will be ENABLED (lpas_supported=yes, softap=disabled, wow=disabled, tcpka=active, allow_unassoc_wakes=yes, allow_disconn_sleeps=yes, aj_disabled=no, scan_offload_disabled_until=(null))
Thu May 15 03:20:01.830 [airport]/579 @[1118194.763126] (configdIODriverInterface.m:4450) <en0> Successfully configured scan offloads, aj_disabled=no, PNO count[4]
Thu May 15 03:20:01.831 [airport]/579 @[1118194.764084] (configdIODriverInterface.m:3826) Acknowledging sleep event, connection[0x6ac0492c0] token[0x04b6000d], gPMConnection[0x6ac0492c0]
Thu May 15 03:20:04.661 [airport]/579 @[1118197.594975] (configdIODriverInterface.m:1377) driver unavailable (reason=0xe0821804, subreason=0x0, flags=0x0), node:isDriverAvailable=1
Thu May 15 03:20:04.663 Usb Host Notification Error Apple80211Set: Device power is off seqNum 3271 Total 0 chg 0 en0
Thu May 15 03:20:04.674 [airport]/579 @[1118197.607837] (airportProcessCommand.m:1715) Processed events, count[  2], @[1118197.607764], took 0.000061
Thu May 15 03:20:04.674 [airport]/579 @[1118197.608346] (airportProcessCommand.m:1715) Processed events, count[  1], @[1118197.608303], took 0.000031
Thu May 15 03:20:04.675 [airport]/579 @[1118197.609086] (airportProcessCommand.m:1715) Processed events, count[  1], @[1118197.608922], took 0.000153
Thu May 15 03:20:04.676 [airport]/579 @[1118197.609432] (airportProcessCommand.m:1715) Processed events, count[  1], @[1118197.609393], took 0.000029
Thu May 15 03:20:04.676 [airport]/579 @[1118197.609782] (airportProcessCommand.m:1715) Processed events, count[  1], @[1118197.609637], took 0.000129
Thu May 15 03:20:04.676 [airport]/579 @[1118197.610327] (airportProcessCommand.m:1715) Processed events, count[  1], @[1118197.610285], took 0.000031
Thu May 15 03:20:04.677 [airport]/579 @[1118197.610679] (airportProcessCommand.m:1715) Processed events, count[  1], @[1118197.610651], took 0.000021
Thu May 15 03:20:04.677 [airport]/579 @[1118197.611226] (airportProcessCommand.m:1715) Processed events, count[  1], @[1118197.611097], took 0.000024
Thu May 15 03:20:04.678 [airport]/579 @[1118197.611448] (airportProcessCommand.m:1715) Processed events, count[  1], @[1118197.611427], took 0.000016
Thu May 15 03:20:04.678 [airport]/579 @[1118197.611764] (airportProcessCommand.m:1715) Processed events, count[  1], @[1118197.611632], took 0.000127
Thu May 15 03:20:04.679 [airport]/579 @[1118197.612564] (airportProcessCommand.m:1715) Processed events, count[  1], @[1118197.611966], took 0.000587
Thu May 15 03:20:04.679 [airport]/579 @[1118197.612710] (airportProcessCommand.m:1715) Processed events, count[  1], @[1118197.612679], took 0.000023
Thu May 15 03:20:04.679 [airport]/579 @[1118197.612972] (airportProcessCommand.m:1715) Processed events, count[  1], @[1118197.612745], took 0.000220
Thu May 15 03:20:04.679 [airport]/579 @[1118197.613108] (airportProcessCommand.m:1715) Processed events, count[  1], @[1118197.613082], took 0.000019
Thu May 15 03:20:04.679 [airport]/579 @[1118197.613249] (airportProcessCommand.m:1715) Processed events, count[  1], @[1118197.613223], took 0.000019
Thu May 15 03:20:04.680 [airport]/579 @[1118197.613547] (airportProcessCommand.m:1715) Processed events, count[  1], @[1118197.613510], took 0.000021
Thu May 15 03:20:04.680 [airport]/579 @[1118197.613757] (airportProcessCommand.m:1715) Processed events, count[  1], @[1118197.613730], took 0.000020
Thu May 15 03:35:56.597 [airport]/579 @[1119149.525862] (configdIODriverInterface.m:4687) caps = CPU Net Disk Early , connection[0x6ac0492c0] token[0x00000000] capabilties[0x00008019], description:'DarkWake:cpu disk net ', lastSleepType[0x00000007]/'Deep Idle', hibernateStateFound[1] hibernateState[0x00000000/0] hibernateMode[0x00000003/3]
Thu May 15 03:35:56.604 [airport]/579 @[1119149.532328] (configdIODriverInterface.m:4784) Acknowledging sleep event, connection[0x6ac0492c0] token[0x00000000]
Thu May 15 03:35:56.612 [airport]/579 @[1119149.540589] (airportProcessCommand.m:1715) Processed events, count[  2], @[1119149.540548], took 0.000035
Thu May 15 03:35:56.612 [airport]/579 @[1119149.541029] (airportProcessCommand.m:1715) Processed events, count[  1], @[1119149.541006], took 0.000017
Thu May 15 03:35:56.612 [airport]/579 @[1119149.541173] (airportProcessCommand.m:1715) Processed events, count[  1], @[1119149.541147], took 0.000021
Thu May 15 03:35:56.613 [airport]/579 @[1119149.541385] (airportProcessCommand.m:1715) Processed events, count[  1], @[1119149.541363], took 0.000016
Thu May 15 03:35:56.613 [airport]/579 @[1119149.541585] (airportProcessCommand.m:1715) Processed events, count[  1], @[1119149.541565], took 0.000015
Thu May 15 03:35:56.613 [airport]/579 @[1119149.541818] (airportProcessCommand.m:1715) Processed events, count[  1], @[1119149.541798], took 0.000015
Thu May 15 03:35:56.613 [airport]/579 @[1119149.542193] (airportProcessCommand.m:1715) Processed events, count[  1], @[1119149.541961], took 0.000015
Thu May 15 03:35:56.613 [airport]/579 @[1119149.542266] (airportProcessCommand.m:1715) Processed events, count[  1], @[1119149.542247], took 0.000014
Thu May 15 03:35:56.614 [airport]/579 @[1119149.542395] (airportProcessCommand.m:1715) Processed events, count[  1], @[1119149.542376], took 0.000014
Thu May 15 03:35:56.614 [airport]/579 @[1119149.542577] (airportProcessCommand.m:1715) Processed events, count[  1], @[1119149.542559], took 0.000014
Thu May 15 03:35:56.614 [airport]/579 @[1119149.542730] (airportProcessCommand.m:1715) Processed events, count[  1], @[1119149.542706], took 0.000018
Thu May 15 03:35:56.614 [airport]/579 @[1119149.542872] (airportProcessCommand.m:1715) Processed events, count[  1], @[1119149.542854], took 0.000013
Thu May 15 03:35:56.614 [airport]/579 @[1119149.543016] (airportProcessCommand.m:1715) Processed events, count[  1], @[1119149.542998], took 0.000013
Thu May 15 03:35:56.614 [airport]/579 @[1119149.543143] (airportProcessCommand.m:1715) Processed events, count[  1], @[1119149.543123], took 0.000015
Thu May 15 03:35:56.614 [airport]/579 @[1119149.543326] (airportProcessCommand.m:1715) Processed events, count[  1], @[1119149.543302], took 0.000019
Thu May 15 03:35:56.615 [airport]/579 @[1119149.544032] (airportProcessCommand.m:1715) Processed events, count[  1], @[1119149.543457], took 0.000568
Thu May 15 03:35:56.615 [airport]/579 @[1119149.544306] (airportProcessCommand.m:1715) Processed events, count[  1], @[1119149.544113], took 0.000076
Thu May 15 03:35:56.616 [airport]/579 @[1119149.544380] (airportProcessCommand.m:1715) Processed events, count[  1], @[1119149.544359], took 0.000016
Thu May 15 03:35:56.616 [airport]/579 @[1119149.544429] (airportProcessCommand.m:1715) Processed events, count[  1], @[1119149.544402], took 0.000013
Thu May 15 03:35:56.616 [airport]/579 @[1119149.544472] (airportProcessCommand.m:1715) Processed events, count[  1], @[1119149.544453], took 0.000014
Thu May 15 03:35:56.616 [airport]/579 @[1119149.544707] (airportProcessCommand.m:1715) Processed events, count[  3], @[1119149.544664], took 0.000037
Thu May 15 03:35:56.616 [airport]/579 @[1119149.544802] (airportProcessCommand.m:1715) Processed events, count[  1], @[1119149.544783], took 0.000014
Thu May 15 03:35:56.616 [airport]/579 @[1119149.544953] (airportProcessCommand.m:1715) Processed events, count[  1], @[1119149.544934], took 0.000014
Thu May 15 03:35:56.616 [airport]/579 @[1119149.545095] (airportProcessCommand.m:1715) Processed events, count[  1], @[1119149.545075], took 0.000014
Thu May 15 03:35:56.616 [airport]/579 @[1119149.545249] (airportProcessCommand.m:1715) Processed events, count[  1], @[1119149.545229], took 0.000015
Thu May 15 03:35:56.617 [airport]/579 @[1119149.545362] (airportProcessCommand.m:1715) Processed events, count[  1], @[1119149.545343], took 0.000014
Thu May 15 03:35:56.617 [airport]/579 @[1119149.545925] (airportProcessCommand.m:1715) Processed events, count[  1], @[1119149.545470], took 0.000448
Thu May 15 03:35:56.617 [airport]/579 @[1119149.546015] (airportProcessCommand.m:1715) Processed events, count[  1], @[1119149.545997], took 0.000014
Thu May 15 03:35:56.617 [airport]/579 @[1119149.546056] (airportProcessCommand.m:1715) Processed events, count[  1], @[1119149.546038], took 0.000012
Thu May 15 03:35:56.617 [airport]/579 @[1119149.546093] (airportProcessCommand.m:1715) Processed events, count[  1], @[1119149.546074], took 0.000013
Thu May 15 03:35:56.617 [airport]/579 @[1119149.546131] (airportProcessCommand.m:1715) Processed events, count[  1], @[1119149.546112], took 0.000014
Thu May 15 03:35:56.617 [airport]/579 @[1119149.546298] (airportProcessCommand.m:1715) Processed events, count[  1], @[1119149.546277], took 0.000016
Thu May 15 03:35:56.618 [airport]/579 @[1119149.546458] (airportProcessCommand.m:1715) Processed events, count[  1], @[1119149.546439], took 0.000015
Thu May 15 03:35:56.714 [airport]/579 @[1119149.642955] (configdIODriverInterface.m:4687) caps = CPU Net Disk , connection[0x6ac0492c0] token[0x00000000] capabilties[0x000000b9], description:'DarkWake:cpu disk net push ', lastSleepType[0x00000007]/'Deep Idle', hibernateStateFound[1] hibernateState[0x00000000/0] hibernateMode[0x00000003/3]
Thu May 15 03:35:56.721 [airport]/579 @[1119149.650082] (configdIODriverInterface.m:4784) Acknowledging sleep event, connection[0x6ac0492c0] token[0x00000000]
Thu May 15 03:35:56.957 [airport]/579 @[1119149.885725] (configdIODriverInterface.m:1377) driver available (reason=0xe0821803, subreason=0x0, flags=0x0), node:isDriverAvailable=0
Thu May 15 03:35:57.052 Usb Host Notification Apple80211Set: seqNum 3272 Total 0 chg 0 en0
Thu May 15 03:35:57.055 Usb Host Notification metrics: usbChange=0, count=0, noiseDelta=0
Thu May 15 03:35:57.125 Usb Host Notification Apple80211Set: seqNum 3273 Total 0 chg 0 en0
Thu May 15 03:35:57.126 Usb Host Notification metrics: usbChange=0, count=0, noiseDelta=0
Thu May 15 03:35:57.174 [airport]/579 @[1119150.102735] (airportProcessCommand.m:1715) Processed events, count[ 19], @[1119150.101944], took 0.000759
Thu May 15 03:35:58.738 [airport]/579 @[1119151.666585] (configdIODriverInterface.m:4687) caps = , connection[0x6ac0492c0] token[0x04b7000d] capabilties[0x00000000], description:'Sleep:<off> ', lastSleepType[0x00000007]/'Deep Idle', hibernateStateFound[1] hibernateState[0x00000000/0] hibernateMode[0x00000003/3]
Thu May 15 03:35:58.743 [airport]/579 @[1119151.671814] (configdIODriverInterface.m:4375) <en0> Scan offloads will be ENABLED (lpas_supported=yes, softap=disabled, wow=disabled, tcpka=active, allow_unassoc_wakes=yes, allow_disconn_sleeps=yes, aj_disabled=no, scan_offload_disabled_until=(null))
Thu May 15 03:35:58.760 [airport]/579 @[1119151.688725] (configdIODriverInterface.m:4450) <en0> Successfully configured scan offloads, aj_disabled=no, PNO count[4]
Thu May 15 03:35:58.761 [airport]/579 @[1119151.689615] (configdIODriverInterface.m:3826) Acknowledging sleep event, connection[0x6ac0492c0] token[0x04b7000d], gPMConnection[0x6ac0492c0]
Thu May 15 03:36:01.663 [airport]/579 @[1119154.589751] (configdIODriverInterface.m:1377) driver unavailable (reason=0xe0821804, subreason=0x0, flags=0x0), node:isDriverAvailable=1
Thu May 15 03:36:01.665 Usb Host Notification Error Apple80211Set: Device power is off seqNum 3274 Total 0 chg 0 en0
Thu May 15 03:36:01.671 [airport]/579 @[1119154.597381] (airportProcessCommand.m:1715) Processed events, count[  2], @[1119154.597264], took 0.000064
Thu May 15 03:36:01.671 [airport]/579 @[1119154.597605] (airportProcessCommand.m:1715) Processed events, count[  1], @[1119154.597552], took 0.000039
Thu May 15 03:36:01.672 [airport]/579 @[1119154.598430] (airportProcessCommand.m:1715) Processed events, count[  1], @[1119154.598363], took 0.000053
Thu May 15 03:36:01.672 [airport]/579 @[1119154.599146] (airportProcessCommand.m:1715) Processed events, count[  1], @[1119154.599090], took 0.000042
Thu May 15 03:36:01.673 [airport]/579 @[1119154.600065] (airportProcessCommand.m:1715) Processed events, count[  1], @[1119154.599869], took 0.000177
Thu May 15 03:36:01.674 [airport]/579 @[1119154.600756] (airportProcessCommand.m:1715) Processed events, count[  1], @[1119154.600544], took 0.000175
Thu May 15 03:36:01.674 [airport]/579 @[1119154.601025] (airportProcessCommand.m:1715) Processed events, count[  1], @[1119154.600974], took 0.000030
Thu May 15 03:36:01.675 [airport]/579 @[1119154.601566] (airportProcessCommand.m:1715) Processed events, count[  1], @[1119154.601529], took 0.000027
Thu May 15 03:36:01.675 [airport]/579 @[1119154.602142] (airportProcessCommand.m:1715) Processed events, count[  1], @[1119154.602103], took 0.000029
Thu May 15 03:36:01.679 [airport]/579 @[1119154.605262] (airportProcessCommand.m:1715) Processed events, count[  1], @[1119154.605198], took 0.000049
Thu May 15 03:36:01.679 [airport]/579 @[1119154.605882] (airportProcessCommand.m:1715) Processed events, count[  1], @[1119154.605313], took 0.000547
Thu May 15 03:36:01.679 [airport]/579 @[1119154.605993] (airportProcessCommand.m:1715) Processed events, count[  1], @[1119154.605966], took 0.000022
Thu May 15 03:36:01.679 [airport]/579 @[1119154.606049] (airportProcessCommand.m:1715) Processed events, count[  1], @[1119154.606026], took 0.000018
Thu May 15 03:36:01.679 [airport]/579 @[1119154.606110] (airportProcessCommand.m:1715) Processed events, count[  1], @[1119154.606081], took 0.000013
Thu May 15 03:36:01.679 [airport]/579 @[1119154.606167] (airportProcessCommand.m:1715) Processed events, count[  1], @[1119154.606143], took 0.000018
Thu May 15 03:36:01.679 [airport]/579 @[1119154.606222] (airportProcessCommand.m:1715) Processed events, count[  1], @[1119154.606198], took 0.000019
Thu May 15 03:36:01.680 [airport]/579 @[1119154.606320] (airportProcessCommand.m:1715) Processed events, count[  1], @[1119154.606290], took 0.000024
Thu May 15 03:49:14.598 [airport]/579 @[1119947.516481] (configdIODriverInterface.m:4687) caps = CPU Net Disk Early , connection[0x6ac0492c0] token[0x00000000] capabilties[0x00008019], description:'DarkWake:cpu disk net ', lastSleepType[0x00000007]/'Deep Idle', hibernateStateFound[1] hibernateState[0x00000000/0] hibernateMode[0x00000003/3]
Thu May 15 03:49:14.607 [airport]/579 @[1119947.525284] (configdIODriverInterface.m:4784) Acknowledging sleep event, connection[0x6ac0492c0] token[0x00000000]
Thu May 15 03:49:14.614 [airport]/579 @[1119947.532103] (airportProcessCommand.m:1715) Processed events, count[  2], @[1119947.532066], took 0.000030
Thu May 15 03:49:14.614 [airport]/579 @[1119947.532474] (airportProcessCommand.m:1715) Processed events, count[  1], @[1119947.532444], took 0.000024
Thu May 15 03:49:14.614 [airport]/579 @[1119947.532693] (airportProcessCommand.m:1715) Processed events, count[  2], @[1119947.532667], took 0.000021
Thu May 15 03:49:14.614 [airport]/579 @[1119947.532922] (airportProcessCommand.m:1715) Processed events, count[  1], @[1119947.532901], took 0.000016
Thu May 15 03:49:14.615 [airport]/579 @[1119947.533061] (airportProcessCommand.m:1715) Processed events, count[  1], @[1119947.533039], took 0.000017
Thu May 15 03:49:14.615 [airport]/579 @[1119947.533307] (airportProcessCommand.m:1715) Processed events, count[  1], @[1119947.533287], took 0.000015
Thu May 15 03:49:14.615 [airport]/579 @[1119947.533538] (airportProcessCommand.m:1715) Processed events, count[  1], @[1119947.533519], took 0.000014
Thu May 15 03:49:14.615 [airport]/579 @[1119947.533687] (airportProcessCommand.m:1715) Processed events, count[  1], @[1119947.533668], took 0.000013
Thu May 15 03:49:14.615 [airport]/579 @[1119947.533922] (airportProcessCommand.m:1715) Processed events, count[  1], @[1119947.533895], took 0.000021
Thu May 15 03:49:14.616 [airport]/579 @[1119947.534119] (airportProcessCommand.m:1715) Processed events, count[  1], @[1119947.534099], took 0.000015
Thu May 15 03:49:14.616 [airport]/579 @[1119947.534360] (airportProcessCommand.m:1715) Processed events, count[  1], @[1119947.534341], took 0.000014
Thu May 15 03:49:14.617 [airport]/579 @[1119947.535258] (airportProcessCommand.m:1715) Processed events, count[  1], @[1119947.534534], took 0.000718
Thu May 15 03:49:14.617 [airport]/579 @[1119947.535356] (airportProcessCommand.m:1715) Processed events, count[  1], @[1119947.535331], took 0.000020
Thu May 15 03:49:14.617 [airport]/579 @[1119947.535396] (airportProcessCommand.m:1715) Processed events, count[  1], @[1119947.535379], took 0.000012
Thu May 15 03:49:14.617 [airport]/579 @[1119947.535431] (airportProcessCommand.m:1715) Processed events, count[  1], @[1119947.535415], took 0.000012
Thu May 15 03:49:14.617 [airport]/579 @[1119947.535481] (airportProcessCommand.m:1715) Processed events, count[  1], @[1119947.535449], took 0.000026
Thu May 15 03:49:14.618 [airport]/579 @[1119947.536329] (airportProcessCommand.m:1715) Processed events, count[  1], @[1119947.536301], took 0.000022
Thu May 15 03:49:14.618 [airport]/579 @[1119947.536569] (airportProcessCommand.m:1715) Processed events, count[  2], @[1119947.536539], took 0.000025
Thu May 15 03:49:14.618 [airport]/579 @[1119947.536828] (airportProcessCommand.m:1715) Processed events, count[  2], @[1119947.536790], took 0.000033
Thu May 15 03:49:14.619 [airport]/579 @[1119947.536967] (airportProcessCommand.m:1715) Processed events, count[  1], @[1119947.536949], took 0.000014
Thu May 15 03:49:14.619 [airport]/579 @[1119947.537148] (airportProcessCommand.m:1715) Processed events, count[  1], @[1119947.537130], took 0.000014
Thu May 15 03:49:14.619 [airport]/579 @[1119947.537567] (airportProcessCommand.m:1715) Processed events, count[  1], @[1119947.537522], took 0.000014
Thu May 15 03:49:14.619 [airport]/579 @[1119947.537696] (airportProcessCommand.m:1715) Processed events, count[  1], @[1119947.537679], took 0.000012
Thu May 15 03:49:14.619 [airport]/579 @[1119947.537853] (airportProcessCommand.m:1715) Processed events, count[  1], @[1119947.537833], took 0.000015
Thu May 15 03:49:14.620 [airport]/579 @[1119947.538014] (airportProcessCommand.m:1715) Processed events, count[  1], @[1119947.537981], took 0.000020
Thu May 15 03:49:14.620 [airport]/579 @[1119947.538457] (airportProcessCommand.m:1715) Processed events, count[  1], @[1119947.538112], took 0.000338
Thu May 15 03:49:14.620 [airport]/579 @[1119947.538546] (airportProcessCommand.m:1715) Processed events, count[  1], @[1119947.538526], took 0.000015
Thu May 15 03:49:14.620 [airport]/579 @[1119947.538591] (airportProcessCommand.m:1715) Processed events, count[  1], @[1119947.538569], took 0.000016
Thu May 15 03:49:14.620 [airport]/579 @[1119947.538654] (airportProcessCommand.m:1715) Processed events, count[  1], @[1119947.538631], took 0.000017
Thu May 15 03:49:14.620 [airport]/579 @[1119947.538893] (airportProcessCommand.m:1715) Processed events, count[  1], @[1119947.538873], took 0.000016
Thu May 15 03:49:14.621 [airport]/579 @[1119947.539154] (airportProcessCommand.m:1715) Processed events, count[  1], @[1119947.539133], took 0.000016
Thu May 15 03:49:14.621 [airport]/579 @[1119947.539326] (airportProcessCommand.m:1715) Processed events, count[  1], @[1119947.539304], took 0.000017
Thu May 15 03:49:14.803 [airport]/579 @[1119947.720927] (configdIODriverInterface.m:4687) caps = CPU Net Disk , connection[0x6ac0492c0] token[0x00000000] capabilties[0x000000b9], description:'DarkWake:cpu disk net push ', lastSleepType[0x00000007]/'Deep Idle', hibernateStateFound[1] hibernateState[0x00000000/0] hibernateMode[0x00000003/3]
Thu May 15 03:49:14.816 [airport]/579 @[1119947.734275] (configdIODriverInterface.m:4784) Acknowledging sleep event, connection[0x6ac0492c0] token[0x00000000]
Thu May 15 03:49:14.970 [airport]/579 @[1119947.888269] (configdIODriverInterface.m:1377) driver available (reason=0xe0821803, subreason=0x0, flags=0x0), node:isDriverAvailable=0
Thu May 15 03:49:15.060 Usb Host Notification Apple80211Set: seqNum 3275 Total 0 chg 0 en0
Thu May 15 03:49:15.065 Usb Host Notification metrics: usbChange=0, count=0, noiseDelta=0
Thu May 15 03:49:15.132 Usb Host Notification Apple80211Set: seqNum 3276 Total 0 chg 0 en0
Thu May 15 03:49:15.134 Usb Host Notification metrics: usbChange=0, count=0, noiseDelta=0
Thu May 15 03:49:15.198 [airport]/579 @[1119948.116194] (airportProcessCommand.m:1715) Processed events, count[ 19], @[1119948.115541], took 0.000638
Thu May 15 03:49:21.693 [airport]/579 @[1119954.607874] (configdIODriverInterface.m:4687) caps = , connection[0x6ac0492c0] token[0x04b8000d] capabilties[0x00000000], description:'Sleep:<off> ', lastSleepType[0x00000007]/'Deep Idle', hibernateStateFound[1] hibernateState[0x00000000/0] hibernateMode[0x00000003/3]
Thu May 15 03:49:21.699 [airport]/579 @[1119954.613921] (configdIODriverInterface.m:4375) <en0> Scan offloads will be ENABLED (lpas_supported=yes, softap=disabled, wow=disabled, tcpka=active, allow_unassoc_wakes=yes, allow_disconn_sleeps=yes, aj_disabled=no, scan_offload_disabled_until=(null))
Thu May 15 03:49:21.717 [airport]/579 @[1119954.631967] (configdIODriverInterface.m:4450) <en0> Successfully configured scan offloads, aj_disabled=no, PNO count[4]
Thu May 15 03:49:21.718 [airport]/579 @[1119954.633053] (configdIODriverInterface.m:3826) Acknowledging sleep event, connection[0x6ac0492c0] token[0x04b8000d], gPMConnection[0x6ac0492c0]
Thu May 15 03:49:23.288 [airport]/579 @[1119956.202457] (configdIODriverInterface.m:1377) driver unavailable (reason=0xe0821804, subreason=0x0, flags=0x0), node:isDriverAvailable=1
Thu May 15 03:49:23.290 Usb Host Notification Error Apple80211Set: Device power is off seqNum 3277 Total 0 chg 0 en0
Thu May 15 03:49:23.300 [airport]/579 @[1119956.214362] (airportProcessCommand.m:1715) Processed events, count[  2], @[1119956.214192], took 0.000153
Thu May 15 03:49:23.301 [airport]/579 @[1119956.215040] (airportProcessCommand.m:1715) Processed events, count[  1], @[1119956.214997], took 0.000032
Thu May 15 03:49:23.301 [airport]/579 @[1119956.215511] (airportProcessCommand.m:1715) Processed events, count[  1], @[1119956.215466], took 0.000036
Thu May 15 03:49:23.302 [airport]/579 @[1119956.215910] (airportProcessCommand.m:1715) Processed events, count[  1], @[1119956.215675], took 0.000029
Thu May 15 03:49:23.302 [airport]/579 @[1119956.216414] (airportProcessCommand.m:1715) Processed events, count[  1], @[1119956.216275], took 0.000129
Thu May 15 03:49:23.303 [airport]/579 @[1119956.217091] (airportProcessCommand.m:1715) Processed events, count[  1], @[1119956.217047], took 0.000034
Thu May 15 03:49:23.303 [airport]/579 @[1119956.217428] (airportProcessCommand.m:1715) Processed events, count[  1], @[1119956.217391], took 0.000027
Thu May 15 03:49:23.304 [airport]/579 @[1119956.217923] (airportProcessCommand.m:1715) Processed events, count[  1], @[1119956.217879], took 0.000034
Thu May 15 03:49:23.304 [airport]/579 @[1119956.218250] (airportProcessCommand.m:1715) Processed events, count[  1], @[1119956.218226], took 0.000018
Thu May 15 03:49:23.304 [airport]/579 @[1119956.218405] (airportProcessCommand.m:1715) Processed events, count[  1], @[1119956.218383], took 0.000016
Thu May 15 03:49:23.305 [airport]/579 @[1119956.219039] (airportProcessCommand.m:1715) Processed events, count[  1], @[1119956.218564], took 0.000467
Thu May 15 03:49:23.305 [airport]/579 @[1119956.219144] (airportProcessCommand.m:1715) Processed events, count[  1], @[1119956.219122], took 0.000015
Thu May 15 03:49:23.305 [airport]/579 @[1119956.219299] (airportProcessCommand.m:1715) Processed events, count[  1], @[1119956.219170], took 0.000013
Thu May 15 03:49:23.305 [airport]/579 @[1119956.219498] (airportProcessCommand.m:1715) Processed events, count[  1], @[1119956.219428], took 0.000063
Thu May 15 03:49:23.306 [airport]/579 @[1119956.219989] (airportProcessCommand.m:1715) Processed events, count[  1], @[1119956.219961], took 0.000021
Thu May 15 03:49:23.306 [airport]/579 @[1119956.220291] (airportProcessCommand.m:1715) Processed events, count[  2], @[1119956.220248], took 0.000036
Thu May 15 04:05:19.623 [airport]/579 @[1120912.526988] (configdIODriverInterface.m:4687) caps = CPU Net Disk Early , connection[0x6ac0492c0] token[0x00000000] capabilties[0x00008019], description:'DarkWake:cpu disk net ', lastSleepType[0x00000007]/'Deep Idle', hibernateStateFound[1] hibernateState[0x00000000/0] hibernateMode[0x00000003/3]
Thu May 15 04:05:19.626 [airport]/579 @[1120912.530514] (configdIODriverInterface.m:4784) Acknowledging sleep event, connection[0x6ac0492c0] token[0x00000000]
Thu May 15 04:05:19.636 [airport]/579 @[1120912.540573] (airportProcessCommand.m:1715) Processed events, count[  2], @[1120912.540531], took 0.000035
Thu May 15 04:05:19.636 [airport]/579 @[1120912.540708] (airportProcessCommand.m:1715) Processed events, count[  1], @[1120912.540688], took 0.000014
Thu May 15 04:05:19.637 [airport]/579 @[1120912.540859] (airportProcessCommand.m:1715) Processed events, count[  1], @[1120912.540836], took 0.000017
Thu May 15 04:05:19.637 [airport]/579 @[1120912.541033] (airportProcessCommand.m:1715) Processed events, count[  1], @[1120912.541009], took 0.000018
Thu May 15 04:05:19.637 [airport]/579 @[1120912.541197] (airportProcessCommand.m:1715) Processed events, count[  1], @[1120912.541172], took 0.000020
Thu May 15 04:05:19.637 [airport]/579 @[1120912.541346] (airportProcessCommand.m:1715) Processed events, count[  1], @[1120912.541325], took 0.000015
Thu May 15 04:05:19.637 [airport]/579 @[1120912.541538] (airportProcessCommand.m:1715) Processed events, count[  1], @[1120912.541519], took 0.000014
Thu May 15 04:05:19.637 [airport]/579 @[1120912.541709] (airportProcessCommand.m:1715) Processed events, count[  1], @[1120912.541689], took 0.000014
Thu May 15 04:05:19.638 [airport]/579 @[1120912.542176] (airportProcessCommand.m:1715) Processed events, count[  2], @[1120912.542147], took 0.000023
Thu May 15 04:05:19.638 [airport]/579 @[1120912.542311] (airportProcessCommand.m:1715) Processed events, count[  1], @[1120912.542291], took 0.000015
Thu May 15 04:05:19.638 [airport]/579 @[1120912.542450] (airportProcessCommand.m:1715) Processed events, count[  1], @[1120912.542431], took 0.000014
Thu May 15 04:05:19.639 [airport]/579 @[1120912.543169] (airportProcessCommand.m:1715) Processed events, count[  1], @[1120912.542570], took 0.000591
Thu May 15 04:05:19.639 [airport]/579 @[1120912.543255] (airportProcessCommand.m:1715) Processed events, count[  1], @[1120912.543234], took 0.000016
Thu May 15 04:05:19.639 [airport]/579 @[1120912.543295] (airportProcessCommand.m:1715) Processed events, count[  1], @[1120912.543276], took 0.000014
Thu May 15 04:05:19.639 [airport]/579 @[1120912.543334] (airportProcessCommand.m:1715) Processed events, count[  1], @[1120912.543311], took 0.000017
Thu May 15 04:05:19.639 [airport]/579 @[1120912.543368] (airportProcessCommand.m:1715) Processed events, count[  1], @[1120912.543351], took 0.000012
Thu May 15 04:05:19.639 [airport]/579 @[1120912.543400] (airportProcessCommand.m:1715) Processed events, count[  1], @[1120912.543383], took 0.000012
Thu May 15 04:05:19.639 [airport]/579 @[1120912.543469] (airportProcessCommand.m:1715) Processed events, count[  1], @[1120912.543449], took 0.000014
Thu May 15 04:05:19.639 [airport]/579 @[1120912.543673] (airportProcessCommand.m:1715) Processed events, count[  1], @[1120912.543598], took 0.000019
Thu May 15 04:05:19.640 [airport]/579 @[1120912.543753] (airportProcessCommand.m:1715) Processed events, count[  1], @[1120912.543733], took 0.000015
Thu May 15 04:05:19.640 [airport]/579 @[1120912.543895] (airportProcessCommand.m:1715) Processed events, count[  1], @[1120912.543876], took 0.000014
Thu May 15 04:05:19.640 [airport]/579 @[1120912.544049] (airportProcessCommand.m:1715) Processed events, count[  1], @[1120912.544029], took 0.000015
Thu May 15 04:05:19.640 [airport]/579 @[1120912.544211] (airportProcessCommand.m:1715) Processed events, count[  1], @[1120912.544192], took 0.000014
Thu May 15 04:05:19.640 [airport]/579 @[1120912.544364] (airportProcessCommand.m:1715) Processed events, count[  1], @[1120912.544346], took 0.000013
Thu May 15 04:05:19.640 [airport]/579 @[1120912.544488] (airportProcessCommand.m:1715) Processed events, count[  1], @[1120912.544470], took 0.000013
Thu May 15 04:05:19.640 [airport]/579 @[1120912.544640] (airportProcessCommand.m:1715) Processed events, count[  1], @[1120912.544614], took 0.000020
Thu May 15 04:05:19.641 [airport]/579 @[1120912.544771] (airportProcessCommand.m:1715) Processed events, count[  1], @[1120912.544750], took 0.000016
Thu May 15 04:05:19.641 [airport]/579 @[1120912.545261] (airportProcessCommand.m:1715) Processed events, count[  1], @[1120912.544899], took 0.000354
Thu May 15 04:05:19.641 [airport]/579 @[1120912.545334] (airportProcessCommand.m:1715) Processed events, count[  1], @[1120912.545315], took 0.000014
Thu May 15 04:05:19.641 [airport]/579 @[1120912.545370] (airportProcessCommand.m:1715) Processed events, count[  1], @[1120912.545352], took 0.000012
Thu May 15 04:05:19.641 [airport]/579 @[1120912.545452] (airportProcessCommand.m:1715) Processed events, count[  1], @[1120912.545431], took 0.000016
Thu May 15 04:05:19.641 [airport]/579 @[1120912.545662] (airportProcessCommand.m:1715) Processed events, count[  1], @[1120912.545643], took 0.000014
Thu May 15 04:05:19.642 [airport]/579 @[1120912.545830] (airportProcessCommand.m:1715) Processed events, count[  1], @[1120912.545808], took 0.000016
Thu May 15 04:05:19.642 [airport]/579 @[1120912.545982] (airportProcessCommand.m:1715) Processed events, count[  1], @[1120912.545962], took 0.000015
Thu May 15 04:05:19.829 [airport]/579 @[1120912.732802] (configdIODriverInterface.m:4687) caps = CPU Net Disk , connection[0x6ac0492c0] token[0x00000000] capabilties[0x000000b9], description:'DarkWake:cpu disk net push ', lastSleepType[0x00000007]/'Deep Idle', hibernateStateFound[1] hibernateState[0x00000000/0] hibernateMode[0x00000003/3]
Thu May 15 04:05:19.841 [airport]/579 @[1120912.745516] (configdIODriverInterface.m:4784) Acknowledging sleep event, connection[0x6ac0492c0] token[0x00000000]
Thu May 15 04:05:20.038 [airport]/579 @[1120912.942490] (configdIODriverInterface.m:1377) driver available (reason=0xe0821803, subreason=0x0, flags=0x0), node:isDriverAvailable=0
Thu May 15 04:05:20.136 Usb Host Notification Apple80211Set: seqNum 3278 Total 0 chg 0 en0
Thu May 15 04:05:20.136 Usb Host Notification metrics: usbChange=0, count=0, noiseDelta=0
Thu May 15 04:05:20.227 Usb Host Notification Apple80211Set: seqNum 3279 Total 0 chg 0 en0
Thu May 15 04:05:20.234 Usb Host Notification metrics: usbChange=0, count=0, noiseDelta=0
Thu May 15 04:05:20.281 [airport]/579 @[1120913.185185] (airportProcessCommand.m:1715) Processed events, count[ 19], @[1120913.182413], took 0.002671
Thu May 15 04:05:21.840 [airport]/579 @[1120914.742503] (configdIODriverInterface.m:4687) caps = , connection[0x6ac0492c0] token[0x04b9000d] capabilties[0x00000000], description:'Sleep:<off> ', lastSleepType[0x00000007]/'Deep Idle', hibernateStateFound[1] hibernateState[0x00000000/0] hibernateMode[0x00000003/3]
Thu May 15 04:05:21.846 [airport]/579 @[1120914.748219] (configdIODriverInterface.m:4375) <en0> Scan offloads will be ENABLED (lpas_supported=yes, softap=disabled, wow=disabled, tcpka=active, allow_unassoc_wakes=yes, allow_disconn_sleeps=yes, aj_disabled=no, scan_offload_disabled_until=(null))
Thu May 15 04:05:21.861 [airport]/579 @[1120914.763597] (configdIODriverInterface.m:4450) <en0> Successfully configured scan offloads, aj_disabled=no, PNO count[4]
Thu May 15 04:05:21.862 [airport]/579 @[1120914.764542] (configdIODriverInterface.m:3826) Acknowledging sleep event, connection[0x6ac0492c0] token[0x04b9000d], gPMConnection[0x6ac0492c0]
Thu May 15 04:05:23.089 [airport]/579 @[1120915.988323] (airportdMain.m:1730) Health check alive, checkin@[1120915.988281], count[3886] 
Thu May 15 04:05:24.705 [airport]/579 @[1120917.600913] (configdIODriverInterface.m:1377) driver unavailable (reason=0xe0821804, subreason=0x0, flags=0x0), node:isDriverAvailable=1
Thu May 15 04:05:24.707 Usb Host Notification Error Apple80211Set: Device power is off seqNum 3280 Total 0 chg 0 en0
Thu May 15 04:05:24.717 [airport]/579 @[1120917.613678] (airportProcessCommand.m:1715) Processed events, count[  2], @[1120917.613457], took 0.000210
Thu May 15 04:05:24.718 [airport]/579 @[1120917.614014] (airportProcessCommand.m:1715) Processed events, count[  1], @[1120917.613969], took 0.000034
Thu May 15 04:05:24.719 [airport]/579 @[1120917.614927] (airportProcessCommand.m:1715) Processed events, count[  1], @[1120917.614680], took 0.000111
Thu May 15 04:05:24.719 [airport]/579 @[1120917.615331] (airportProcessCommand.m:1715) Processed events, count[  1], @[1120917.615290], took 0.000031
Thu May 15 04:05:24.720 [airport]/579 @[1120917.616203] (airportProcessCommand.m:1715) Processed events, count[  2], @[1120917.616133], took 0.000061
Thu May 15 04:05:24.720 [airport]/579 @[1120917.616506] (airportProcessCommand.m:1715) Processed events, count[  1], @[1120917.616458], took 0.000038
Thu May 15 04:05:24.721 [airport]/579 @[1120917.617017] (airportProcessCommand.m:1715) Processed events, count[  1], @[1120917.616977], took 0.000031
Thu May 15 04:05:24.721 [airport]/579 @[1120917.617528] (airportProcessCommand.m:1715) Processed events, count[  1], @[1120917.617497], took 0.000026
Thu May 15 04:05:24.721 [airport]/579 @[1120917.617807] (airportProcessCommand.m:1715) Processed events, count[  1], @[1120917.617786], took 0.000015
Thu May 15 04:05:24.722 [airport]/579 @[1120917.618547] (airportProcessCommand.m:1715) Processed events, count[  1], @[1120917.617931], took 0.000606
Thu May 15 04:05:24.722 [airport]/579 @[1120917.618657] (airportProcessCommand.m:1715) Processed events, count[  1], @[1120917.618627], took 0.000022
Thu May 15 04:05:24.722 [airport]/579 @[1120917.618724] (airportProcessCommand.m:1715) Processed events, count[  1], @[1120917.618692], took 0.000018
Thu May 15 04:05:24.722 [airport]/579 @[1120917.618862] (airportProcessCommand.m:1715) Processed events, count[  1], @[1120917.618837], took 0.000018
Thu May 15 04:05:24.723 [airport]/579 @[1120917.619050] (airportProcessCommand.m:1715) Processed events, count[  1], @[1120917.619018], took 0.000024
Thu May 15 04:05:24.723 [airport]/579 @[1120917.619331] (airportProcessCommand.m:1715) Processed events, count[  1], @[1120917.619278], took 0.000044
Thu May 15 04:05:24.723 [airport]/579 @[1120917.619539] (airportProcessCommand.m:1715) Processed events, count[  1], @[1120917.619511], took 0.000021
Thu May 15 04:22:40.642 [airport]/579 @[1121953.518805] (configdIODriverInterface.m:4687) caps = CPU Net Disk Early , connection[0x6ac0492c0] token[0x00000000] capabilties[0x00008019], description:'DarkWake:cpu disk net ', lastSleepType[0x00000007]/'Deep Idle', hibernateStateFound[1] hibernateState[0x00000000/0] hibernateMode[0x00000003/3]
Thu May 15 04:22:40.649 [airport]/579 @[1121953.525543] (configdIODriverInterface.m:4784) Acknowledging sleep event, connection[0x6ac0492c0] token[0x00000000]
Thu May 15 04:22:40.658 [airport]/579 @[1121953.534030] (airportProcessCommand.m:1715) Processed events, count[  2], @[1121953.533986], took 0.000037
Thu May 15 04:22:40.658 [airport]/579 @[1121953.534329] (airportProcessCommand.m:1715) Processed events, count[  1], @[1121953.534308], took 0.000016
Thu May 15 04:22:40.658 [airport]/579 @[1121953.534649] (airportProcessCommand.m:1715) Processed events, count[  1], @[1121953.534621], took 0.000022
Thu May 15 04:22:40.658 [airport]/579 @[1121953.534713] (airportProcessCommand.m:1715) Processed events, count[  1], @[1121953.534693], took 0.000014
Thu May 15 04:22:40.659 [airport]/579 @[1121953.534927] (airportProcessCommand.m:1715) Processed events, count[  1], @[1121953.534907], took 0.000015
Thu May 15 04:22:40.659 [airport]/579 @[1121953.535163] (airportProcessCommand.m:1715) Processed events, count[  1], @[1121953.535135], took 0.000018
Thu May 15 04:22:40.659 [airport]/579 @[1121953.535377] (airportProcessCommand.m:1715) Processed events, count[  1], @[1121953.535356], took 0.000016
Thu May 15 04:22:40.659 [airport]/579 @[1121953.535596] (airportProcessCommand.m:1715) Processed events, count[  1], @[1121953.535577], took 0.000014
Thu May 15 04:22:40.659 [airport]/579 @[1121953.535741] (airportProcessCommand.m:1715) Processed events, count[  1], @[1121953.535721], took 0.000015
Thu May 15 04:22:40.660 [airport]/579 @[1121953.536033] (airportProcessCommand.m:1715) Processed events, count[  1], @[1121953.536008], took 0.000019
Thu May 15 04:22:40.660 [airport]/579 @[1121953.536200] (airportProcessCommand.m:1715) Processed events, count[  1], @[1121953.536175], took 0.000016
Thu May 15 04:22:40.660 [airport]/579 @[1121953.536354] (airportProcessCommand.m:1715) Processed events, count[  1], @[1121953.536333], took 0.000015
Thu May 15 04:22:40.660 [airport]/579 @[1121953.536514] (airportProcessCommand.m:1715) Processed events, count[  1], @[1121953.536494], took 0.000014
Thu May 15 04:22:40.660 [airport]/579 @[1121953.536725] (airportProcessCommand.m:1715) Processed events, count[  1], @[1121953.536666], took 0.000054
Thu May 15 04:22:40.660 [airport]/579 @[1121953.536871] (airportProcessCommand.m:1715) Processed events, count[  1], @[1121953.536846], took 0.000015
Thu May 15 04:22:40.661 [airport]/579 @[1121953.537065] (airportProcessCommand.m:1715) Processed events, count[  1], @[1121953.537044], took 0.000015
Thu May 15 04:22:40.662 [airport]/579 @[1121953.537965] (airportProcessCommand.m:1715) Processed events, count[  1], @[1121953.537198], took 0.000760
Thu May 15 04:22:40.662 [airport]/579 @[1121953.538066] (airportProcessCommand.m:1715) Processed events, count[  1], @[1121953.538047], took 0.000015
Thu May 15 04:22:40.662 [airport]/579 @[1121953.538106] (airportProcessCommand.m:1715) Processed events, count[  1], @[1121953.538089], took 0.000012
Thu May 15 04:22:40.662 [airport]/579 @[1121953.538142] (airportProcessCommand.m:1715) Processed events, count[  1], @[1121953.538125], took 0.000012
Thu May 15 04:22:40.662 [airport]/579 @[1121953.538178] (airportProcessCommand.m:1715) Processed events, count[  1], @[1121953.538161], took 0.000012
Thu May 15 04:22:40.662 [airport]/579 @[1121953.538218] (airportProcessCommand.m:1715) Processed events, count[  1], @[1121953.538196], took 0.000011
Thu May 15 04:22:40.662 [airport]/579 @[1121953.538257] (airportProcessCommand.m:1715) Processed events, count[  1], @[1121953.538239], took 0.000013
Thu May 15 04:22:40.662 [airport]/579 @[1121953.538292] (airportProcessCommand.m:1715) Processed events, count[  1], @[1121953.538276], took 0.000011
Thu May 15 04:22:40.662 [airport]/579 @[1121953.538451] (airportProcessCommand.m:1715) Processed events, count[  1], @[1121953.538429], took 0.000016
Thu May 15 04:22:40.662 [airport]/579 @[1121953.538599] (airportProcessCommand.m:1715) Processed events, count[  1], @[1121953.538579], took 0.000014
Thu May 15 04:22:40.662 [airport]/579 @[1121953.538772] (airportProcessCommand.m:1715) Processed events, count[  1], @[1121953.538753], took 0.000014
Thu May 15 04:22:40.663 [airport]/579 @[1121953.539340] (airportProcessCommand.m:1715) Processed events, count[  1], @[1121953.538880], took 0.000454
Thu May 15 04:22:40.663 [airport]/579 @[1121953.539424] (airportProcessCommand.m:1715) Processed events, count[  1], @[1121953.539406], took 0.000013
Thu May 15 04:22:40.663 [airport]/579 @[1121953.539467] (airportProcessCommand.m:1715) Processed events, count[  1], @[1121953.539450], took 0.000012
Thu May 15 04:22:40.663 [airport]/579 @[1121953.539502] (airportProcessCommand.m:1715) Processed events, count[  1], @[1121953.539486], took 0.000012
Thu May 15 04:22:40.663 [airport]/579 @[1121953.539538] (airportProcessCommand.m:1715) Processed events, count[  1], @[1121953.539522], took 0.000012
Thu May 15 04:22:40.664 [airport]/579 @[1121953.539898] (airportProcessCommand.m:1715) Processed events, count[  1], @[1121953.539876], took 0.000016
Thu May 15 04:22:40.664 [airport]/579 @[1121953.540124] (airportProcessCommand.m:1715) Processed events, count[  1], @[1121953.540102], took 0.000017
Thu May 15 04:22:40.664 [airport]/579 @[1121953.540307] (airportProcessCommand.m:1715) Processed events, count[  1], @[1121953.540284], took 0.000017
Thu May 15 04:22:40.852 [airport]/579 @[1121953.728369] (configdIODriverInterface.m:4687) caps = CPU Net Disk , connection[0x6ac0492c0] token[0x00000000] capabilties[0x000000b9], description:'DarkWake:cpu disk net push ', lastSleepType[0x00000007]/'Deep Idle', hibernateStateFound[1] hibernateState[0x00000000/0] hibernateMode[0x00000003/3]
Thu May 15 04:22:40.867 [airport]/579 @[1121953.742526] (configdIODriverInterface.m:4784) Acknowledging sleep event, connection[0x6ac0492c0] token[0x00000000]
Thu May 15 04:22:41.021 [airport]/579 @[1121953.897043] (configdIODriverInterface.m:1377) driver available (reason=0xe0821803, subreason=0x0, flags=0x0), node:isDriverAvailable=0
Thu May 15 04:22:41.117 Usb Host Notification Apple80211Set: seqNum 3281 Total 0 chg 0 en0
Thu May 15 04:22:41.118 Usb Host Notification metrics: usbChange=0, count=0, noiseDelta=0
Thu May 15 04:22:41.187 Usb Host Notification Apple80211Set: seqNum 3282 Total 0 chg 0 en0
Thu May 15 04:22:41.192 Usb Host Notification metrics: usbChange=0, count=0, noiseDelta=0
Thu May 15 04:22:41.338 [airport]/579 @[1121954.212751] (airportProcessCommand.m:1715) Processed events, count[ 19], @[1121954.208039], took 0.004344
Thu May 15 04:22:41.338 [airport]/579 @[1121954.213558] (airportProcessCommand.m:1715) Processed events, count[  1], @[1121954.213522], took 0.000029
Thu May 15 04:22:42.874 [airport]/579 @[1121955.747713] (configdIODriverInterface.m:4687) caps = , connection[0x6ac0492c0] token[0x04ba000d] capabilties[0x00000000], description:'Sleep:<off> ', lastSleepType[0x00000007]/'Deep Idle', hibernateStateFound[1] hibernateState[0x00000000/0] hibernateMode[0x00000003/3]
Thu May 15 04:22:42.878 [airport]/579 @[1121955.751777] (configdIODriverInterface.m:4375) <en0> Scan offloads will be ENABLED (lpas_supported=yes, softap=disabled, wow=disabled, tcpka=active, allow_unassoc_wakes=yes, allow_disconn_sleeps=yes, aj_disabled=no, scan_offload_disabled_until=(null))
Thu May 15 04:22:42.896 [airport]/579 @[1121955.769191] (configdIODriverInterface.m:4450) <en0> Successfully configured scan offloads, aj_disabled=no, PNO count[4]
Thu May 15 04:22:42.897 [airport]/579 @[1121955.770005] (configdIODriverInterface.m:3826) Acknowledging sleep event, connection[0x6ac0492c0] token[0x04ba000d], gPMConnection[0x6ac0492c0]
Thu May 15 04:22:45.725 [airport]/579 @[1121958.598157] (configdIODriverInterface.m:1377) driver unavailable (reason=0xe0821804, subreason=0x0, flags=0x0), node:isDriverAvailable=1
Thu May 15 04:22:45.727 Usb Host Notification Error Apple80211Set: Device power is off seqNum 3283 Total 0 chg 0 en0
Thu May 15 04:22:45.736 [airport]/579 @[1121958.609641] (airportProcessCommand.m:1715) Processed events, count[  2], @[1121958.609535], took 0.000094
Thu May 15 04:22:45.737 [airport]/579 @[1121958.610070] (airportProcessCommand.m:1715) Processed events, count[  1], @[1121958.610028], took 0.000032
Thu May 15 04:22:45.737 [airport]/579 @[1121958.610732] (airportProcessCommand.m:1715) Processed events, count[  1], @[1121958.610585], took 0.000137
Thu May 15 04:22:45.738 [airport]/579 @[1121958.611383] (airportProcessCommand.m:1715) Processed events, count[  1], @[1121958.611198], took 0.000171
Thu May 15 04:22:45.738 [airport]/579 @[1121958.611882] (airportProcessCommand.m:1715) Processed events, count[  1], @[1121958.611821], took 0.000050
Thu May 15 04:22:45.739 [airport]/579 @[1121958.612509] (airportProcessCommand.m:1715) Processed events, count[  2], @[1121958.612443], took 0.000056
Thu May 15 04:22:45.740 [airport]/579 @[1121958.613025] (airportProcessCommand.m:1715) Processed events, count[  1], @[1121958.612971], took 0.000044
Thu May 15 04:22:45.740 [airport]/579 @[1121958.613422] (airportProcessCommand.m:1715) Processed events, count[  1], @[1121958.613345], took 0.000071
Thu May 15 04:22:45.740 [airport]/579 @[1121958.613589] (airportProcessCommand.m:1715) Processed events, count[  1], @[1121958.613568], took 0.000016
Thu May 15 04:22:45.741 [airport]/579 @[1121958.614508] (airportProcessCommand.m:1715) Processed events, count[  1], @[1121958.613829], took 0.000669
Thu May 15 04:22:45.741 [airport]/579 @[1121958.614595] (airportProcessCommand.m:1715) Processed events, count[  1], @[1121958.614568], took 0.000020
Thu May 15 04:22:45.741 [airport]/579 @[1121958.614662] (airportProcessCommand.m:1715) Processed events, count[  2], @[1121958.614624], took 0.000031
Thu May 15 04:22:45.741 [airport]/579 @[1121958.614827] (airportProcessCommand.m:1715) Processed events, count[  1], @[1121958.614796], took 0.000023
Thu May 15 04:22:45.742 [airport]/579 @[1121958.615071] (airportProcessCommand.m:1715) Processed events, count[  1], @[1121958.615045], took 0.000020
Thu May 15 04:22:45.742 [airport]/579 @[1121958.615274] (airportProcessCommand.m:1715) Processed events, count[  1], @[1121958.615245], took 0.000022
Thu May 15 04:38:09.658 [airport]/579 @[1122882.520994] (configdIODriverInterface.m:4687) caps = CPU Net Disk Early , connection[0x6ac0492c0] token[0x00000000] capabilties[0x00008019], description:'DarkWake:cpu disk net ', lastSleepType[0x00000007]/'Deep Idle', hibernateStateFound[1] hibernateState[0x00000000/0] hibernateMode[0x00000003/3]
Thu May 15 04:38:09.664 [airport]/579 @[1122882.526865] (configdIODriverInterface.m:4784) Acknowledging sleep event, connection[0x6ac0492c0] token[0x00000000]
Thu May 15 04:38:09.671 [airport]/579 @[1122882.533528] (airportProcessCommand.m:1715) Processed events, count[  2], @[1122882.533486], took 0.000036
Thu May 15 04:38:09.671 [airport]/579 @[1122882.533658] (airportProcessCommand.m:1715) Processed events, count[  1], @[1122882.533628], took 0.000023
Thu May 15 04:38:09.671 [airport]/579 @[1122882.534104] (airportProcessCommand.m:1715) Processed events, count[  1], @[1122882.534079], took 0.000019
Thu May 15 04:38:09.671 [airport]/579 @[1122882.534195] (airportProcessCommand.m:1715) Processed events, count[  1], @[1122882.534175], took 0.000015
Thu May 15 04:38:09.672 [airport]/579 @[1122882.534483] (airportProcessCommand.m:1715) Processed events, count[  1], @[1122882.534455], took 0.000023
Thu May 15 04:38:09.672 [airport]/579 @[1122882.534740] (airportProcessCommand.m:1715) Processed events, count[  1], @[1122882.534721], took 0.000014
Thu May 15 04:38:09.673 [airport]/579 @[1122882.535283] (airportProcessCommand.m:1715) Processed events, count[  1], @[1122882.535261], took 0.000017
Thu May 15 04:38:09.673 [airport]/579 @[1122882.535426] (airportProcessCommand.m:1715) Processed events, count[  2], @[1122882.535399], took 0.000022
Thu May 15 04:38:09.673 [airport]/579 @[1122882.535712] (airportProcessCommand.m:1715) Processed events, count[  1], @[1122882.535691], took 0.000015
Thu May 15 04:38:09.673 [airport]/579 @[1122882.535963] (airportProcessCommand.m:1715) Processed events, count[  2], @[1122882.535938], took 0.000020
Thu May 15 04:38:09.673 [airport]/579 @[1122882.536144] (airportProcessCommand.m:1715) Processed events, count[  1], @[1122882.536123], took 0.000016
Thu May 15 04:38:09.674 [airport]/579 @[1122882.536308] (airportProcessCommand.m:1715) Processed events, count[  1], @[1122882.536281], took 0.000022
Thu May 15 04:38:09.674 [airport]/579 @[1122882.536453] (airportProcessCommand.m:1715) Processed events, count[  1], @[1122882.536434], took 0.000014
Thu May 15 04:38:09.675 [airport]/579 @[1122882.537470] (airportProcessCommand.m:1715) Processed events, count[  1], @[1122882.536654], took 0.000809
Thu May 15 04:38:09.675 [airport]/579 @[1122882.537577] (airportProcessCommand.m:1715) Processed events, count[  1], @[1122882.537555], took 0.000018
Thu May 15 04:38:09.675 [airport]/579 @[1122882.537618] (airportProcessCommand.m:1715) Processed events, count[  1], @[1122882.537600], took 0.000013
Thu May 15 04:38:09.675 [airport]/579 @[1122882.537741] (airportProcessCommand.m:1715) Processed events, count[  1], @[1122882.537722], took 0.000014
Thu May 15 04:38:09.675 [airport]/579 @[1122882.537780] (airportProcessCommand.m:1715) Processed events, count[  1], @[1122882.537763], took 0.000012
Thu May 15 04:38:09.675 [airport]/579 @[1122882.537910] (airportProcessCommand.m:1715) Processed events, count[  1], @[1122882.537879], took 0.000022
Thu May 15 04:38:09.676 [airport]/579 @[1122882.538310] (airportProcessCommand.m:1715) Processed events, count[  2], @[1122882.538249], took 0.000023
Thu May 15 04:38:09.676 [airport]/579 @[1122882.538430] (airportProcessCommand.m:1715) Processed events, count[  1], @[1122882.538409], took 0.000016
Thu May 15 04:38:09.676 [airport]/579 @[1122882.538580] (airportProcessCommand.m:1715) Processed events, count[  1], @[1122882.538561], took 0.000014
Thu May 15 04:38:09.676 [airport]/579 @[1122882.538733] (airportProcessCommand.m:1715) Processed events, count[  1], @[1122882.538707], took 0.000020
Thu May 15 04:38:09.676 [airport]/579 @[1122882.538870] (airportProcessCommand.m:1715) Processed events, count[  1], @[1122882.538850], took 0.000014
Thu May 15 04:38:09.676 [airport]/579 @[1122882.539026] (airportProcessCommand.m:1715) Processed events, count[  1], @[1122882.539007], took 0.000014
Thu May 15 04:38:09.677 [airport]/579 @[1122882.539599] (airportProcessCommand.m:1715) Processed events, count[  1], @[1122882.539148], took 0.000444
Thu May 15 04:38:09.677 [airport]/579 @[1122882.539688] (airportProcessCommand.m:1715) Processed events, count[  1], @[1122882.539669], took 0.000014
Thu May 15 04:38:09.677 [airport]/579 @[1122882.539730] (airportProcessCommand.m:1715) Processed events, count[  1], @[1122882.539709], took 0.000016
Thu May 15 04:38:09.677 [airport]/579 @[1122882.539768] (airportProcessCommand.m:1715) Processed events, count[  1], @[1122882.539750], took 0.000013
Thu May 15 04:38:09.677 [airport]/579 @[1122882.539803] (airportProcessCommand.m:1715) Processed events, count[  1], @[1122882.539787], took 0.000012
Thu May 15 04:38:09.677 [airport]/579 @[1122882.539994] (airportProcessCommand.m:1715) Processed events, count[  1], @[1122882.539975], took 0.000014
Thu May 15 04:38:09.677 [airport]/579 @[1122882.540164] (airportProcessCommand.m:1715) Processed events, count[  1], @[1122882.540142], took 0.000017
Thu May 15 04:38:09.861 [airport]/579 @[1122882.723878] (configdIODriverInterface.m:4687) caps = CPU Net Disk , connection[0x6ac0492c0] token[0x00000000] capabilties[0x000000b9], description:'DarkWake:cpu disk net push ', lastSleepType[0x00000007]/'Deep Idle', hibernateStateFound[1] hibernateState[0x00000000/0] hibernateMode[0x00000003/3]
Thu May 15 04:38:09.879 [airport]/579 @[1122882.741465] (configdIODriverInterface.m:4784) Acknowledging sleep event, connection[0x6ac0492c0] token[0x00000000]
Thu May 15 04:38:10.086 [airport]/579 @[1122882.948748] (configdIODriverInterface.m:1377) driver available (reason=0xe0821803, subreason=0x0, flags=0x0), node:isDriverAvailable=0
Thu May 15 04:38:10.176 Usb Host Notification Apple80211Set: seqNum 3284 Total 0 chg 0 en0
Thu May 15 04:38:10.178 Usb Host Notification metrics: usbChange=0, count=0, noiseDelta=0
Thu May 15 04:38:10.268 Usb Host Notification Apple80211Set: seqNum 3285 Total 0 chg 0 en0
Thu May 15 04:38:10.270 Usb Host Notification metrics: usbChange=0, count=0, noiseDelta=0
Thu May 15 04:38:10.354 [airport]/579 @[1122883.217187] (airportProcessCommand.m:1715) Processed events, count[ 12], @[1122883.217047], took 0.000130
Thu May 15 04:38:10.357 [airport]/579 @[1122883.220031] (airportProcessCommand.m:1715) Processed events, count[  7], @[1122883.217315], took 0.002706
Thu May 15 04:38:11.877 [airport]/579 @[1122884.740527] (configdIODriverInterface.m:4687) caps = , connection[0x6ac0492c0] token[0x04bb000d] capabilties[0x00000000], description:'Sleep:<off> ', lastSleepType[0x00000007]/'Deep Idle', hibernateStateFound[1] hibernateState[0x00000000/0] hibernateMode[0x00000003/3]
Thu May 15 04:38:11.883 [airport]/579 @[1122884.746644] (configdIODriverInterface.m:4375) <en0> Scan offloads will be ENABLED (lpas_supported=yes, softap=disabled, wow=disabled, tcpka=active, allow_unassoc_wakes=yes, allow_disconn_sleeps=yes, aj_disabled=no, scan_offload_disabled_until=(null))
Thu May 15 04:38:11.900 [airport]/579 @[1122884.763872] (configdIODriverInterface.m:4450) <en0> Successfully configured scan offloads, aj_disabled=no, PNO count[4]
Thu May 15 04:38:11.901 [airport]/579 @[1122884.764399] (configdIODriverInterface.m:3826) Acknowledging sleep event, connection[0x6ac0492c0] token[0x04bb000d], gPMConnection[0x6ac0492c0]
Thu May 15 04:38:14.725 [airport]/579 @[1122887.591833] (configdIODriverInterface.m:1377) driver unavailable (reason=0xe0821804, subreason=0x0, flags=0x0), node:isDriverAvailable=1
Thu May 15 04:38:14.727 Usb Host Notification Error Apple80211Set: Device power is off seqNum 3286 Total 0 chg 0 en0
Thu May 15 04:38:14.740 [airport]/579 @[1122887.607284] (airportProcessCommand.m:1715) Processed events, count[  2], @[1122887.607213], took 0.000065
Thu May 15 04:38:14.741 [airport]/579 @[1122887.607591] (airportProcessCommand.m:1715) Processed events, count[  1], @[1122887.607567], took 0.000018
Thu May 15 04:38:14.741 [airport]/579 @[1122887.608236] (airportProcessCommand.m:1715) Processed events, count[  1], @[1122887.608209], took 0.000021
Thu May 15 04:38:14.741 [airport]/579 @[1122887.608462] (airportProcessCommand.m:1715) Processed events, count[  1], @[1122887.608428], took 0.000028
Thu May 15 04:38:14.742 [airport]/579 @[1122887.609128] (airportProcessCommand.m:1715) Processed events, count[  1], @[1122887.608747], took 0.000375
Thu May 15 04:38:14.742 [airport]/579 @[1122887.609330] (airportProcessCommand.m:1715) Processed events, count[  1], @[1122887.609294], took 0.000031
Thu May 15 04:38:14.743 [airport]/579 @[1122887.609505] (airportProcessCommand.m:1715) Processed events, count[  1], @[1122887.609485], took 0.000015
Thu May 15 04:38:14.743 [airport]/579 @[1122887.609658] (airportProcessCommand.m:1715) Processed events, count[  1], @[1122887.609639], took 0.000014
Thu May 15 04:38:14.743 [airport]/579 @[1122887.609849] (airportProcessCommand.m:1715) Processed events, count[  1], @[1122887.609826], took 0.000017
Thu May 15 04:38:14.743 [airport]/579 @[1122887.610017] (airportProcessCommand.m:1715) Processed events, count[  1], @[1122887.609996], took 0.000016
Thu May 15 04:38:14.744 [airport]/579 @[1122887.610808] (airportProcessCommand.m:1715) Processed events, count[  1], @[1122887.610139], took 0.000660
Thu May 15 04:38:14.744 [airport]/579 @[1122887.610897] (airportProcessCommand.m:1715) Processed events, count[  1], @[1122887.610865], took 0.000024
Thu May 15 04:38:14.744 [airport]/579 @[1122887.610950] (airportProcessCommand.m:1715) Processed events, count[  1], @[1122887.610926], took 0.000017
Thu May 15 04:38:14.744 [airport]/579 @[1122887.611165] (airportProcessCommand.m:1715) Processed events, count[  1], @[1122887.611137], took 0.000021
Thu May 15 04:38:14.745 [airport]/579 @[1122887.611492] (airportProcessCommand.m:1715) Processed events, count[  1], @[1122887.611458], took 0.000027
Thu May 15 04:38:14.745 [airport]/579 @[1122887.611693] (airportProcessCommand.m:1715) Processed events, count[  1], @[1122887.611666], took 0.000020
Thu May 15 04:38:14.745 [airport]/579 @[1122887.611829] (airportProcessCommand.m:1715) Processed events, count[  1], @[1122887.611802], took 0.000021
Thu May 15 04:53:53.660 [airport]/579 @[1123826.521056] (configdIODriverInterface.m:4687) caps = CPU Net Disk Early , connection[0x6ac0492c0] token[0x00000000] capabilties[0x00008019], description:'DarkWake:cpu disk net ', lastSleepType[0x00000007]/'Deep Idle', hibernateStateFound[1] hibernateState[0x00000000/0] hibernateMode[0x00000003/3]
Thu May 15 04:53:53.667 [airport]/579 @[1123826.528071] (configdIODriverInterface.m:4784) Acknowledging sleep event, connection[0x6ac0492c0] token[0x00000000]
Thu May 15 04:53:53.674 [airport]/579 @[1123826.535420] (airportProcessCommand.m:1715) Processed events, count[  2], @[1123826.535374], took 0.000038
Thu May 15 04:53:53.674 [airport]/579 @[1123826.535646] (airportProcessCommand.m:1715) Processed events, count[  1], @[1123826.535621], took 0.000019
Thu May 15 04:53:53.674 [airport]/579 @[1123826.535820] (airportProcessCommand.m:1715) Processed events, count[  1], @[1123826.535798], took 0.000017
Thu May 15 04:53:53.675 [airport]/579 @[1123826.536071] (airportProcessCommand.m:1715) Processed events, count[  1], @[1123826.536051], took 0.000015
Thu May 15 04:53:53.675 [airport]/579 @[1123826.536291] (airportProcessCommand.m:1715) Processed events, count[  1], @[1123826.536271], took 0.000015
Thu May 15 04:53:53.675 [airport]/579 @[1123826.536406] (airportProcessCommand.m:1715) Processed events, count[  1], @[1123826.536388], took 0.000014
Thu May 15 04:53:53.675 [airport]/579 @[1123826.536593] (airportProcessCommand.m:1715) Processed events, count[  1], @[1123826.536574], took 0.000014
Thu May 15 04:53:53.676 [airport]/579 @[1123826.536846] (airportProcessCommand.m:1715) Processed events, count[  1], @[1123826.536826], took 0.000015
Thu May 15 04:53:53.676 [airport]/579 @[1123826.537177] (airportProcessCommand.m:1715) Processed events, count[  1], @[1123826.537157], took 0.000014
Thu May 15 04:53:53.676 [airport]/579 @[1123826.537520] (airportProcessCommand.m:1715) Processed events, count[  2], @[1123826.537489], took 0.000026
Thu May 15 04:53:53.676 [airport]/579 @[1123826.537637] (airportProcessCommand.m:1715) Processed events, count[  1], @[1123826.537618], took 0.000014
Thu May 15 04:53:53.676 [airport]/579 @[1123826.537806] (airportProcessCommand.m:1715) Processed events, count[  1], @[1123826.537784], took 0.000016
Thu May 15 04:53:53.677 [airport]/579 @[1123826.538523] (airportProcessCommand.m:1715) Processed events, count[  1], @[1123826.537927], took 0.000589
Thu May 15 04:53:53.677 [airport]/579 @[1123826.538618] (airportProcessCommand.m:1715) Processed events, count[  1], @[1123826.538594], took 0.000018
Thu May 15 04:53:53.677 [airport]/579 @[1123826.538654] (airportProcessCommand.m:1715) Processed events, count[  1], @[1123826.538637], took 0.000012
Thu May 15 04:53:53.677 [airport]/579 @[1123826.538688] (airportProcessCommand.m:1715) Processed events, count[  1], @[1123826.538672], took 0.000012
Thu May 15 04:53:53.677 [airport]/579 @[1123826.538723] (airportProcessCommand.m:1715) Processed events, count[  1], @[1123826.538707], took 0.000012
Thu May 15 04:53:53.678 [airport]/579 @[1123826.538915] (airportProcessCommand.m:1715) Processed events, count[  1], @[1123826.538895], took 0.000015
Thu May 15 04:53:53.678 [airport]/579 @[1123826.539312] (airportProcessCommand.m:1715) Processed events, count[  1], @[1123826.539240], took 0.000063
Thu May 15 04:53:53.678 [airport]/579 @[1123826.539403] (airportProcessCommand.m:1715) Processed events, count[  1], @[1123826.539382], took 0.000016
Thu May 15 04:53:53.678 [airport]/579 @[1123826.539554] (airportProcessCommand.m:1715) Processed events, count[  1], @[1123826.539531], took 0.000018
Thu May 15 04:53:53.678 [airport]/579 @[1123826.539696] (airportProcessCommand.m:1715) Processed events, count[  1], @[1123826.539670], took 0.000021
Thu May 15 04:53:53.679 [airport]/579 @[1123826.539842] (airportProcessCommand.m:1715) Processed events, count[  1], @[1123826.539822], took 0.000015
Thu May 15 04:53:53.679 [airport]/579 @[1123826.539966] (airportProcessCommand.m:1715) Processed events, count[  1], @[1123826.539946], took 0.000015
Thu May 15 04:53:53.679 [airport]/579 @[1123826.540127] (airportProcessCommand.m:1715) Processed events, count[  1], @[1123826.540073], took 0.000049
Thu May 15 04:53:53.679 [airport]/579 @[1123826.540283] (airportProcessCommand.m:1715) Processed events, count[  1], @[1123826.540263], took 0.000014
Thu May 15 04:53:53.679 [airport]/579 @[1123826.540442] (airportProcessCommand.m:1715) Processed events, count[  1], @[1123826.540423], took 0.000014
Thu May 15 04:53:53.680 [airport]/579 @[1123826.540956] (airportProcessCommand.m:1715) Processed events, count[  1], @[1123826.540598], took 0.000350
Thu May 15 04:53:53.680 [airport]/579 @[1123826.541023] (airportProcessCommand.m:1715) Processed events, count[  1], @[1123826.541003], took 0.000015
Thu May 15 04:53:53.680 [airport]/579 @[1123826.541061] (airportProcessCommand.m:1715) Processed events, count[  1], @[1123826.541044], took 0.000012
Thu May 15 04:53:53.680 [airport]/579 @[1123826.541184] (airportProcessCommand.m:1715) Processed events, count[  1], @[1123826.541164], took 0.000015
Thu May 15 04:53:53.680 [airport]/579 @[1123826.541329] (airportProcessCommand.m:1715) Processed events, count[  1], @[1123826.541310], took 0.000014
Thu May 15 04:53:53.680 [airport]/579 @[1123826.541457] (airportProcessCommand.m:1715) Processed events, count[  1], @[1123826.541438], took 0.000014
Thu May 15 04:53:53.680 [airport]/579 @[1123826.541600] (airportProcessCommand.m:1715) Processed events, count[  1], @[1123826.541576], took 0.000018
Thu May 15 04:53:53.883 [airport]/579 @[1123826.744272] (configdIODriverInterface.m:4687) caps = CPU Net Disk , connection[0x6ac0492c0] token[0x00000000] capabilties[0x000000b9], description:'DarkWake:cpu disk net push ', lastSleepType[0x00000007]/'Deep Idle', hibernateStateFound[1] hibernateState[0x00000000/0] hibernateMode[0x00000003/3]
Thu May 15 04:53:53.895 [airport]/579 @[1123826.756902] (configdIODriverInterface.m:4784) Acknowledging sleep event, connection[0x6ac0492c0] token[0x00000000]
Thu May 15 04:53:54.030 [airport]/579 @[1123826.891572] (configdIODriverInterface.m:1377) driver available (reason=0xe0821803, subreason=0x0, flags=0x0), node:isDriverAvailable=0
Thu May 15 04:53:54.123 Usb Host Notification Apple80211Set: seqNum 3287 Total 0 chg 0 en0
Thu May 15 04:53:54.125 Usb Host Notification metrics: usbChange=0, count=0, noiseDelta=0
Thu May 15 04:53:54.187 Usb Host Notification Apple80211Set: seqNum 3288 Total 0 chg 0 en0
Thu May 15 04:53:54.190 Usb Host Notification metrics: usbChange=0, count=0, noiseDelta=0
Thu May 15 04:53:54.232 [airport]/579 @[1123827.093579] (airportProcessCommand.m:1715) Processed events, count[ 19], @[1123827.092699], took 0.000871
Thu May 15 04:53:55.903 [airport]/579 @[1123828.765459] (configdIODriverInterface.m:4687) caps = , connection[0x6ac0492c0] token[0x04bc000d] capabilties[0x00000000], description:'Sleep:<off> ', lastSleepType[0x00000007]/'Deep Idle', hibernateStateFound[1] hibernateState[0x00000000/0] hibernateMode[0x00000003/3]
Thu May 15 04:53:55.907 [airport]/579 @[1123828.769368] (configdIODriverInterface.m:4375) <en0> Scan offloads will be ENABLED (lpas_supported=yes, softap=disabled, wow=disabled, tcpka=active, allow_unassoc_wakes=yes, allow_disconn_sleeps=yes, aj_disabled=no, scan_offload_disabled_until=(null))
Thu May 15 04:53:55.925 [airport]/579 @[1123828.787470] (configdIODriverInterface.m:4450) <en0> Successfully configured scan offloads, aj_disabled=no, PNO count[4]
Thu May 15 04:53:55.926 [airport]/579 @[1123828.788645] (configdIODriverInterface.m:3826) Acknowledging sleep event, connection[0x6ac0492c0] token[0x04bc000d], gPMConnection[0x6ac0492c0]
Thu May 15 04:53:58.753 [airport]/579 @[1123831.612909] (configdIODriverInterface.m:1377) driver unavailable (reason=0xe0821804, subreason=0x0, flags=0x0), node:isDriverAvailable=1
Thu May 15 04:53:58.756 Usb Host Notification Error Apple80211Set: Device power is off seqNum 3289 Total 0 chg 0 en0
Thu May 15 04:53:58.768 [airport]/579 @[1123831.629137] (airportProcessCommand.m:1715) Processed events, count[  2], @[1123831.629098], took 0.000032
Thu May 15 04:53:58.769 [airport]/579 @[1123831.630357] (airportProcessCommand.m:1715) Processed events, count[  1], @[1123831.630329], took 0.000022
Thu May 15 04:53:58.770 [airport]/579 @[1123831.630995] (airportProcessCommand.m:1715) Processed events, count[  1], @[1123831.630968], took 0.000021
Thu May 15 04:53:58.770 [airport]/579 @[1123831.631423] (airportProcessCommand.m:1715) Processed events, count[  2], @[1123831.631389], took 0.000029
Thu May 15 04:53:58.771 [airport]/579 @[1123831.631703] (airportProcessCommand.m:1715) Processed events, count[  1], @[1123831.631680], took 0.000017
Thu May 15 04:53:58.771 [airport]/579 @[1123831.632280] (airportProcessCommand.m:1715) Processed events, count[  1], @[1123831.632258], took 0.000017
Thu May 15 04:53:58.771 [airport]/579 @[1123831.632475] (airportProcessCommand.m:1715) Processed events, count[  1], @[1123831.632455], took 0.000014
Thu May 15 04:53:58.772 [airport]/579 @[1123831.632752] (airportProcessCommand.m:1715) Processed events, count[  1], @[1123831.632732], took 0.000015
Thu May 15 04:53:58.772 [airport]/579 @[1123831.633293] (airportProcessCommand.m:1715) Processed events, count[  1], @[1123831.633045], took 0.000241
Thu May 15 04:53:58.773 [airport]/579 @[1123831.634435] (airportProcessCommand.m:1715) Processed events, count[  1], @[1123831.633867], took 0.000558
Thu May 15 04:53:58.773 [airport]/579 @[1123831.634509] (airportProcessCommand.m:1715) Processed events, count[  1], @[1123831.634489], took 0.000015
Thu May 15 04:53:58.774 [airport]/579 @[1123831.634555] (airportProcessCommand.m:1715) Processed events, count[  1], @[1123831.634537], took 0.000013
Thu May 15 04:53:58.774 [airport]/579 @[1123831.635014] (airportProcessCommand.m:1715) Processed events, count[  1], @[1123831.634995], took 0.000014
Thu May 15 04:53:58.774 [airport]/579 @[1123831.635203] (airportProcessCommand.m:1715) Processed events, count[  1], @[1123831.635178], took 0.000018
Thu May 15 04:53:58.775 [airport]/579 @[1123831.635598] (airportProcessCommand.m:1715) Processed events, count[  1], @[1123831.635573], took 0.000019
Thu May 15 04:53:58.775 [airport]/579 @[1123831.635759] (airportProcessCommand.m:1715) Processed events, count[  1], @[1123831.635737], took 0.000016
Thu May 15 05:09:49.676 [airport]/579 @[1124782.524000] (configdIODriverInterface.m:4687) caps = CPU Net Disk Early , connection[0x6ac0492c0] token[0x00000000] capabilties[0x00008019], description:'DarkWake:cpu disk net ', lastSleepType[0x00000007]/'Deep Idle', hibernateStateFound[1] hibernateState[0x00000000/0] hibernateMode[0x00000003/3]
Thu May 15 05:09:49.681 [airport]/579 @[1124782.529438] (configdIODriverInterface.m:4784) Acknowledging sleep event, connection[0x6ac0492c0] token[0x00000000]
Thu May 15 05:09:49.690 [airport]/579 @[1124782.537997] (airportProcessCommand.m:1715) Processed events, count[  2], @[1124782.537960], took 0.000030
Thu May 15 05:09:49.690 [airport]/579 @[1124782.538297] (airportProcessCommand.m:1715) Processed events, count[  1], @[1124782.538277], took 0.000015
Thu May 15 05:09:49.690 [airport]/579 @[1124782.538529] (airportProcessCommand.m:1715) Processed events, count[  1], @[1124782.538433], took 0.000058
Thu May 15 05:09:49.691 [airport]/579 @[1124782.538849] (airportProcessCommand.m:1715) Processed events, count[  1], @[1124782.538825], took 0.000018
Thu May 15 05:09:49.691 [airport]/579 @[1124782.538965] (airportProcessCommand.m:1715) Processed events, count[  1], @[1124782.538936], took 0.000023
Thu May 15 05:09:49.691 [airport]/579 @[1124782.539185] (airportProcessCommand.m:1715) Processed events, count[  1], @[1124782.539163], took 0.000016
Thu May 15 05:09:49.691 [airport]/579 @[1124782.539396] (airportProcessCommand.m:1715) Processed events, count[  1], @[1124782.539376], took 0.000015
Thu May 15 05:09:49.691 [airport]/579 @[1124782.539586] (airportProcessCommand.m:1715) Processed events, count[  1], @[1124782.539565], took 0.000016
Thu May 15 05:09:49.692 [airport]/579 @[1124782.539957] (airportProcessCommand.m:1715) Processed events, count[  1], @[1124782.539764], took 0.000188
Thu May 15 05:09:49.692 [airport]/579 @[1124782.540033] (airportProcessCommand.m:1715) Processed events, count[  1], @[1124782.540012], took 0.000015
Thu May 15 05:09:49.692 [airport]/579 @[1124782.540247] (airportProcessCommand.m:1715) Processed events, count[  1], @[1124782.540226], took 0.000015
Thu May 15 05:09:49.692 [airport]/579 @[1124782.540397] (airportProcessCommand.m:1715) Processed events, count[  1], @[1124782.540377], took 0.000015
Thu May 15 05:09:49.692 [airport]/579 @[1124782.540567] (airportProcessCommand.m:1715) Processed events, count[  1], @[1124782.540547], took 0.000014
Thu May 15 05:09:49.693 [airport]/579 @[1124782.540773] (airportProcessCommand.m:1715) Processed events, count[  1], @[1124782.540753], took 0.000014
Thu May 15 05:09:49.693 [airport]/579 @[1124782.541620] (airportProcessCommand.m:1715) Processed events, count[  1], @[1124782.540914], took 0.000699
Thu May 15 05:09:49.694 [airport]/579 @[1124782.541724] (airportProcessCommand.m:1715) Processed events, count[  1], @[1124782.541703], took 0.000015
Thu May 15 05:09:49.694 [airport]/579 @[1124782.541765] (airportProcessCommand.m:1715) Processed events, count[  1], @[1124782.541746], took 0.000014
Thu May 15 05:09:49.694 [airport]/579 @[1124782.541803] (airportProcessCommand.m:1715) Processed events, count[  1], @[1124782.541785], took 0.000013
Thu May 15 05:09:49.694 [airport]/579 @[1124782.541839] (airportProcessCommand.m:1715) Processed events, count[  1], @[1124782.541821], took 0.000013
Thu May 15 05:09:49.694 [airport]/579 @[1124782.541944] (airportProcessCommand.m:1715) Processed events, count[  1], @[1124782.541921], took 0.000019
Thu May 15 05:09:49.694 [airport]/579 @[1124782.542429] (airportProcessCommand.m:1715) Processed events, count[  2], @[1124782.542396], took 0.000027
Thu May 15 05:09:49.694 [airport]/579 @[1124782.542550] (airportProcessCommand.m:1715) Processed events, count[  2], @[1124782.542524], took 0.000021
Thu May 15 05:09:49.695 [airport]/579 @[1124782.542790] (airportProcessCommand.m:1715) Processed events, count[  1], @[1124782.542768], took 0.000017
Thu May 15 05:09:49.695 [airport]/579 @[1124782.542930] (airportProcessCommand.m:1715) Processed events, count[  1], @[1124782.542912], took 0.000013
Thu May 15 05:09:49.695 [airport]/579 @[1124782.543059] (airportProcessCommand.m:1715) Processed events, count[  1], @[1124782.543041], took 0.000013
Thu May 15 05:09:49.695 [airport]/579 @[1124782.543228] (airportProcessCommand.m:1715) Processed events, count[  1], @[1124782.543199], took 0.000025
Thu May 15 05:09:49.696 [airport]/579 @[1124782.543756] (airportProcessCommand.m:1715) Processed events, count[  1], @[1124782.543372], took 0.000378
Thu May 15 05:09:49.696 [airport]/579 @[1124782.543856] (airportProcessCommand.m:1715) Processed events, count[  1], @[1124782.543831], took 0.000020
Thu May 15 05:09:49.696 [airport]/579 @[1124782.543898] (airportProcessCommand.m:1715) Processed events, count[  1], @[1124782.543881], took 0.000012
Thu May 15 05:09:49.696 [airport]/579 @[1124782.543995] (airportProcessCommand.m:1715) Processed events, count[  1], @[1124782.543975], took 0.000014
Thu May 15 05:09:49.696 [airport]/579 @[1124782.544164] (airportProcessCommand.m:1715) Processed events, count[  1], @[1124782.544145], took 0.000014
Thu May 15 05:09:49.696 [airport]/579 @[1124782.544352] (airportProcessCommand.m:1715) Processed events, count[  1], @[1124782.544290], took 0.000016
Thu May 15 05:09:49.696 [airport]/579 @[1124782.544475] (airportProcessCommand.m:1715) Processed events, count[  1], @[1124782.544450], took 0.000019
Thu May 15 05:09:49.888 [airport]/579 @[1124782.735808] (configdIODriverInterface.m:4687) caps = CPU Net Disk , connection[0x6ac0492c0] token[0x00000000] capabilties[0x000000b9], description:'DarkWake:cpu disk net push ', lastSleepType[0x00000007]/'Deep Idle', hibernateStateFound[1] hibernateState[0x00000000/0] hibernateMode[0x00000003/3]
Thu May 15 05:09:49.902 [airport]/579 @[1124782.750549] (configdIODriverInterface.m:4784) Acknowledging sleep event, connection[0x6ac0492c0] token[0x00000000]
Thu May 15 05:09:50.100 [airport]/579 @[1124782.948363] (configdIODriverInterface.m:1377) driver available (reason=0xe0821803, subreason=0x0, flags=0x0), node:isDriverAvailable=0
Thu May 15 05:09:50.196 Usb Host Notification Apple80211Set: seqNum 3290 Total 0 chg 0 en0
Thu May 15 05:09:50.197 Usb Host Notification metrics: usbChange=0, count=0, noiseDelta=0
Thu May 15 05:09:50.272 Usb Host Notification Apple80211Set: seqNum 3291 Total 0 chg 0 en0
Thu May 15 05:09:50.274 Usb Host Notification metrics: usbChange=0, count=0, noiseDelta=0
Thu May 15 05:09:50.336 [airport]/579 @[1124783.183425] (airportProcessCommand.m:1715) Processed events, count[ 17], @[1124783.182960], took 0.000457
Thu May 15 05:09:50.336 [airport]/579 @[1124783.183678] (airportProcessCommand.m:1715) Processed events, count[  1], @[1124783.183644], took 0.000028
Thu May 15 05:09:50.336 [airport]/579 @[1124783.183725] (airportProcessCommand.m:1715) Processed events, count[  1], @[1124783.183704], took 0.000016
Thu May 15 05:09:51.907 [airport]/579 @[1124784.753038] (configdIODriverInterface.m:4687) caps = , connection[0x6ac0492c0] token[0x04bd000d] capabilties[0x00000000], description:'Sleep:<off> ', lastSleepType[0x00000007]/'Deep Idle', hibernateStateFound[1] hibernateState[0x00000000/0] hibernateMode[0x00000003/3]
Thu May 15 05:09:51.913 [airport]/579 @[1124784.759340] (configdIODriverInterface.m:4375) <en0> Scan offloads will be ENABLED (lpas_supported=yes, softap=disabled, wow=disabled, tcpka=active, allow_unassoc_wakes=yes, allow_disconn_sleeps=yes, aj_disabled=no, scan_offload_disabled_until=(null))
Thu May 15 05:09:51.930 [airport]/579 @[1124784.776240] (configdIODriverInterface.m:4450) <en0> Successfully configured scan offloads, aj_disabled=no, PNO count[4]
Thu May 15 05:09:51.931 [airport]/579 @[1124784.777037] (configdIODriverInterface.m:3826) Acknowledging sleep event, connection[0x6ac0492c0] token[0x04bd000d], gPMConnection[0x6ac0492c0]
Thu May 15 05:09:54.759 [airport]/579 @[1124787.601316] (configdIODriverInterface.m:1377) driver unavailable (reason=0xe0821804, subreason=0x0, flags=0x0), node:isDriverAvailable=1
Thu May 15 05:09:54.761 Usb Host Notification Error Apple80211Set: Device power is off seqNum 3292 Total 0 chg 0 en0
Thu May 15 05:09:54.774 [airport]/579 @[1124787.616700] (airportProcessCommand.m:1715) Processed events, count[  2], @[1124787.616618], took 0.000070
Thu May 15 05:09:54.775 [airport]/579 @[1124787.617065] (airportProcessCommand.m:1715) Processed events, count[  1], @[1124787.616966], took 0.000089
Thu May 15 05:09:54.775 [airport]/579 @[1124787.617729] (airportProcessCommand.m:1715) Processed events, count[  1], @[1124787.617680], took 0.000038
Thu May 15 05:09:54.776 [airport]/579 @[1124787.618482] (airportProcessCommand.m:1715) Processed events, count[  1], @[1124787.618440], took 0.000031
Thu May 15 05:09:54.777 [airport]/579 @[1124787.618919] (airportProcessCommand.m:1715) Processed events, count[  1], @[1124787.618887], took 0.000023
Thu May 15 05:09:54.777 [airport]/579 @[1124787.619229] (airportProcessCommand.m:1715) Processed events, count[  1], @[1124787.619201], took 0.000021
Thu May 15 05:09:54.777 [airport]/579 @[1124787.619503] (airportProcessCommand.m:1715) Processed events, count[  1], @[1124787.619477], took 0.000019
Thu May 15 05:09:54.777 [airport]/579 @[1124787.619819] (airportProcessCommand.m:1715) Processed events, count[  1], @[1124787.619788], took 0.000024
Thu May 15 05:09:54.778 [airport]/579 @[1124787.619940] (airportProcessCommand.m:1715) Processed events, count[  1], @[1124787.619914], took 0.000019
Thu May 15 05:09:54.778 [airport]/579 @[1124787.620398] (airportProcessCommand.m:1715) Processed events, count[  1], @[1124787.620321], took 0.000062
Thu May 15 05:09:54.779 [airport]/579 @[1124787.620956] (airportProcessCommand.m:1715) Processed events, count[  1], @[1124787.620579], took 0.000370
Thu May 15 05:09:54.779 [airport]/579 @[1124787.621158] (airportProcessCommand.m:1715) Processed events, count[  1], @[1124787.621009], took 0.000141
Thu May 15 05:09:54.779 [airport]/579 @[1124787.621282] (airportProcessCommand.m:1715) Processed events, count[  1], @[1124787.621223], took 0.000052
Thu May 15 05:09:54.779 [airport]/579 @[1124787.621562] (airportProcessCommand.m:1715) Processed events, count[  1], @[1124787.621521], took 0.000034
Thu May 15 05:09:54.779 [airport]/579 @[1124787.621683] (airportProcessCommand.m:1715) Processed events, count[  1], @[1124787.621658], took 0.000019
Thu May 15 05:09:54.780 [airport]/579 @[1124787.621948] (airportProcessCommand.m:1715) Processed events, count[  1], @[1124787.621922], took 0.000019
Thu May 15 05:09:54.780 [airport]/579 @[1124787.622126] (airportProcessCommand.m:1715) Processed events, count[  1], @[1124787.622096], took 0.000022
Thu May 15 05:21:56.463 [airport]/579 @[1125509.291874] (configdIODriverInterface.m:4687) caps = CPU Net Disk Early , connection[0x6ac0492c0] token[0x00000000] capabilties[0x00008019], description:'DarkWake:cpu disk net ', lastSleepType[0x00000007]/'Deep Idle', hibernateStateFound[1] hibernateState[0x00000000/0] hibernateMode[0x00000003/3]
Thu May 15 05:21:56.467 [airport]/579 @[1125509.296169] (configdIODriverInterface.m:4784) Acknowledging sleep event, connection[0x6ac0492c0] token[0x00000000]
Thu May 15 05:21:56.477 [airport]/579 @[1125509.305786] (airportProcessCommand.m:1715) Processed events, count[  2], @[1125509.305745], took 0.000034
Thu May 15 05:21:56.477 [airport]/579 @[1125509.306333] (airportProcessCommand.m:1715) Processed events, count[  1], @[1125509.306312], took 0.000016
Thu May 15 05:21:56.477 [airport]/579 @[1125509.306479] (airportProcessCommand.m:1715) Processed events, count[  1], @[1125509.306457], took 0.000016
Thu May 15 05:21:56.478 [airport]/579 @[1125509.306761] (airportProcessCommand.m:1715) Processed events, count[  1], @[1125509.306741], took 0.000015
Thu May 15 05:21:56.478 [airport]/579 @[1125509.307062] (airportProcessCommand.m:1715) Processed events, count[  1], @[1125509.307039], took 0.000018
Thu May 15 05:21:56.478 [airport]/579 @[1125509.307236] (airportProcessCommand.m:1715) Processed events, count[  1], @[1125509.307215], took 0.000016
Thu May 15 05:21:56.478 [airport]/579 @[1125509.307395] (airportProcessCommand.m:1715) Processed events, count[  1], @[1125509.307376], took 0.000014
Thu May 15 05:21:56.478 [airport]/579 @[1125509.307603] (airportProcessCommand.m:1715) Processed events, count[  1], @[1125509.307581], took 0.000016
Thu May 15 05:21:56.479 [airport]/579 @[1125509.307819] (airportProcessCommand.m:1715) Processed events, count[  1], @[1125509.307792], took 0.000021
Thu May 15 05:21:56.479 [airport]/579 @[1125509.307980] (airportProcessCommand.m:1715) Processed events, count[  1], @[1125509.307958], took 0.000016
Thu May 15 05:21:56.479 [airport]/579 @[1125509.308137] (airportProcessCommand.m:1715) Processed events, count[  1], @[1125509.308118], took 0.000015
Thu May 15 05:21:56.479 [airport]/579 @[1125509.308280] (airportProcessCommand.m:1715) Processed events, count[  1], @[1125509.308259], took 0.000015
Thu May 15 05:21:56.479 [airport]/579 @[1125509.308553] (airportProcessCommand.m:1715) Processed events, count[  1], @[1125509.308505], took 0.000042
Thu May 15 05:21:56.479 [airport]/579 @[1125509.308666] (airportProcessCommand.m:1715) Processed events, count[  1], @[1125509.308648], took 0.000013
Thu May 15 05:21:56.480 [airport]/579 @[1125509.308825] (airportProcessCommand.m:1715) Processed events, count[  1], @[1125509.308806], took 0.000014
Thu May 15 05:21:56.480 [airport]/579 @[1125509.308976] (airportProcessCommand.m:1715) Processed events, count[  1], @[1125509.308957], took 0.000014
Thu May 15 05:21:56.480 [airport]/579 @[1125509.309121] (airportProcessCommand.m:1715) Processed events, count[  1], @[1125509.309103], took 0.000013
Thu May 15 05:21:56.481 [airport]/579 @[1125509.310149] (airportProcessCommand.m:1715) Processed events, count[  1], @[1125509.309251], took 0.000891
Thu May 15 05:21:56.481 [airport]/579 @[1125509.310244] (airportProcessCommand.m:1715) Processed events, count[  1], @[1125509.310223], took 0.000016
Thu May 15 05:21:56.481 [airport]/579 @[1125509.310285] (airportProcessCommand.m:1715) Processed events, count[  1], @[1125509.310266], took 0.000014
Thu May 15 05:21:56.481 [airport]/579 @[1125509.310321] (airportProcessCommand.m:1715) Processed events, count[  1], @[1125509.310304], took 0.000012
Thu May 15 05:21:56.481 [airport]/579 @[1125509.310356] (airportProcessCommand.m:1715) Processed events, count[  1], @[1125509.310340], took 0.000012
Thu May 15 05:21:56.481 [airport]/579 @[1125509.310390] (airportProcessCommand.m:1715) Processed events, count[  1], @[1125509.310374], took 0.000011
Thu May 15 05:21:56.481 [airport]/579 @[1125509.310425] (airportProcessCommand.m:1715) Processed events, count[  1], @[1125509.310408], took 0.000012
Thu May 15 05:21:56.481 [airport]/579 @[1125509.310459] (airportProcessCommand.m:1715) Processed events, count[  1], @[1125509.310443], took 0.000011
Thu May 15 05:21:56.481 [airport]/579 @[1125509.310588] (airportProcessCommand.m:1715) Processed events, count[  1], @[1125509.310570], took 0.000013
Thu May 15 05:21:56.482 [airport]/579 @[1125509.311149] (airportProcessCommand.m:1715) Processed events, count[  1], @[1125509.310722], took 0.000421
Thu May 15 05:21:56.482 [airport]/579 @[1125509.311281] (airportProcessCommand.m:1715) Processed events, count[  1], @[1125509.311226], took 0.000016
Thu May 15 05:21:56.482 [airport]/579 @[1125509.311324] (airportProcessCommand.m:1715) Processed events, count[  1], @[1125509.311306], took 0.000013
Thu May 15 05:21:56.482 [airport]/579 @[1125509.311366] (airportProcessCommand.m:1715) Processed events, count[  1], @[1125509.311344], took 0.000017
Thu May 15 05:21:56.482 [airport]/579 @[1125509.311401] (airportProcessCommand.m:1715) Processed events, count[  1], @[1125509.311385], took 0.000012
Thu May 15 05:21:56.482 [airport]/579 @[1125509.311483] (airportProcessCommand.m:1715) Processed events, count[  1], @[1125509.311463], took 0.000015
Thu May 15 05:21:56.482 [airport]/579 @[1125509.311623] (airportProcessCommand.m:1715) Processed events, count[  1], @[1125509.311605], took 0.000014
Thu May 15 05:21:56.483 [airport]/579 @[1125509.311819] (airportProcessCommand.m:1715) Processed events, count[  1], @[1125509.311794], took 0.000019
Thu May 15 05:21:56.483 [airport]/579 @[1125509.311968] (airportProcessCommand.m:1715) Processed events, count[  1], @[1125509.311946], took 0.000016
Thu May 15 05:21:56.764 [airport]/579 @[1125509.593173] (configdIODriverInterface.m:1377) driver available (reason=0xe0821803, subreason=0x0, flags=0x0), node:isDriverAvailable=0
Thu May 15 05:21:56.859 Usb Host Notification Apple80211Set: seqNum 3293 Total 0 chg 0 en0
Thu May 15 05:21:56.862 Usb Host Notification metrics: usbChange=0, count=0, noiseDelta=0
Thu May 15 05:21:56.943 Usb Host Notification Apple80211Set: seqNum 3294 Total 0 chg 0 en0
Thu May 15 05:21:56.944 Usb Host Notification metrics: usbChange=0, count=0, noiseDelta=0
Thu May 15 05:21:56.948 [airport]/579 @[1125509.776243] (configdIODriverInterface.m:4687) caps = CPU Net Disk , connection[0x6ac0492c0] token[0x00000000] capabilties[0x000000b9], description:'DarkWake:cpu disk net push ', lastSleepType[0x00000007]/'Deep Idle', hibernateStateFound[1] hibernateState[0x00000000/0] hibernateMode[0x00000003/3]
Thu May 15 05:21:56.958 [airport]/579 @[1125509.786508] (configdIODriverInterface.m:4784) Acknowledging sleep event, connection[0x6ac0492c0] token[0x00000000]
Thu May 15 05:21:56.992 [airport]/579 @[1125509.820136] (airportProcessCommand.m:1715) Processed events, count[ 19], @[1125509.818665], took 0.001457
Thu May 15 05:21:57.527 [airport]/579 @[1125510.354873] (configdIODriverInterface.m:4687) caps = CPU Video Audio Net Disk , connection[0x6ac0492c0] token[0x00000000] capabilties[0x0000003f], description:'FullWake:cpu disk net aud vid push ', lastSleepType[0x00000007]/'Deep Idle', hibernateStateFound[1] hibernateState[0x00000000/0] hibernateMode[0x00000003/3]
Thu May 15 05:21:58.068 [airport]/579 @[1125510.895633] (configdIODriverInterface.m:4914) Acknowledging sleep event, connection[0x6ac0492c0] token[0x00000000]
Thu May 15 05:21:58.959 Usb Host Notification Apple80211Set: seqNum 3295 Total 0 chg 0 en0
Thu May 15 05:21:59.169 Usb Host Notification metrics: usbChange=0, count=0, noiseDelta=0
Thu May 15 05:21:59.516 [airport]/579 @[1125512.341086] (configdIODriverInterface.m:4687) caps = CPU Net Disk , connection[0x6ac0492c0] token[0x00000000] capabilties[0x00000079], description:'DarkWake:cpu disk net push bg ', lastSleepType[0x00000007]/'Deep Idle', hibernateStateFound[1] hibernateState[0x00000000/0] hibernateMode[0x00000003/3]
Thu May 15 05:21:59.526 [airport]/579 @[1125512.351352] (configdIODriverInterface.m:4784) Acknowledging sleep event, connection[0x6ac0492c0] token[0x00000000]
Thu May 15 05:22:03.334 [airport]/579 @[1125516.156293] (airportdMain.m:1730) Health check alive, checkin@[1125516.156258], count[3887] 
Thu May 15 05:22:08.980 [airport]/579 @[1125521.798327] (configdIODriverInterface.m:4687) caps = , connection[0x6ac0492c0] token[0x04be000d] capabilties[0x00000000], description:'Sleep:<off> ', lastSleepType[0x00000007]/'Deep Idle', hibernateStateFound[1] hibernateState[0x00000000/0] hibernateMode[0x00000003/3]
Thu May 15 05:22:08.989 [airport]/579 @[1125521.807220] (configdIODriverInterface.m:4375) <en0> Scan offloads will be ENABLED (lpas_supported=yes, softap=disabled, wow=disabled, tcpka=active, allow_unassoc_wakes=yes, allow_disconn_sleeps=yes, aj_disabled=no, scan_offload_disabled_until=(null))
Thu May 15 05:22:09.007 [airport]/579 @[1125521.825180] (configdIODriverInterface.m:4450) <en0> Successfully configured scan offloads, aj_disabled=no, PNO count[4]
Thu May 15 05:22:09.008 [airport]/579 @[1125521.826037] (configdIODriverInterface.m:3826) Acknowledging sleep event, connection[0x6ac0492c0] token[0x04be000d], gPMConnection[0x6ac0492c0]
Thu May 15 05:22:10.579 [airport]/579 @[1125523.396102] (configdIODriverInterface.m:1377) driver unavailable (reason=0xe0821804, subreason=0x0, flags=0x0), node:isDriverAvailable=1
Thu May 15 05:22:10.581 Usb Host Notification Error Apple80211Set: Device power is off seqNum 3296 Total 0 chg 0 en0
Thu May 15 05:22:10.591 [airport]/579 @[1125523.407699] (airportProcessCommand.m:1715) Processed events, count[  2], @[1125523.407621], took 0.000067
Thu May 15 05:22:10.591 [airport]/579 @[1125523.408093] (airportProcessCommand.m:1715) Processed events, count[  1], @[1125523.408049], took 0.000033
Thu May 15 05:22:10.591 [airport]/579 @[1125523.408355] (airportProcessCommand.m:1715) Processed events, count[  1], @[1125523.408306], took 0.000038
Thu May 15 05:22:10.592 [airport]/579 @[1125523.408648] (airportProcessCommand.m:1715) Processed events, count[  1], @[1125523.408607], took 0.000031
Thu May 15 05:22:10.592 [airport]/579 @[1125523.408997] (airportProcessCommand.m:1715) Processed events, count[  1], @[1125523.408957], took 0.000030
Thu May 15 05:22:10.592 [airport]/579 @[1125523.409207] (airportProcessCommand.m:1715) Processed events, count[  1], @[1125523.409168], took 0.000030
Thu May 15 05:22:10.593 [airport]/579 @[1125523.410052] (airportProcessCommand.m:1715) Processed events, count[  1], @[1125523.409998], took 0.000039
Thu May 15 05:22:10.593 [airport]/579 @[1125523.410157] (airportProcessCommand.m:1715) Processed events, count[  1], @[1125523.410110], took 0.000037
Thu May 15 05:22:10.593 [airport]/579 @[1125523.410232] (airportProcessCommand.m:1715) Processed events, count[  1], @[1125523.410200], took 0.000024
Thu May 15 05:22:10.593 [airport]/579 @[1125523.410567] (airportProcessCommand.m:1715) Processed events, count[  1], @[1125523.410530], took 0.000027
Thu May 15 05:22:10.595 [airport]/579 @[1125523.412128] (airportProcessCommand.m:1715) Processed events, count[  1], @[1125523.411343], took 0.000775
Thu May 15 05:22:10.598 [airport]/579 @[1125523.415385] (airportProcessCommand.m:1715) Processed events, count[  1], @[1125523.415351], took 0.000026
Thu May 15 05:22:10.598 [airport]/579 @[1125523.415437] (airportProcessCommand.m:1715) Processed events, count[  1], @[1125523.415413], took 0.000015
Thu May 15 05:22:10.598 [airport]/579 @[1125523.415480] (airportProcessCommand.m:1715) Processed events, count[  1], @[1125523.415462], took 0.000012
Thu May 15 05:22:10.598 [airport]/579 @[1125523.415519] (airportProcessCommand.m:1715) Processed events, count[  1], @[1125523.415501], took 0.000013
Thu May 15 05:22:10.598 [airport]/579 @[1125523.415557] (airportProcessCommand.m:1715) Processed events, count[  1], @[1125523.415539], took 0.000013
Thu May 15 05:22:10.598 [airport]/579 @[1125523.415603] (airportProcessCommand.m:1715) Processed events, count[  1], @[1125523.415583], took 0.000012
Thu May 15 05:37:08.727 [airport]/579 @[1126421.527824] (configdIODriverInterface.m:4687) caps = CPU Net Disk Early , connection[0x6ac0492c0] token[0x00000000] capabilties[0x00008019], description:'DarkWake:cpu disk net ', lastSleepType[0x00000007]/'Deep Idle', hibernateStateFound[1] hibernateState[0x00000000/0] hibernateMode[0x00000003/3]
Thu May 15 05:37:08.729 [airport]/579 @[1126421.530271] (configdIODriverInterface.m:4784) Acknowledging sleep event, connection[0x6ac0492c0] token[0x00000000]
Thu May 15 05:37:08.738 [airport]/579 @[1126421.538769] (airportProcessCommand.m:1715) Processed events, count[  2], @[1126421.538736], took 0.000027
Thu May 15 05:37:08.738 [airport]/579 @[1126421.539022] (airportProcessCommand.m:1715) Processed events, count[  1], @[1126421.539003], took 0.000014
Thu May 15 05:37:08.738 [airport]/579 @[1126421.539205] (airportProcessCommand.m:1715) Processed events, count[  1], @[1126421.539185], took 0.000015
Thu May 15 05:37:08.738 [airport]/579 @[1126421.539351] (airportProcessCommand.m:1715) Processed events, count[  1], @[1126421.539326], took 0.000019
Thu May 15 05:37:08.738 [airport]/579 @[1126421.539560] (airportProcessCommand.m:1715) Processed events, count[  1], @[1126421.539540], took 0.000015
Thu May 15 05:37:08.739 [airport]/579 @[1126421.539863] (airportProcessCommand.m:1715) Processed events, count[  1], @[1126421.539840], took 0.000017
Thu May 15 05:37:08.739 [airport]/579 @[1126421.540084] (airportProcessCommand.m:1715) Processed events, count[  1], @[1126421.540064], took 0.000015
Thu May 15 05:37:08.739 [airport]/579 @[1126421.540521] (airportProcessCommand.m:1715) Processed events, count[  1], @[1126421.540267], took 0.000249
Thu May 15 05:37:08.740 [airport]/579 @[1126421.540855] (airportProcessCommand.m:1715) Processed events, count[  3], @[1126421.540806], took 0.000043
Thu May 15 05:37:08.740 [airport]/579 @[1126421.540975] (airportProcessCommand.m:1715) Processed events, count[  1], @[1126421.540951], took 0.000018
Thu May 15 05:37:08.740 [airport]/579 @[1126421.541132] (airportProcessCommand.m:1715) Processed events, count[  1], @[1126421.541112], took 0.000015
Thu May 15 05:37:08.741 [airport]/579 @[1126421.541927] (airportProcessCommand.m:1715) Processed events, count[  1], @[1126421.541246], took 0.000671
Thu May 15 05:37:08.741 [airport]/579 @[1126421.542005] (airportProcessCommand.m:1715) Processed events, count[  1], @[1126421.541986], took 0.000014
Thu May 15 05:37:08.741 [airport]/579 @[1126421.542042] (airportProcessCommand.m:1715) Processed events, count[  1], @[1126421.542025], took 0.000012
Thu May 15 05:37:08.741 [airport]/579 @[1126421.542076] (airportProcessCommand.m:1715) Processed events, count[  1], @[1126421.542058], took 0.000012
Thu May 15 05:37:08.741 [airport]/579 @[1126421.542108] (airportProcessCommand.m:1715) Processed events, count[  1], @[1126421.542092], took 0.000012
Thu May 15 05:37:08.741 [airport]/579 @[1126421.542140] (airportProcessCommand.m:1715) Processed events, count[  1], @[1126421.542123], took 0.000012
Thu May 15 05:37:08.741 [airport]/579 @[1126421.542265] (airportProcessCommand.m:1715) Processed events, count[  1], @[1126421.542240], took 0.000019
Thu May 15 05:37:08.741 [airport]/579 @[1126421.542410] (airportProcessCommand.m:1715) Processed events, count[  1], @[1126421.542390], took 0.000015
Thu May 15 05:37:08.741 [airport]/579 @[1126421.542565] (airportProcessCommand.m:1715) Processed events, count[  1], @[1126421.542544], took 0.000015
Thu May 15 05:37:08.742 [airport]/579 @[1126421.542723] (airportProcessCommand.m:1715) Processed events, count[  1], @[1126421.542695], took 0.000020
Thu May 15 05:37:08.742 [airport]/579 @[1126421.542863] (airportProcessCommand.m:1715) Processed events, count[  1], @[1126421.542840], took 0.000018
Thu May 15 05:37:08.742 [airport]/579 @[1126421.543001] (airportProcessCommand.m:1715) Processed events, count[  1], @[1126421.542980], took 0.000015
Thu May 15 05:37:08.742 [airport]/579 @[1126421.543143] (airportProcessCommand.m:1715) Processed events, count[  1], @[1126421.543123], took 0.000015
Thu May 15 05:37:08.742 [airport]/579 @[1126421.543272] (airportProcessCommand.m:1715) Processed events, count[  1], @[1126421.543254], took 0.000013
Thu May 15 05:37:08.742 [airport]/579 @[1126421.543417] (airportProcessCommand.m:1715) Processed events, count[  1], @[1126421.543397], took 0.000015
Thu May 15 05:37:08.743 [airport]/579 @[1126421.543881] (airportProcessCommand.m:1715) Processed events, count[  1], @[1126421.543535], took 0.000340
Thu May 15 05:37:08.743 [airport]/579 @[1126421.543945] (airportProcessCommand.m:1715) Processed events, count[  1], @[1126421.543927], took 0.000013
Thu May 15 05:37:08.743 [airport]/579 @[1126421.543979] (airportProcessCommand.m:1715) Processed events, count[  1], @[1126421.543963], took 0.000011
Thu May 15 05:37:08.743 [airport]/579 @[1126421.544156] (airportProcessCommand.m:1715) Processed events, count[  1], @[1126421.544138], took 0.000013
Thu May 15 05:37:08.743 [airport]/579 @[1126421.544347] (airportProcessCommand.m:1715) Processed events, count[  1], @[1126421.544329], took 0.000013
Thu May 15 05:37:08.743 [airport]/579 @[1126421.544504] (airportProcessCommand.m:1715) Processed events, count[  1], @[1126421.544486], took 0.000014
Thu May 15 05:37:08.744 [airport]/579 @[1126421.544660] (airportProcessCommand.m:1715) Processed events, count[  1], @[1126421.544637], took 0.000017
Thu May 15 05:37:08.837 [airport]/579 @[1126421.638086] (configdIODriverInterface.m:4687) caps = CPU Net Disk , connection[0x6ac0492c0] token[0x00000000] capabilties[0x00000039], description:'DarkWake:cpu disk net push ', lastSleepType[0x00000007]/'Deep Idle', hibernateStateFound[1] hibernateState[0x00000000/0] hibernateMode[0x00000003/3]
Thu May 15 05:37:08.848 [airport]/579 @[1126421.648921] (configdIODriverInterface.m:4784) Acknowledging sleep event, connection[0x6ac0492c0] token[0x00000000]
Thu May 15 05:37:09.171 [airport]/579 @[1126421.971914] (configdIODriverInterface.m:1377) driver available (reason=0xe0821803, subreason=0x0, flags=0x0), node:isDriverAvailable=0
Thu May 15 05:37:09.267 Usb Host Notification Apple80211Set: seqNum 3297 Total 0 chg 0 en0
Thu May 15 05:37:09.269 Usb Host Notification metrics: usbChange=0, count=0, noiseDelta=0
Thu May 15 05:37:09.329 Usb Host Notification Apple80211Set: seqNum 3298 Total 0 chg 0 en0
Thu May 15 05:37:09.332 Usb Host Notification metrics: usbChange=0, count=0, noiseDelta=0
Thu May 15 05:37:09.381 [airport]/579 @[1126422.181577] (airportProcessCommand.m:1715) Processed events, count[ 19], @[1126422.179005], took 0.002555
Thu May 15 05:37:31.301 [airport]/579 @[1126444.089048] (airportdMain.m:1730) Health check alive, checkin@[1126444.088991], count[3888] 
Thu May 15 05:37:53.895 [airport]/579 @[1126466.679522] (configdIODriverInterface.m:4687) caps = , connection[0x6ac0492c0] token[0x04bf000d] capabilties[0x00000000], description:'Sleep:<off> ', lastSleepType[0x00000007]/'Deep Idle', hibernateStateFound[1] hibernateState[0x00000000/0] hibernateMode[0x00000003/3]
Thu May 15 05:37:53.908 [airport]/579 @[1126466.692840] (configdIODriverInterface.m:4375) <en0> Scan offloads will be ENABLED (lpas_supported=yes, softap=disabled, wow=disabled, tcpka=active, allow_unassoc_wakes=yes, allow_disconn_sleeps=yes, aj_disabled=no, scan_offload_disabled_until=(null))
Thu May 15 05:37:53.925 [airport]/579 @[1126466.709507] (configdIODriverInterface.m:4450) <en0> Successfully configured scan offloads, aj_disabled=no, PNO count[4]
Thu May 15 05:37:53.925 [airport]/579 @[1126466.710025] (configdIODriverInterface.m:3826) Acknowledging sleep event, connection[0x6ac0492c0] token[0x04bf000d], gPMConnection[0x6ac0492c0]
Thu May 15 05:37:55.513 [airport]/579 @[1126468.297767] (configdIODriverInterface.m:1377) driver unavailable (reason=0xe0821804, subreason=0x0, flags=0x0), node:isDriverAvailable=1
Thu May 15 05:37:55.515 Usb Host Notification Error Apple80211Set: Device power is off seqNum 3299 Total 0 chg 0 en0
Thu May 15 05:37:55.525 [airport]/579 @[1126468.309798] (airportProcessCommand.m:1715) Processed events, count[  2], @[1126468.309733], took 0.000054
Thu May 15 05:37:55.526 [airport]/579 @[1126468.310377] (airportProcessCommand.m:1715) Processed events, count[  1], @[1126468.310336], took 0.000030
Thu May 15 05:37:55.526 [airport]/579 @[1126468.310880] (airportProcessCommand.m:1715) Processed events, count[  1], @[1126468.310724], took 0.000144
Thu May 15 05:37:55.526 [airport]/579 @[1126468.311038] (airportProcessCommand.m:1715) Processed events, count[  1], @[1126468.310999], took 0.000029
Thu May 15 05:37:55.527 [airport]/579 @[1126468.311372] (airportProcessCommand.m:1715) Processed events, count[  1], @[1126468.311260], took 0.000100
Thu May 15 05:37:55.527 [airport]/579 @[1126468.311897] (airportProcessCommand.m:1715) Processed events, count[  1], @[1126468.311866], took 0.000024
Thu May 15 05:37:55.527 [airport]/579 @[1126468.312131] (airportProcessCommand.m:1715) Processed events, count[  1], @[1126468.312105], took 0.000019
Thu May 15 05:37:55.528 [airport]/579 @[1126468.312300] (airportProcessCommand.m:1715) Processed events, count[  1], @[1126468.312270], took 0.000022
Thu May 15 05:37:55.528 [airport]/579 @[1126468.312689] (airportProcessCommand.m:1715) Processed events, count[  1], @[1126468.312653], took 0.000031
Thu May 15 05:37:55.528 [airport]/579 @[1126468.312962] (airportProcessCommand.m:1715) Processed events, count[  1], @[1126468.312942], took 0.000015
Thu May 15 05:37:55.530 [airport]/579 @[1126468.314157] (airportProcessCommand.m:1715) Processed events, count[  1], @[1126468.313178], took 0.000970
Thu May 15 05:37:55.530 [airport]/579 @[1126468.314255] (airportProcessCommand.m:1715) Processed events, count[  1], @[1126468.314221], took 0.000026
Thu May 15 05:37:55.530 [airport]/579 @[1126468.314321] (airportProcessCommand.m:1715) Processed events, count[  1], @[1126468.314296], took 0.000018
Thu May 15 05:37:55.530 [airport]/579 @[1126468.314382] (airportProcessCommand.m:1715) Processed events, count[  1], @[1126468.314356], took 0.000019
Thu May 15 05:37:55.530 [airport]/579 @[1126468.314469] (airportProcessCommand.m:1715) Processed events, count[  1], @[1126468.314441], took 0.000021
Thu May 15 05:37:55.530 [airport]/579 @[1126468.314815] (airportProcessCommand.m:1715) Processed events, count[  1], @[1126468.314780], took 0.000028
Thu May 15 05:37:55.530 [airport]/579 @[1126468.314989] (airportProcessCommand.m:1715) Processed events, count[  1], @[1126468.314957], took 0.000024
Thu May 15 05:50:14.754 [airport]/579 @[1127207.524216] (configdIODriverInterface.m:4687) caps = CPU Net Disk Early , connection[0x6ac0492c0] token[0x00000000] capabilties[0x00008019], description:'DarkWake:cpu disk net ', lastSleepType[0x00000007]/'Deep Idle', hibernateStateFound[1] hibernateState[0x00000000/0] hibernateMode[0x00000003/3]
Thu May 15 05:50:14.759 [airport]/579 @[1127207.529210] (configdIODriverInterface.m:4784) Acknowledging sleep event, connection[0x6ac0492c0] token[0x00000000]
Thu May 15 05:50:14.771 [airport]/579 @[1127207.541385] (airportProcessCommand.m:1715) Processed events, count[  2], @[1127207.541340], took 0.000038
Thu May 15 05:50:14.772 [airport]/579 @[1127207.541527] (airportProcessCommand.m:1715) Processed events, count[  1], @[1127207.541496], took 0.000025
Thu May 15 05:50:14.772 [airport]/579 @[1127207.541654] (airportProcessCommand.m:1715) Processed events, count[  1], @[1127207.541631], took 0.000018
Thu May 15 05:50:14.772 [airport]/579 @[1127207.541838] (airportProcessCommand.m:1715) Processed events, count[  1], @[1127207.541813], took 0.000016
Thu May 15 05:50:14.772 [airport]/579 @[1127207.541994] (airportProcessCommand.m:1715) Processed events, count[  1], @[1127207.541973], took 0.000016
Thu May 15 05:50:14.772 [airport]/579 @[1127207.542227] (airportProcessCommand.m:1715) Processed events, count[  1], @[1127207.542206], took 0.000016
Thu May 15 05:50:14.773 [airport]/579 @[1127207.542459] (airportProcessCommand.m:1715) Processed events, count[  1], @[1127207.542439], took 0.000015
Thu May 15 05:50:14.773 [airport]/579 @[1127207.542710] (airportProcessCommand.m:1715) Processed events, count[  1], @[1127207.542680], took 0.000024
Thu May 15 05:50:14.773 [airport]/579 @[1127207.542961] (airportProcessCommand.m:1715) Processed events, count[  1], @[1127207.542939], took 0.000018
Thu May 15 05:50:14.773 [airport]/579 @[1127207.543123] (airportProcessCommand.m:1715) Processed events, count[  1], @[1127207.543100], took 0.000018
Thu May 15 05:50:14.773 [airport]/579 @[1127207.543276] (airportProcessCommand.m:1715) Processed events, count[  1], @[1127207.543255], took 0.000016
Thu May 15 05:50:14.773 [airport]/579 @[1127207.543432] (airportProcessCommand.m:1715) Processed events, count[  1], @[1127207.543406], took 0.000021
Thu May 15 05:50:14.774 [airport]/579 @[1127207.543625] (airportProcessCommand.m:1715) Processed events, count[  1], @[1127207.543600], took 0.000019
Thu May 15 05:50:14.774 [airport]/579 @[1127207.544386] (airportProcessCommand.m:1715) Processed events, count[  1], @[1127207.543751], took 0.000627
Thu May 15 05:50:14.775 [airport]/579 @[1127207.544487] (airportProcessCommand.m:1715) Processed events, count[  1], @[1127207.544467], took 0.000015
Thu May 15 05:50:14.775 [airport]/579 @[1127207.544528] (airportProcessCommand.m:1715) Processed events, count[  1], @[1127207.544511], took 0.000012
Thu May 15 05:50:14.775 [airport]/579 @[1127207.544563] (airportProcessCommand.m:1715) Processed events, count[  1], @[1127207.544546], took 0.000012
Thu May 15 05:50:14.775 [airport]/579 @[1127207.544600] (airportProcessCommand.m:1715) Processed events, count[  1], @[1127207.544583], took 0.000012
Thu May 15 05:50:14.775 [airport]/579 @[1127207.544644] (airportProcessCommand.m:1715) Processed events, count[  1], @[1127207.544621], took 0.000017
Thu May 15 05:50:14.775 [airport]/579 @[1127207.544710] (airportProcessCommand.m:1715) Processed events, count[  1], @[1127207.544692], took 0.000013
Thu May 15 05:50:14.775 [airport]/579 @[1127207.544870] (airportProcessCommand.m:1715) Processed events, count[  1], @[1127207.544850], took 0.000015
Thu May 15 05:50:14.775 [airport]/579 @[1127207.545018] (airportProcessCommand.m:1715) Processed events, count[  1], @[1127207.544999], took 0.000013
Thu May 15 05:50:14.775 [airport]/579 @[1127207.545175] (airportProcessCommand.m:1715) Processed events, count[  1], @[1127207.545152], took 0.000017
Thu May 15 05:50:14.775 [airport]/579 @[1127207.545305] (airportProcessCommand.m:1715) Processed events, count[  1], @[1127207.545284], took 0.000017
Thu May 15 05:50:14.775 [airport]/579 @[1127207.545436] (airportProcessCommand.m:1715) Processed events, count[  1], @[1127207.545418], took 0.000014
Thu May 15 05:50:14.776 [airport]/579 @[1127207.545591] (airportProcessCommand.m:1715) Processed events, count[  1], @[1127207.545572], took 0.000015
Thu May 15 05:50:14.776 [airport]/579 @[1127207.545731] (airportProcessCommand.m:1715) Processed events, count[  1], @[1127207.545711], took 0.000015
Thu May 15 05:50:14.776 [airport]/579 @[1127207.545886] (airportProcessCommand.m:1715) Processed events, count[  1], @[1127207.545865], took 0.000015
Thu May 15 05:50:14.776 [airport]/579 @[1127207.546334] (airportProcessCommand.m:1715) Processed events, count[  1], @[1127207.546009], took 0.000319
Thu May 15 05:50:14.776 [airport]/579 @[1127207.546422] (airportProcessCommand.m:1715) Processed events, count[  1], @[1127207.546402], took 0.000015
Thu May 15 05:50:14.777 [airport]/579 @[1127207.546463] (airportProcessCommand.m:1715) Processed events, count[  1], @[1127207.546446], took 0.000012
Thu May 15 05:50:14.777 [airport]/579 @[1127207.546548] (airportProcessCommand.m:1715) Processed events, count[  1], @[1127207.546525], took 0.000012
Thu May 15 05:50:14.777 [airport]/579 @[1127207.546733] (airportProcessCommand.m:1715) Processed events, count[  1], @[1127207.546714], took 0.000014
Thu May 15 05:50:14.777 [airport]/579 @[1127207.546896] (airportProcessCommand.m:1715) Processed events, count[  1], @[1127207.546875], took 0.000016
Thu May 15 05:50:14.777 [airport]/579 @[1127207.547056] (airportProcessCommand.m:1715) Processed events, count[  1], @[1127207.547029], took 0.000019
Thu May 15 05:50:14.946 [airport]/579 @[1127207.716306] (configdIODriverInterface.m:4687) caps = CPU Net Disk , connection[0x6ac0492c0] token[0x00000000] capabilties[0x000000f9], description:'DarkWake:cpu disk net push bg ', lastSleepType[0x00000007]/'Deep Idle', hibernateStateFound[1] hibernateState[0x00000000/0] hibernateMode[0x00000003/3]
Thu May 15 05:50:14.960 [airport]/579 @[1127207.730139] (configdIODriverInterface.m:4784) Acknowledging sleep event, connection[0x6ac0492c0] token[0x00000000]
Thu May 15 05:50:15.198 [airport]/579 @[1127207.967435] (configdIODriverInterface.m:1377) driver available (reason=0xe0821803, subreason=0x0, flags=0x0), node:isDriverAvailable=0
Thu May 15 05:50:15.296 Usb Host Notification Apple80211Set: seqNum 3300 Total 0 chg 0 en0
Thu May 15 05:50:15.299 Usb Host Notification metrics: usbChange=0, count=0, noiseDelta=0
Thu May 15 05:50:15.352 Usb Host Notification Apple80211Set: seqNum 3301 Total 0 chg 0 en0
Thu May 15 05:50:15.353 Usb Host Notification metrics: usbChange=0, count=0, noiseDelta=0
Thu May 15 05:50:15.403 [airport]/579 @[1127208.173350] (airportProcessCommand.m:1715) Processed events, count[ 19], @[1127208.169696], took 0.003632
Thu May 15 05:50:20.309 [airport]/579 @[1127213.078812] (airportdMain.m:1730) Health check alive, checkin@[1127213.078744], count[3889] 
Thu May 15 05:50:50.318 [airport]/579 @[1127243.086543] (airportdMain.m:1730) Health check alive, checkin@[1127243.086490], count[3890] 
Thu May 15 05:50:59.980 [airport]/579 @[1127252.748325] (configdIODriverInterface.m:4687) caps = , connection[0x6ac0492c0] token[0x04c0000d] capabilties[0x00000000], description:'Sleep:<off> ', lastSleepType[0x00000007]/'Deep Idle', hibernateStateFound[1] hibernateState[0x00000000/0] hibernateMode[0x00000003/3]
Thu May 15 05:50:59.987 [airport]/579 @[1127252.755622] (configdIODriverInterface.m:4375) <en0> Scan offloads will be ENABLED (lpas_supported=yes, softap=disabled, wow=disabled, tcpka=active, allow_unassoc_wakes=yes, allow_disconn_sleeps=yes, aj_disabled=no, scan_offload_disabled_until=(null))
Thu May 15 05:51:00.006 [airport]/579 @[1127252.774198] (configdIODriverInterface.m:4450) <en0> Successfully configured scan offloads, aj_disabled=no, PNO count[4]
Thu May 15 05:51:00.008 [airport]/579 @[1127252.775733] (configdIODriverInterface.m:3826) Acknowledging sleep event, connection[0x6ac0492c0] token[0x04c0000d], gPMConnection[0x6ac0492c0]
Thu May 15 05:51:01.579 [airport]/579 @[1127254.347577] (configdIODriverInterface.m:1377) driver unavailable (reason=0xe0821804, subreason=0x0, flags=0x0), node:isDriverAvailable=1
Thu May 15 05:51:01.582 Usb Host Notification Error Apple80211Set: Device power is off seqNum 3302 Total 0 chg 0 en0
Thu May 15 05:51:01.592 [airport]/579 @[1127254.359771] (airportProcessCommand.m:1715) Processed events, count[  2], @[1127254.359663], took 0.000090
Thu May 15 05:51:01.592 [airport]/579 @[1127254.360414] (airportProcessCommand.m:1715) Processed events, count[  1], @[1127254.360370], took 0.000034
Thu May 15 05:51:01.593 [airport]/579 @[1127254.361134] (airportProcessCommand.m:1715) Processed events, count[  1], @[1127254.360949], took 0.000128
Thu May 15 05:51:01.593 [airport]/579 @[1127254.361645] (airportProcessCommand.m:1715) Processed events, count[  2], @[1127254.361591], took 0.000044
Thu May 15 05:51:01.594 [airport]/579 @[1127254.361953] (airportProcessCommand.m:1715) Processed events, count[  1], @[1127254.361908], took 0.000034
Thu May 15 05:51:01.595 [airport]/579 @[1127254.362758] (airportProcessCommand.m:1715) Processed events, count[  1], @[1127254.362719], took 0.000029
Thu May 15 05:51:01.595 [airport]/579 @[1127254.363066] (airportProcessCommand.m:1715) Processed events, count[  2], @[1127254.362950], took 0.000052
Thu May 15 05:51:01.599 [airport]/579 @[1127254.367358] (airportProcessCommand.m:1715) Processed events, count[  1], @[1127254.367308], took 0.000035
Thu May 15 05:51:01.607 [airport]/579 @[1127254.374745] (airportProcessCommand.m:1715) Processed events, count[  1], @[1127254.368103], took 0.006625
Thu May 15 05:51:01.607 [airport]/579 @[1127254.374951] (airportProcessCommand.m:1715) Processed events, count[  1], @[1127254.374899], took 0.000040
Thu May 15 05:51:01.607 [airport]/579 @[1127254.375012] (airportProcessCommand.m:1715) Processed events, count[  1], @[1127254.374983], took 0.000022
Thu May 15 05:51:01.607 [airport]/579 @[1127254.375066] (airportProcessCommand.m:1715) Processed events, count[  1], @[1127254.375040], took 0.000019
Thu May 15 05:51:01.607 [airport]/579 @[1127254.375119] (airportProcessCommand.m:1715) Processed events, count[  1], @[1127254.375094], took 0.000018
Thu May 15 05:51:01.607 [airport]/579 @[1127254.375168] (airportProcessCommand.m:1715) Processed events, count[  1], @[1127254.375144], took 0.000018
Thu May 15 05:51:01.607 [airport]/579 @[1127254.375215] (airportProcessCommand.m:1715) Processed events, count[  1], @[1127254.375192], took 0.000016
Thu May 15 06:03:10.167 [airport]/579 @[1127982.920226] (configdIODriverInterface.m:4687) caps = CPU Net Disk Early , connection[0x6ac0492c0] token[0x00000000] capabilties[0x00008019], description:'DarkWake:cpu disk net ', lastSleepType[0x00000007]/'Deep Idle', hibernateStateFound[1] hibernateState[0x00000000/0] hibernateMode[0x00000003/3]
Thu May 15 06:03:10.171 [airport]/579 @[1127982.924418] (configdIODriverInterface.m:4784) Acknowledging sleep event, connection[0x6ac0492c0] token[0x00000000]
Thu May 15 06:03:10.181 [airport]/579 @[1127982.934617] (airportProcessCommand.m:1715) Processed events, count[  2], @[1127982.934579], took 0.000031
Thu May 15 06:03:10.181 [airport]/579 @[1127982.934879] (airportProcessCommand.m:1715) Processed events, count[  1], @[1127982.934857], took 0.000016
Thu May 15 06:03:10.181 [airport]/579 @[1127982.935032] (airportProcessCommand.m:1715) Processed events, count[  1], @[1127982.935009], took 0.000018
Thu May 15 06:03:10.181 [airport]/579 @[1127982.935203] (airportProcessCommand.m:1715) Processed events, count[  1], @[1127982.935184], took 0.000014
Thu May 15 06:03:10.182 [airport]/579 @[1127982.935609] (airportProcessCommand.m:1715) Processed events, count[  1], @[1127982.935589], took 0.000015
Thu May 15 06:03:10.182 [airport]/579 @[1127982.935786] (airportProcessCommand.m:1715) Processed events, count[  1], @[1127982.935751], took 0.000024
Thu May 15 06:03:10.182 [airport]/579 @[1127982.935883] (airportProcessCommand.m:1715) Processed events, count[  1], @[1127982.935862], took 0.000016
Thu May 15 06:03:10.182 [airport]/579 @[1127982.936094] (airportProcessCommand.m:1715) Processed events, count[  1], @[1127982.936076], took 0.000013
Thu May 15 06:03:10.183 [airport]/579 @[1127982.936259] (airportProcessCommand.m:1715) Processed events, count[  1], @[1127982.936238], took 0.000015
Thu May 15 06:03:10.183 [airport]/579 @[1127982.936515] (airportProcessCommand.m:1715) Processed events, count[  1], @[1127982.936443], took 0.000067
Thu May 15 06:03:10.183 [airport]/579 @[1127982.936639] (airportProcessCommand.m:1715) Processed events, count[  1], @[1127982.936619], took 0.000015
Thu May 15 06:03:10.183 [airport]/579 @[1127982.936780] (airportProcessCommand.m:1715) Processed events, count[  1], @[1127982.936756], took 0.000018
Thu May 15 06:03:10.183 [airport]/579 @[1127982.936932] (airportProcessCommand.m:1715) Processed events, count[  1], @[1127982.936913], took 0.000015
Thu May 15 06:03:10.184 [airport]/579 @[1127982.937694] (airportProcessCommand.m:1715) Processed events, count[  1], @[1127982.937073], took 0.000615
Thu May 15 06:03:10.184 [airport]/579 @[1127982.937804] (airportProcessCommand.m:1715) Processed events, count[  1], @[1127982.937784], took 0.000015
Thu May 15 06:03:10.184 [airport]/579 @[1127982.937860] (airportProcessCommand.m:1715) Processed events, count[  2], @[1127982.937827], took 0.000022
Thu May 15 06:03:10.184 [airport]/579 @[1127982.937898] (airportProcessCommand.m:1715) Processed events, count[  1], @[1127982.937881], took 0.000012
Thu May 15 06:03:10.184 [airport]/579 @[1127982.938035] (airportProcessCommand.m:1715) Processed events, count[  1], @[1127982.938013], took 0.000017
Thu May 15 06:03:10.185 [airport]/579 @[1127982.938773] (airportProcessCommand.m:1715) Processed events, count[  2], @[1127982.938496], took 0.000271
Thu May 15 06:03:10.185 [airport]/579 @[1127982.939002] (airportProcessCommand.m:1715) Processed events, count[  1], @[1127982.938957], took 0.000039
Thu May 15 06:03:10.186 [airport]/579 @[1127982.939966] (airportProcessCommand.m:1715) Processed events, count[  2], @[1127982.939936], took 0.000025
Thu May 15 06:03:10.187 [airport]/579 @[1127982.940322] (airportProcessCommand.m:1715) Processed events, count[  2], @[1127982.940279], took 0.000036
Thu May 15 06:03:10.187 [airport]/579 @[1127982.940471] (airportProcessCommand.m:1715) Processed events, count[  1], @[1127982.940446], took 0.000020
Thu May 15 06:03:10.187 [airport]/579 @[1127982.940657] (airportProcessCommand.m:1715) Processed events, count[  1], @[1127982.940608], took 0.000044
Thu May 15 06:03:10.188 [airport]/579 @[1127982.941547] (airportProcessCommand.m:1715) Processed events, count[  1], @[1127982.940847], took 0.000693
Thu May 15 06:03:10.188 [airport]/579 @[1127982.941663] (airportProcessCommand.m:1715) Processed events, count[  1], @[1127982.941641], took 0.000016
Thu May 15 06:03:10.188 [airport]/579 @[1127982.941709] (airportProcessCommand.m:1715) Processed events, count[  1], @[1127982.941691], took 0.000013
Thu May 15 06:03:10.188 [airport]/579 @[1127982.941790] (airportProcessCommand.m:1715) Processed events, count[  1], @[1127982.941771], took 0.000014
Thu May 15 06:03:10.188 [airport]/579 @[1127982.941974] (airportProcessCommand.m:1715) Processed events, count[  1], @[1127982.941950], took 0.000018
Thu May 15 06:03:10.188 [airport]/579 @[1127982.942112] (airportProcessCommand.m:1715) Processed events, count[  1], @[1127982.942092], took 0.000015
Thu May 15 06:03:10.189 [airport]/579 @[1127982.942260] (airportProcessCommand.m:1715) Processed events, count[  1], @[1127982.942239], took 0.000015
Thu May 15 06:03:10.290 [airport]/579 @[1127983.043577] (configdIODriverInterface.m:4687) caps = CPU Net Disk , connection[0x6ac0492c0] token[0x00000000] capabilties[0x000000f9], description:'DarkWake:cpu disk net push bg ', lastSleepType[0x00000007]/'Deep Idle', hibernateStateFound[1] hibernateState[0x00000000/0] hibernateMode[0x00000003/3]
Thu May 15 06:03:10.291 [airport]/579 @[1127983.044946] (configdIODriverInterface.m:4784) Acknowledging sleep event, connection[0x6ac0492c0] token[0x00000000]
Thu May 15 06:03:10.565 [airport]/579 @[1127983.319041] (configdIODriverInterface.m:1377) driver available (reason=0xe0821803, subreason=0x0, flags=0x0), node:isDriverAvailable=0
Thu May 15 06:03:10.661 Usb Host Notification Apple80211Set: seqNum 3303 Total 0 chg 0 en0
Thu May 15 06:03:10.664 Usb Host Notification metrics: usbChange=0, count=0, noiseDelta=0
Thu May 15 06:03:10.735 Usb Host Notification Apple80211Set: seqNum 3304 Total 0 chg 0 en0
Thu May 15 06:03:10.738 Usb Host Notification metrics: usbChange=0, count=0, noiseDelta=0
Thu May 15 06:03:10.784 [airport]/579 @[1127983.537698] (airportProcessCommand.m:1715) Processed events, count[ 19], @[1127983.536363], took 0.001325
Thu May 15 06:03:16.398 [airport]/579 @[1127989.153253] (configdIODriverInterface.m:4687) caps = , connection[0x6ac0492c0] token[0x04c1000d] capabilties[0x00000000], description:'Sleep:<off> ', lastSleepType[0x00000007]/'Deep Idle', hibernateStateFound[1] hibernateState[0x00000000/0] hibernateMode[0x00000003/3]
Thu May 15 06:03:16.404 [airport]/579 @[1127989.158475] (configdIODriverInterface.m:4375) <en0> Scan offloads will be ENABLED (lpas_supported=yes, softap=disabled, wow=disabled, tcpka=active, allow_unassoc_wakes=yes, allow_disconn_sleeps=yes, aj_disabled=no, scan_offload_disabled_until=(null))
Thu May 15 06:03:16.422 [airport]/579 @[1127989.176784] (configdIODriverInterface.m:4450) <en0> Successfully configured scan offloads, aj_disabled=no, PNO count[4]
Thu May 15 06:03:16.423 [airport]/579 @[1127989.177574] (configdIODriverInterface.m:3826) Acknowledging sleep event, connection[0x6ac0492c0] token[0x04c1000d], gPMConnection[0x6ac0492c0]
Thu May 15 06:03:17.989 [airport]/579 @[1127990.744316] (configdIODriverInterface.m:1377) driver unavailable (reason=0xe0821804, subreason=0x0, flags=0x0), node:isDriverAvailable=1
Thu May 15 06:03:17.992 Usb Host Notification Error Apple80211Set: Device power is off seqNum 3305 Total 0 chg 0 en0
Thu May 15 06:03:18.003 [airport]/579 @[1127990.758294] (airportProcessCommand.m:1715) Processed events, count[  2], @[1127990.758218], took 0.000063
Thu May 15 06:03:18.004 [airport]/579 @[1127990.759120] (airportProcessCommand.m:1715) Processed events, count[  1], @[1127990.759080], took 0.000031
Thu May 15 06:03:18.005 [airport]/579 @[1127990.759957] (airportProcessCommand.m:1715) Processed events, count[  1], @[1127990.759835], took 0.000114
Thu May 15 06:03:18.005 [airport]/579 @[1127990.760451] (airportProcessCommand.m:1715) Processed events, count[  1], @[1127990.760418], took 0.000026
Thu May 15 06:03:18.005 [airport]/579 @[1127990.760725] (airportProcessCommand.m:1715) Processed events, count[  1], @[1127990.760642], took 0.000075
Thu May 15 06:03:18.006 [airport]/579 @[1127990.761093] (airportProcessCommand.m:1715) Processed events, count[  1], @[1127990.760977], took 0.000108
Thu May 15 06:03:18.006 [airport]/579 @[1127990.761429] (airportProcessCommand.m:1715) Processed events, count[  1], @[1127990.761399], took 0.000022
Thu May 15 06:03:18.007 [airport]/579 @[1127990.761838] (airportProcessCommand.m:1715) Processed events, count[  1], @[1127990.761768], took 0.000064
Thu May 15 06:03:18.007 [airport]/579 @[1127990.761959] (airportProcessCommand.m:1715) Processed events, count[  1], @[1127990.761921], took 0.000033
Thu May 15 06:03:18.007 [airport]/579 @[1127990.762222] (airportProcessCommand.m:1715) Processed events, count[  1], @[1127990.762180], took 0.000036
Thu May 15 06:03:18.008 [airport]/579 @[1127990.762980] (airportProcessCommand.m:1715) Processed events, count[  1], @[1127990.762465], took 0.000497
Thu May 15 06:03:18.008 [airport]/579 @[1127990.763124] (airportProcessCommand.m:1715) Processed events, count[  1], @[1127990.763093], took 0.000022
Thu May 15 06:03:18.008 [airport]/579 @[1127990.763202] (airportProcessCommand.m:1715) Processed events, count[  1], @[1127990.763169], took 0.000027
Thu May 15 06:03:18.008 [airport]/579 @[1127990.763485] (airportProcessCommand.m:1715) Processed events, count[  1], @[1127990.763456], took 0.000022
Thu May 15 06:03:18.009 [airport]/579 @[1127990.763894] (airportProcessCommand.m:1715) Processed events, count[  1], @[1127990.763873], took 0.000016
Thu May 15 06:03:18.009 [airport]/579 @[1127990.764176] (airportProcessCommand.m:1715) Processed events, count[  1], @[1127990.764082], took 0.000089
Thu May 15 06:03:18.009 [airport]/579 @[1127990.764296] (airportProcessCommand.m:1715) Processed events, count[  1], @[1127990.764275], took 0.000016
Thu May 15 06:10:33.886 [airport]/579 @[1128426.632899] (configdIODriverInterface.m:4687) caps = CPU Net Disk Early , connection[0x6ac0492c0] token[0x00000000] capabilties[0x00008019], description:'DarkWake:cpu disk net ', lastSleepType[0x00000007]/'Deep Idle', hibernateStateFound[1] hibernateState[0x00000000/0] hibernateMode[0x00000003/3]
Thu May 15 06:10:33.890 [airport]/579 @[1128426.637249] (configdIODriverInterface.m:4784) Acknowledging sleep event, connection[0x6ac0492c0] token[0x00000000]
Thu May 15 06:10:33.985 [airport]/579 @[1128426.732227] (airportProcessCommand.m:1715) Processed events, count[  2], @[1128426.732179], took 0.000041
Thu May 15 06:10:33.986 [airport]/579 @[1128426.733664] (airportProcessCommand.m:1715) Processed events, count[  1], @[1128426.732912], took 0.000745
Thu May 15 06:10:33.996 [airport]/579 @[1128426.743448] (airportProcessCommand.m:1715) Processed events, count[  3], @[1128426.742751], took 0.000687
Thu May 15 06:10:33.999 [airport]/579 @[1128426.745931] (airportProcessCommand.m:1715) Processed events, count[  3], @[1128426.745858], took 0.000059
Thu May 15 06:10:34.026 [airport]/579 @[1128426.773422] (airportProcessCommand.m:1715) Processed events, count[  1], @[1128426.772538], took 0.000870
Thu May 15 06:10:34.028 [airport]/579 @[1128426.775128] (configdIODriverInterface.m:4687) caps = CPU Net Disk , connection[0x6ac0492c0] token[0x00000000] capabilties[0x000000b9], description:'DarkWake:cpu disk net push ', lastSleepType[0x00000007]/'Deep Idle', hibernateStateFound[1] hibernateState[0x00000000/0] hibernateMode[0x00000003/3]
Thu May 15 06:10:34.029 [airport]/579 @[1128426.775961] (airportProcessCommand.m:1715) Processed events, count[  2], @[1128426.775911], took 0.000041
Thu May 15 06:10:34.319 [airport]/579 @[1128427.065813] (configdIODriverInterface.m:4784) Acknowledging sleep event, connection[0x6ac0492c0] token[0x00000000]
Thu May 15 06:10:35.012 [airport]/579 @[1128427.759198] (airportProcessCommand.m:1715) Processed events, count[ 14], @[1128427.751554], took 0.007569
Thu May 15 06:10:35.258 [airport]/579 @[1128428.005006] (configdIODriverInterface.m:1377) driver available (reason=0xe0823805, subreason=0xe0821a0c, flags=0x2), node:isDriverAvailable=0
Thu May 15 06:10:35.301 Usb Host Notification Apple80211Set: seqNum 3306 Total 0 chg 0 en0
Thu May 15 06:10:35.304 Usb Host Notification metrics: usbChange=0, count=0, noiseDelta=0
Thu May 15 06:10:35.310 [airport]/579 @[1128428.057497] (airportProcessCommand.m:1715) Processed events, count[  0], @[1128428.054854], took 0.002625
Thu May 15 06:10:35.331 [airport]/579 @[1128428.078193] (configdIODriverInterface.m:1377) driver available (reason=0xe0821803, subreason=0x0, flags=0x0), node:isDriverAvailable=1
Thu May 15 06:10:35.352 Usb Host Notification Apple80211Set: seqNum 3307 Total 0 chg 0 en0
Thu May 15 06:10:35.353 Usb Host Notification metrics: usbChange=0, count=0, noiseDelta=0
Thu May 15 06:10:35.485 [airport]/579 @[1128428.232939] (airportProcessCommand.m:1715) Processed events, count[ 16], @[1128428.231005], took 0.001921
Thu May 15 06:10:37.299 [airport]/579 @[1128430.046377] (airportProcessCommand.m:1633) Processing IPv4: 'State:/Network/Service/DB43842D-AE5D-42CC-A081-0DED8A4F28CF/IPv4'
Thu May 15 06:10:37.299 [airport]/579 @[1128430.046584] (airportProcessCommand.m:454) State:/Network/Service/DB43842D-AE5D-42CC-A081-0DED8A4F28CF/IPv4
Thu May 15 06:10:37.300 [airport]/579 @[1128430.048225] (airportProcessCommand.m:501) IPV4 State change for en0
Thu May 15 06:10:37.301 [airport]/579 @[1128430.048906] (airportProcessCommand.m:505) Invalid IPv4 state dictionary for 'en0'
Thu May 15 06:10:37.302 [airport]/579 @[1128430.049719] (airportProcessCommand.m:596) ARP offload settings ({
Thu May 15 06:10:37.302     "ADDR_LIST" =     (
Thu May 15 06:10:37.302         {length = 4, bytes = 0x00000000}
Thu May 15 06:10:37.302     );
Thu May 15 06:10:37.302     "ROUTER_IP_ADDR" = {length = 4, bytes = 0x00000000};
Thu May 15 06:10:37.302     "ROUTER_MAC_ADDR" = {length = 6, bytes = 0x000000000000};
Thu May 15 06:10:37.302 })
Thu May 15 06:10:37.302 [airport]/579 @[1128430.050298] (airportProcessCommand.m:1715) Processed events, count[  2], @[1128430.046132], took 0.004115
Thu May 15 06:10:37.327 [airport]/579 @[1128430.074423] (airportProcessCommand.m:1633) Processing IPv4: 'State:/Network/Global/IPv4'
Thu May 15 06:10:37.327 [airport]/579 @[1128430.074521] (airportProcessCommand.m:454) State:/Network/Global/IPv4
Thu May 15 06:10:37.327 [airport]/579 @[1128430.074585] (airportProcessCommand.m:462) No valid components format from SCDynamicStore: serviceKey:'State:/Network/Global/IPv4'
Thu May 15 06:10:37.327 [airport]/579 @[1128430.074628] (airportProcessCommand.m:1715) Processed events, count[  1], @[1128430.074395], took 0.000223
Thu May 15 06:10:38.779 [airport]/579 @[1128431.526732] (airportProcessCommand.m:1715) Processed events, count[  3], @[1128431.526668], took 0.000054
Thu May 15 06:10:38.779 [airport]/579 @[1128431.527311] (airportProcessCommand.m:1715) Processed events, count[  2], @[1128431.527273], took 0.000032
Thu May 15 06:10:38.780 [airport]/579 @[1128431.527596] (airportProcessCommand.m:1715) Processed events, count[  1], @[1128431.527574], took 0.000016
Thu May 15 06:10:38.780 [airport]/579 @[1128431.527824] (airportProcessCommand.m:1715) Processed events, count[  1], @[1128431.527799], took 0.000020
Thu May 15 06:10:38.780 [airport]/579 @[1128431.528203] (airportProcessCommand.m:1715) Processed events, count[  1], @[1128431.528155], took 0.000019
Thu May 15 06:10:38.782 [airport]/579 @[1128431.529562] (airportProcessCommand.m:1715) Processed events, count[  2], @[1128431.528632], took 0.000923
Thu May 15 06:10:38.782 [airport]/579 @[1128431.529708] (airportProcessCommand.m:1715) Processed events, count[  1], @[1128431.529678], took 0.000025
Thu May 15 06:10:38.782 [airport]/579 @[1128431.529921] (airportProcessCommand.m:1715) Processed events, count[  2], @[1128431.529859], took 0.000057
Thu May 15 06:10:38.782 [airport]/579 @[1128431.530261] (airportProcessCommand.m:1715) Processed events, count[  1], @[1128431.530237], took 0.000019
Thu May 15 06:10:38.782 [airport]/579 @[1128431.530515] (airportProcessCommand.m:1715) Processed events, count[  2], @[1128431.530486], took 0.000023
Thu May 15 06:10:38.824 [airport]/579 @[1128431.572295] (airportProcessCommand.m:1715) Processed events, count[  3], @[1128431.571905], took 0.000043
Thu May 15 06:10:38.825 [airport]/579 @[1128431.572620] (airportProcessCommand.m:1715) Processed events, count[  2], @[1128431.572494], took 0.000030
Thu May 15 06:10:38.826 [airport]/579 @[1128431.573762] (airportProcessCommand.m:1715) Processed events, count[  1], @[1128431.573710], took 0.000046
Thu May 15 06:10:38.827 [airport]/579 @[1128431.575422] (airportProcessCommand.m:1715) Processed events, count[  5], @[1128431.574203], took 0.001207
Thu May 15 06:10:38.828 [airport]/579 @[1128431.575567] (airportProcessCommand.m:1715) Processed events, count[  2], @[1128431.575537], took 0.000025
Thu May 15 06:10:38.828 [airport]/579 @[1128431.575663] (airportProcessCommand.m:1715) Processed events, count[  3], @[1128431.575631], took 0.000027
Thu May 15 06:10:38.900 [airport]/579 @[1128431.648431] (airportProcessCommand.m:1715) Processed events, count[  3], @[1128431.648384], took 0.000039
Thu May 15 06:10:38.901 [airport]/579 @[1128431.648570] (airportProcessCommand.m:1715) Processed events, count[  1], @[1128431.648539], took 0.000024
Thu May 15 06:10:38.901 [airport]/579 @[1128431.648709] (airportProcessCommand.m:1715) Processed events, count[  1], @[1128431.648680], took 0.000021
Thu May 15 06:10:38.901 [airport]/579 @[1128431.648854] (airportProcessCommand.m:1715) Processed events, count[  1], @[1128431.648835], took 0.000014
Thu May 15 06:10:38.901 [airport]/579 @[1128431.648977] (airportProcessCommand.m:1715) Processed events, count[  1], @[1128431.648957], took 0.000015
Thu May 15 06:10:38.901 [airport]/579 @[1128431.649117] (airportProcessCommand.m:1715) Processed events, count[  1], @[1128431.649098], took 0.000014
Thu May 15 06:10:38.901 [airport]/579 @[1128431.649261] (airportProcessCommand.m:1715) Processed events, count[  1], @[1128431.649237], took 0.000019
Thu May 15 06:10:38.902 [airport]/579 @[1128431.649847] (airportProcessCommand.m:1715) Processed events, count[  1], @[1128431.649382], took 0.000458
Thu May 15 06:10:38.902 [airport]/579 @[1128431.649924] (airportProcessCommand.m:1715) Processed events, count[  1], @[1128431.649902], took 0.000015
Thu May 15 06:10:38.902 [airport]/579 @[1128431.649970] (airportProcessCommand.m:1715) Processed events, count[  1], @[1128431.649945], took 0.000019
Thu May 15 06:10:38.902 [airport]/579 @[1128431.650008] (airportProcessCommand.m:1715) Processed events, count[  1], @[1128431.649990], took 0.000013
Thu May 15 06:10:38.902 [airport]/579 @[1128431.650172] (airportProcessCommand.m:1715) Processed events, count[  1], @[1128431.650150], took 0.000017
Thu May 15 06:10:38.902 [airport]/579 @[1128431.650307] (airportProcessCommand.m:1715) Processed events, count[  2], @[1128431.650277], took 0.000026
Thu May 15 06:10:38.946 [airport]/579 @[1128431.694273] (airportProcessCommand.m:1715) Processed events, count[  3], @[1128431.694201], took 0.000064
Thu May 15 06:10:38.947 [airport]/579 @[1128431.694603] (airportProcessCommand.m:1715) Processed events, count[  3], @[1128431.694571], took 0.000026
Thu May 15 06:10:38.947 [airport]/579 @[1128431.695035] (airportProcessCommand.m:1715) Processed events, count[  2], @[1128431.694966], took 0.000044
Thu May 15 06:10:38.947 [airport]/579 @[1128431.695243] (airportProcessCommand.m:1715) Processed events, count[  1], @[1128431.695212], took 0.000025
Thu May 15 06:10:38.948 [airport]/579 @[1128431.696066] (airportProcessCommand.m:1715) Processed events, count[  1], @[1128431.695434], took 0.000624
Thu May 15 06:10:38.948 [airport]/579 @[1128431.696236] (airportProcessCommand.m:1715) Processed events, count[  1], @[1128431.696176], took 0.000055
Thu May 15 06:10:38.948 [airport]/579 @[1128431.696333] (airportProcessCommand.m:1715) Processed events, count[  1], @[1128431.696314], took 0.000014
Thu May 15 06:10:38.948 [airport]/579 @[1128431.696508] (airportProcessCommand.m:1715) Processed events, count[  1], @[1128431.696488], took 0.000015
Thu May 15 06:10:38.949 [airport]/579 @[1128431.696778] (airportProcessCommand.m:1715) Processed events, count[  2], @[1128431.696742], took 0.000030
Thu May 15 06:10:38.949 [airport]/579 @[1128431.696998] (airportProcessCommand.m:1715) Processed events, count[  1], @[1128431.696964], took 0.000024
Thu May 15 06:10:39.064 [airport]/579 @[1128431.811929] (airportProcessCommand.m:1715) Processed events, count[  3], @[1128431.811866], took 0.000052
Thu May 15 06:10:39.064 [airport]/579 @[1128431.812501] (airportProcessCommand.m:1715) Processed events, count[  1], @[1128431.812460], took 0.000034
Thu May 15 06:10:39.065 [airport]/579 @[1128431.812666] (airportProcessCommand.m:1715) Processed events, count[  1], @[1128431.812642], took 0.000019
Thu May 15 06:10:39.065 [airport]/579 @[1128431.812978] (airportProcessCommand.m:1715) Processed events, count[  1], @[1128431.812954], took 0.000019
Thu May 15 06:10:39.065 [airport]/579 @[1128431.813220] (airportProcessCommand.m:1715) Processed events, count[  1], @[1128431.813199], took 0.000016
Thu May 15 06:10:39.065 [airport]/579 @[1128431.813529] (airportProcessCommand.m:1715) Processed events, count[  1], @[1128431.813508], took 0.000016
Thu May 15 06:10:39.066 [airport]/579 @[1128431.813763] (airportProcessCommand.m:1715) Processed events, count[  1], @[1128431.813743], took 0.000015
Thu May 15 06:10:39.067 [airport]/579 @[1128431.814605] (airportProcessCommand.m:1715) Processed events, count[  1], @[1128431.813959], took 0.000639
Thu May 15 06:10:39.067 [airport]/579 @[1128431.814767] (airportProcessCommand.m:1715) Processed events, count[  1], @[1128431.814747], took 0.000015
Thu May 15 06:10:39.067 [airport]/579 @[1128431.814857] (airportProcessCommand.m:1715) Processed events, count[  1], @[1128431.814839], took 0.000013
Thu May 15 06:10:39.067 [airport]/579 @[1128431.815134] (airportProcessCommand.m:1715) Processed events, count[  2], @[1128431.815103], took 0.000026
Thu May 15 06:10:39.067 [airport]/579 @[1128431.815493] (airportProcessCommand.m:1715) Processed events, count[  2], @[1128431.815442], took 0.000045
Thu May 15 06:10:44.472 [airport]/579 @[1128437.220461] (airportdMain.m:1730) Health check alive, checkin@[1128437.220405], count[3891] 
Thu May 15 06:10:47.776 [airport]/579 @[1128440.525103] (configdIODriverInterface.m:4687) caps = , connection[0x6ac0492c0] token[0x04c2000d] capabilties[0x00000000], description:'Sleep:<off> ', lastSleepType[0x00000007]/'Deep Idle', hibernateStateFound[1] hibernateState[0x00000000/0] hibernateMode[0x00000003/3]
Thu May 15 06:10:47.780 [airport]/579 @[1128440.529296] (configdIODriverInterface.m:4375) <en0> Scan offloads will be ENABLED (lpas_supported=yes, softap=disabled, wow=disabled, tcpka=active, allow_unassoc_wakes=yes, allow_disconn_sleeps=yes, aj_disabled=no, scan_offload_disabled_until=(null))
Thu May 15 06:10:47.806 [airport]/579 @[1128440.554519] (configdIODriverInterface.m:4450) <en0> Successfully configured scan offloads, aj_disabled=no, PNO count[4]
Thu May 15 06:10:47.806 [airport]/579 @[1128440.555177] (configdIODriverInterface.m:3826) Acknowledging sleep event, connection[0x6ac0492c0] token[0x04c2000d], gPMConnection[0x6ac0492c0]
Thu May 15 06:10:47.811 [airport]/579 @[1128440.560423] (airportProcessCommand.m:1715) Processed events, count[ 16], @[1128440.558933], took 0.001456
Thu May 15 06:10:49.330 [airport]/579 @[1128442.078943] (configdIODriverInterface.m:1377) driver unavailable (reason=0xe0821804, subreason=0x0, flags=0x0), node:isDriverAvailable=1
Thu May 15 06:10:49.332 Usb Host Notification Error Apple80211Set: Device power is off seqNum 3308 Total 0 chg 0 en0
Thu May 15 06:10:49.344 [airport]/579 @[1128442.092837] (airportProcessCommand.m:1715) Processed events, count[  2], @[1128442.092759], took 0.000066
Thu May 15 06:10:49.344 [airport]/579 @[1128442.093500] (airportProcessCommand.m:1715) Processed events, count[  1], @[1128442.093407], took 0.000082
Thu May 15 06:10:49.345 [airport]/579 @[1128442.093837] (airportProcessCommand.m:1715) Processed events, count[  1], @[1128442.093784], took 0.000042
Thu May 15 06:10:49.345 [airport]/579 @[1128442.094370] (airportProcessCommand.m:1715) Processed events, count[  1], @[1128442.094332], took 0.000029
Thu May 15 06:10:49.346 [airport]/579 @[1128442.094701] (airportProcessCommand.m:1715) Processed events, count[  1], @[1128442.094666], took 0.000026
Thu May 15 06:10:49.346 [airport]/579 @[1128442.095244] (airportProcessCommand.m:1715) Processed events, count[  1], @[1128442.095205], took 0.000029
Thu May 15 06:10:49.347 [airport]/579 @[1128442.095726] (airportProcessCommand.m:1715) Processed events, count[  1], @[1128442.095683], took 0.000033
Thu May 15 06:10:49.348 [airport]/579 @[1128442.097424] (airportProcessCommand.m:1715) Processed events, count[  1], @[1128442.096025], took 0.001386
Thu May 15 06:10:49.349 [airport]/579 @[1128442.097645] (airportProcessCommand.m:1715) Processed events, count[  1], @[1128442.097584], took 0.000040
Thu May 15 06:10:49.349 [airport]/579 @[1128442.097804] (airportProcessCommand.m:1715) Processed events, count[  1], @[1128442.097749], took 0.000048
Thu May 15 06:10:49.349 [airport]/579 @[1128442.097935] (airportProcessCommand.m:1715) Processed events, count[  1], @[1128442.097909], took 0.000018
Thu May 15 06:10:49.349 [airport]/579 @[1128442.098046] (airportProcessCommand.m:1715) Processed events, count[  1], @[1128442.098016], took 0.000023
Thu May 15 06:10:49.349 [airport]/579 @[1128442.098514] (airportProcessCommand.m:1715) Processed events, count[  1], @[1128442.098486], took 0.000021
Thu May 15 06:10:49.351 [airport]/579 @[1128442.099900] (airportProcessCommand.m:1715) Processed events, count[  1], @[1128442.099852], took 0.000041
Thu May 15 06:27:37.790 [airport]/579 @[1129450.520709] (configdIODriverInterface.m:4687) caps = CPU Net Disk Early , connection[0x6ac0492c0] token[0x00000000] capabilties[0x00008019], description:'DarkWake:cpu disk net ', lastSleepType[0x00000007]/'Deep Idle', hibernateStateFound[1] hibernateState[0x00000000/0] hibernateMode[0x00000003/3]
Thu May 15 06:27:37.794 [airport]/579 @[1129450.524644] (configdIODriverInterface.m:4784) Acknowledging sleep event, connection[0x6ac0492c0] token[0x00000000]
Thu May 15 06:27:37.801 [airport]/579 @[1129450.531130] (airportProcessCommand.m:1715) Processed events, count[  2], @[1129450.531095], took 0.000029
Thu May 15 06:27:37.801 [airport]/579 @[1129450.531553] (airportProcessCommand.m:1715) Processed events, count[  1], @[1129450.531526], took 0.000020
Thu May 15 06:27:37.805 [airport]/579 @[1129450.534845] (airportProcessCommand.m:1715) Processed events, count[  1], @[1129450.534724], took 0.000085
Thu May 15 06:27:37.805 [airport]/579 @[1129450.535055] (airportProcessCommand.m:1715) Processed events, count[  2], @[1129450.535020], took 0.000030
Thu May 15 06:27:37.805 [airport]/579 @[1129450.535200] (airportProcessCommand.m:1715) Processed events, count[  1], @[1129450.535179], took 0.000016
Thu May 15 06:27:37.805 [airport]/579 @[1129450.535433] (airportProcessCommand.m:1715) Processed events, count[  1], @[1129450.535412], took 0.000015
Thu May 15 06:27:37.806 [airport]/579 @[1129450.536017] (airportProcessCommand.m:1715) Processed events, count[  1], @[1129450.535568], took 0.000437
Thu May 15 06:27:37.806 [airport]/579 @[1129450.536108] (airportProcessCommand.m:1715) Processed events, count[  1], @[1129450.536088], took 0.000015
Thu May 15 06:27:37.806 [airport]/579 @[1129450.536157] (airportProcessCommand.m:1715) Processed events, count[  1], @[1129450.536140], took 0.000013
Thu May 15 06:27:37.806 [airport]/579 @[1129450.536249] (airportProcessCommand.m:1715) Processed events, count[  1], @[1129450.536227], took 0.000018
Thu May 15 06:27:37.806 [airport]/579 @[1129450.536513] (airportProcessCommand.m:1715) Processed events, count[  1], @[1129450.536480], took 0.000021
Thu May 15 06:27:37.806 [airport]/579 @[1129450.536653] (airportProcessCommand.m:1715) Processed events, count[  1], @[1129450.536632], took 0.000016
Thu May 15 06:27:37.807 [airport]/579 @[1129450.536805] (airportProcessCommand.m:1715) Processed events, count[  1], @[1129450.536785], took 0.000014
Thu May 15 06:27:37.833 [airport]/579 @[1129450.563401] (airportProcessCommand.m:1715) Processed events, count[  2], @[1129450.563364], took 0.000030
Thu May 15 06:27:37.833 [airport]/579 @[1129450.563535] (airportProcessCommand.m:1715) Processed events, count[  1], @[1129450.563516], took 0.000014
Thu May 15 06:27:37.833 [airport]/579 @[1129450.563654] (airportProcessCommand.m:1715) Processed events, count[  1], @[1129450.563627], took 0.000021
Thu May 15 06:27:37.833 [airport]/579 @[1129450.563782] (airportProcessCommand.m:1715) Processed events, count[  1], @[1129450.563761], took 0.000016
Thu May 15 06:27:37.834 [airport]/579 @[1129450.563976] (airportProcessCommand.m:1715) Processed events, count[  1], @[1129450.563955], took 0.000016
Thu May 15 06:27:37.834 [airport]/579 @[1129450.564110] (airportProcessCommand.m:1715) Processed events, count[  1], @[1129450.564089], took 0.000016
Thu May 15 06:27:37.834 [airport]/579 @[1129450.564256] (airportProcessCommand.m:1715) Processed events, count[  1], @[1129450.564236], took 0.000016
Thu May 15 06:27:37.835 [airport]/579 @[1129450.564811] (airportProcessCommand.m:1715) Processed events, count[  1], @[1129450.564371], took 0.000433
Thu May 15 06:27:37.835 [airport]/579 @[1129450.564893] (airportProcessCommand.m:1715) Processed events, count[  1], @[1129450.564862], took 0.000021
Thu May 15 06:27:37.835 [airport]/579 @[1129450.564935] (airportProcessCommand.m:1715) Processed events, count[  1], @[1129450.564916], took 0.000013
Thu May 15 06:27:37.835 [airport]/579 @[1129450.564972] (airportProcessCommand.m:1715) Processed events, count[  1], @[1129450.564954], took 0.000012
Thu May 15 06:27:37.835 [airport]/579 @[1129450.565007] (airportProcessCommand.m:1715) Processed events, count[  1], @[1129450.564990], took 0.000012
Thu May 15 06:27:37.835 [airport]/579 @[1129450.565120] (airportProcessCommand.m:1715) Processed events, count[  1], @[1129450.565100], took 0.000015
Thu May 15 06:27:37.835 [airport]/579 @[1129450.565263] (airportProcessCommand.m:1715) Processed events, count[  1], @[1129450.565238], took 0.000019
Thu May 15 06:27:37.869 [airport]/579 @[1129450.599301] (airportProcessCommand.m:1715) Processed events, count[  2], @[1129450.599116], took 0.000034
Thu May 15 06:27:37.870 [airport]/579 @[1129450.600060] (airportProcessCommand.m:1715) Processed events, count[  2], @[1129450.600004], took 0.000050
Thu May 15 06:27:37.871 [airport]/579 @[1129450.601072] (airportProcessCommand.m:1715) Processed events, count[  5], @[1129450.600271], took 0.000793
Thu May 15 06:27:37.871 [airport]/579 @[1129450.601218] (airportProcessCommand.m:1715) Processed events, count[  2], @[1129450.601191], took 0.000022
Thu May 15 06:27:37.871 [airport]/579 @[1129450.601309] (airportProcessCommand.m:1715) Processed events, count[  4], @[1129450.601246], took 0.000058
Thu May 15 06:27:37.912 [airport]/579 @[1129450.642116] (airportProcessCommand.m:1715) Processed events, count[  8], @[1129450.641605], took 0.000485
Thu May 15 06:27:37.924 [airport]/579 @[1129450.654705] (configdIODriverInterface.m:4687) caps = CPU Net Disk , connection[0x6ac0492c0] token[0x00000000] capabilties[0x000000b9], description:'DarkWake:cpu disk net push ', lastSleepType[0x00000007]/'Deep Idle', hibernateStateFound[1] hibernateState[0x00000000/0] hibernateMode[0x00000003/3]
Thu May 15 06:27:37.925 [airport]/579 @[1129450.654822] (airportProcessCommand.m:1715) Processed events, count[  7], @[1129450.648328], took 0.006484
Thu May 15 06:27:37.947 [airport]/579 @[1129450.677597] (configdIODriverInterface.m:4784) Acknowledging sleep event, connection[0x6ac0492c0] token[0x00000000]
Thu May 15 06:27:38.091 [airport]/579 @[1129450.821568] (configdIODriverInterface.m:1377) driver available (reason=0xe0821803, subreason=0x0, flags=0x0), node:isDriverAvailable=0
Thu May 15 06:27:38.105 Usb Host Notification Apple80211Set: seqNum 3309 Total 0 chg 0 en0
Thu May 15 06:27:38.115 Usb Host Notification metrics: usbChange=0, count=0, noiseDelta=0
Thu May 15 06:27:38.161 Usb Host Notification Apple80211Set: seqNum 3310 Total 0 chg 0 en0
Thu May 15 06:27:38.164 Usb Host Notification metrics: usbChange=0, count=0, noiseDelta=0
Thu May 15 06:27:38.374 [airport]/579 @[1129451.104036] (airportProcessCommand.m:1715) Processed events, count[ 16], @[1129451.102331], took 0.001687
Thu May 15 06:27:39.944 [airport]/579 @[1129452.674754] (configdIODriverInterface.m:4687) caps = , connection[0x6ac0492c0] token[0x04c3000d] capabilties[0x00000000], description:'Sleep:<off> ', lastSleepType[0x00000007]/'Deep Idle', hibernateStateFound[1] hibernateState[0x00000000/0] hibernateMode[0x00000003/3]
Thu May 15 06:27:39.948 [airport]/579 @[1129452.677904] (configdIODriverInterface.m:4375) <en0> Scan offloads will be ENABLED (lpas_supported=yes, softap=disabled, wow=disabled, tcpka=active, allow_unassoc_wakes=yes, allow_disconn_sleeps=yes, aj_disabled=no, scan_offload_disabled_until=(null))
Thu May 15 06:27:39.971 [airport]/579 @[1129452.701037] (configdIODriverInterface.m:4450) <en0> Successfully configured scan offloads, aj_disabled=no, PNO count[4]
Thu May 15 06:27:41.437 [airport]/579 @[1129454.167398] (configdIODriverInterface.m:3826) Acknowledging sleep event, connection[0x6ac0492c0] token[0x04c3000d], gPMConnection[0x6ac0492c0]
Thu May 15 06:27:41.441 [airport]/579 @[1129454.171886] (airportProcessCommand.m:1715) Processed events, count[  3], @[1129454.171811], took 0.000064
Thu May 15 06:27:41.442 [airport]/579 @[1129454.172066] (airportProcessCommand.m:1715) Processed events, count[  1], @[1129454.172027], took 0.000032
Thu May 15 06:27:41.442 [airport]/579 @[1129454.172285] (airportProcessCommand.m:1715) Processed events, count[  1], @[1129454.172251], took 0.000026
Thu May 15 06:27:41.442 [airport]/579 @[1129454.172543] (airportProcessCommand.m:1715) Processed events, count[  1], @[1129454.172489], took 0.000047
Thu May 15 06:27:41.443 [airport]/579 @[1129454.173069] (airportProcessCommand.m:1715) Processed events, count[  1], @[1129454.173042], took 0.000020
Thu May 15 06:27:41.443 [airport]/579 @[1129454.173768] (airportProcessCommand.m:1715) Processed events, count[  2], @[1129454.173720], took 0.000042
Thu May 15 06:27:41.445 [airport]/579 @[1129454.175182] (airportProcessCommand.m:1715) Processed events, count[  2], @[1129454.174180], took 0.000994
Thu May 15 06:27:41.445 [airport]/579 @[1129454.175354] (airportProcessCommand.m:1715) Processed events, count[  1], @[1129454.175315], took 0.000032
Thu May 15 06:27:41.445 [airport]/579 @[1129454.175502] (airportProcessCommand.m:1715) Processed events, count[  1], @[1129454.175438], took 0.000056
Thu May 15 06:27:41.445 [airport]/579 @[1129454.175631] (airportProcessCommand.m:1715) Processed events, count[  1], @[1129454.175604], took 0.000020
Thu May 15 06:27:41.445 [airport]/579 @[1129454.175903] (airportProcessCommand.m:1715) Processed events, count[  2], @[1129454.175856], took 0.000039
Thu May 15 06:27:42.820 [airport]/579 @[1129455.550745] (configdIODriverInterface.m:1377) driver unavailable (reason=0xe0821804, subreason=0x0, flags=0x0), node:isDriverAvailable=1
Thu May 15 06:27:42.822 Usb Host Notification Error Apple80211Set: Device power is off seqNum 3311 Total 0 chg 0 en0
Thu May 15 06:27:42.829 [airport]/579 @[1129455.559833] (airportProcessCommand.m:1715) Processed events, count[  2], @[1129455.559733], took 0.000084
Thu May 15 06:27:42.830 [airport]/579 @[1129455.560755] (airportProcessCommand.m:1715) Processed events, count[  1], @[1129455.560716], took 0.000031
Thu May 15 06:27:42.831 [airport]/579 @[1129455.561159] (airportProcessCommand.m:1715) Processed events, count[  1], @[1129455.561124], took 0.000028
Thu May 15 06:27:42.831 [airport]/579 @[1129455.561539] (airportProcessCommand.m:1715) Processed events, count[  1], @[1129455.561431], took 0.000101
Thu May 15 06:27:42.832 [airport]/579 @[1129455.562097] (airportProcessCommand.m:1715) Processed events, count[  1], @[1129455.562059], took 0.000028
Thu May 15 06:27:42.832 [airport]/579 @[1129455.562427] (airportProcessCommand.m:1715) Processed events, count[  1], @[1129455.562386], took 0.000031
Thu May 15 06:27:42.832 [airport]/579 @[1129455.562794] (airportProcessCommand.m:1715) Processed events, count[  1], @[1129455.562741], took 0.000028
Thu May 15 06:27:42.834 [airport]/579 @[1129455.564119] (airportProcessCommand.m:1715) Processed events, count[  1], @[1129455.563106], took 0.000999
Thu May 15 06:27:42.834 [airport]/579 @[1129455.564319] (airportProcessCommand.m:1715) Processed events, count[  1], @[1129455.564251], took 0.000058
Thu May 15 06:27:42.834 [airport]/579 @[1129455.564499] (airportProcessCommand.m:1715) Processed events, count[  1], @[1129455.564436], took 0.000032
Thu May 15 06:27:42.834 [airport]/579 @[1129455.564617] (airportProcessCommand.m:1715) Processed events, count[  1], @[1129455.564583], took 0.000025
Thu May 15 06:27:42.834 [airport]/579 @[1129455.564768] (airportProcessCommand.m:1715) Processed events, count[  1], @[1129455.564727], took 0.000031
Thu May 15 06:27:42.835 [airport]/579 @[1129455.565286] (airportProcessCommand.m:1715) Processed events, count[  2], @[1129455.565237], took 0.000042
Thu May 15 06:43:24.805 [airport]/579 @[1130397.517512] (configdIODriverInterface.m:4687) caps = CPU Net Disk Early , connection[0x6ac0492c0] token[0x00000000] capabilties[0x00008019], description:'DarkWake:cpu disk net ', lastSleepType[0x00000007]/'Deep Idle', hibernateStateFound[1] hibernateState[0x00000000/0] hibernateMode[0x00000003/3]
Thu May 15 06:43:24.810 [airport]/579 @[1130397.522922] (configdIODriverInterface.m:4784) Acknowledging sleep event, connection[0x6ac0492c0] token[0x00000000]
Thu May 15 06:43:24.891 [airport]/579 @[1130397.603757] (airportProcessCommand.m:1715) Processed events, count[  2], @[1130397.603704], took 0.000045
Thu May 15 06:43:24.892 [airport]/579 @[1130397.604998] (airportProcessCommand.m:1715) Processed events, count[  1], @[1130397.604950], took 0.000041
Thu May 15 06:43:24.893 [airport]/579 @[1130397.606389] (airportProcessCommand.m:1715) Processed events, count[  1], @[1130397.606359], took 0.000023
Thu May 15 06:43:24.894 [airport]/579 @[1130397.606548] (airportProcessCommand.m:1715) Processed events, count[  1], @[1130397.606512], took 0.000030
Thu May 15 06:43:24.894 [airport]/579 @[1130397.607310] (airportProcessCommand.m:1715) Processed events, count[  1], @[1130397.606991], took 0.000313
Thu May 15 06:43:24.895 [airport]/579 @[1130397.607844] (airportProcessCommand.m:1715) Processed events, count[  1], @[1130397.607816], took 0.000021
Thu May 15 06:43:24.895 [airport]/579 @[1130397.608047] (airportProcessCommand.m:1715) Processed events, count[  1], @[1130397.608010], took 0.000031
Thu May 15 06:43:24.896 [airport]/579 @[1130397.608536] (airportProcessCommand.m:1715) Processed events, count[  1], @[1130397.608208], took 0.000320
Thu May 15 06:43:24.896 [airport]/579 @[1130397.608609] (airportProcessCommand.m:1715) Processed events, count[  1], @[1130397.608589], took 0.000015
Thu May 15 06:43:24.896 [airport]/579 @[1130397.608648] (airportProcessCommand.m:1715) Processed events, count[  1], @[1130397.608630], took 0.000013
Thu May 15 06:43:24.896 [airport]/579 @[1130397.608742] (airportProcessCommand.m:1715) Processed events, count[  1], @[1130397.608724], took 0.000013
Thu May 15 06:43:24.896 [airport]/579 @[1130397.608912] (airportProcessCommand.m:1715) Processed events, count[  1], @[1130397.608890], took 0.000016
Thu May 15 06:43:24.896 [airport]/579 @[1130397.609085] (airportProcessCommand.m:1715) Processed events, count[  1], @[1130397.609061], took 0.000016
Thu May 15 06:43:24.896 [airport]/579 @[1130397.609209] (airportProcessCommand.m:1715) Processed events, count[  1], @[1130397.609189], took 0.000015
Thu May 15 06:43:24.922 [airport]/579 @[1130397.635230] (configdIODriverInterface.m:4687) caps = CPU Net Disk , connection[0x6ac0492c0] token[0x00000000] capabilties[0x000000b9], description:'DarkWake:cpu disk net push ', lastSleepType[0x00000007]/'Deep Idle', hibernateStateFound[1] hibernateState[0x00000000/0] hibernateMode[0x00000003/3]
Thu May 15 06:43:24.981 [airport]/579 @[1130397.693822] (configdIODriverInterface.m:4784) Acknowledging sleep event, connection[0x6ac0492c0] token[0x00000000]
Thu May 15 06:43:25.134 [airport]/579 @[1130397.846479] (configdIODriverInterface.m:1377) driver available (reason=0xe0821803, subreason=0x0, flags=0x0), node:isDriverAvailable=0
Thu May 15 06:43:25.149 Usb Host Notification Apple80211Set: seqNum 3312 Total 0 chg 0 en0
Thu May 15 06:43:25.156 Usb Host Notification metrics: usbChange=0, count=0, noiseDelta=0
Thu May 15 06:43:25.242 Usb Host Notification Apple80211Set: seqNum 3313 Total 0 chg 0 en0
Thu May 15 06:43:25.246 Usb Host Notification metrics: usbChange=0, count=0, noiseDelta=0
Thu May 15 06:43:25.302 [airport]/579 @[1130398.015386] (airportProcessCommand.m:1715) Processed events, count[ 16], @[1130398.014549], took 0.000828
Thu May 15 06:43:26.117 [airport]/579 @[1130398.829798] (airportProcessCommand.m:1715) Processed events, count[  2], @[1130398.829751], took 0.000040
Thu May 15 06:43:26.117 [airport]/579 @[1130398.830261] (airportProcessCommand.m:1715) Processed events, count[  1], @[1130398.830234], took 0.000021
Thu May 15 06:43:26.118 [airport]/579 @[1130398.830542] (airportProcessCommand.m:1715) Processed events, count[  1], @[1130398.830521], took 0.000016
Thu May 15 06:43:26.118 [airport]/579 @[1130398.830932] (airportProcessCommand.m:1715) Processed events, count[  1], @[1130398.830903], took 0.000020
Thu May 15 06:43:26.119 [airport]/579 @[1130398.831605] (airportProcessCommand.m:1715) Processed events, count[  1], @[1130398.831583], took 0.000017
Thu May 15 06:43:26.119 [airport]/579 @[1130398.832292] (airportProcessCommand.m:1715) Processed events, count[  1], @[1130398.832270], took 0.000016
Thu May 15 06:43:26.120 [airport]/579 @[1130398.832567] (airportProcessCommand.m:1715) Processed events, count[  1], @[1130398.832547], took 0.000015
Thu May 15 06:43:26.122 [airport]/579 @[1130398.834567] (airportProcessCommand.m:1715) Processed events, count[  2], @[1130398.832890], took 0.001667
Thu May 15 06:43:26.122 [airport]/579 @[1130398.834712] (airportProcessCommand.m:1715) Processed events, count[  1], @[1130398.834686], took 0.000021
Thu May 15 06:43:26.122 [airport]/579 @[1130398.834827] (airportProcessCommand.m:1715) Processed events, count[  1], @[1130398.834784], took 0.000014
Thu May 15 06:43:26.122 [airport]/579 @[1130398.834912] (airportProcessCommand.m:1715) Processed events, count[  1], @[1130398.834894], took 0.000013
Thu May 15 06:43:26.122 [airport]/579 @[1130398.835168] (airportProcessCommand.m:1715) Processed events, count[  1], @[1130398.835148], took 0.000015
Thu May 15 06:43:26.123 [airport]/579 @[1130398.836111] (airportProcessCommand.m:1715) Processed events, count[  2], @[1130398.836067], took 0.000039
Thu May 15 06:43:26.943 [airport]/579 @[1130399.656248] (configdIODriverInterface.m:4687) caps = , connection[0x6ac0492c0] token[0x04c4000d] capabilties[0x00000000], description:'Sleep:<off> ', lastSleepType[0x00000007]/'Deep Idle', hibernateStateFound[1] hibernateState[0x00000000/0] hibernateMode[0x00000003/3]
Thu May 15 06:43:26.945 [airport]/579 @[1130399.657942] (configdIODriverInterface.m:4375) <en0> Scan offloads will be ENABLED (lpas_supported=yes, softap=disabled, wow=disabled, tcpka=active, allow_unassoc_wakes=yes, allow_disconn_sleeps=yes, aj_disabled=no, scan_offload_disabled_until=(null))
Thu May 15 06:43:26.972 [airport]/579 @[1130399.684977] (configdIODriverInterface.m:4450) <en0> Successfully configured scan offloads, aj_disabled=no, PNO count[4]
Thu May 15 06:43:26.972 [airport]/579 @[1130399.685453] (configdIODriverInterface.m:3826) Acknowledging sleep event, connection[0x6ac0492c0] token[0x04c4000d], gPMConnection[0x6ac0492c0]
Thu May 15 06:43:26.976 [airport]/579 @[1130399.688738] (airportProcessCommand.m:1715) Processed events, count[ 16], @[1130399.687975], took 0.000751
Thu May 15 06:43:29.839 [airport]/579 @[1130402.552087] (configdIODriverInterface.m:1377) driver unavailable (reason=0xe0821804, subreason=0x0, flags=0x0), node:isDriverAvailable=1
Thu May 15 06:43:29.841 Usb Host Notification Error Apple80211Set: Device power is off seqNum 3314 Total 0 chg 0 en0
Thu May 15 06:43:29.850 [airport]/579 @[1130402.563228] (airportProcessCommand.m:1715) Processed events, count[  2], @[1130402.563184], took 0.000037
Thu May 15 06:43:29.851 [airport]/579 @[1130402.563915] (airportProcessCommand.m:1715) Processed events, count[  1], @[1130402.563892], took 0.000018
Thu May 15 06:43:29.851 [airport]/579 @[1130402.564277] (airportProcessCommand.m:1715) Processed events, count[  1], @[1130402.564250], took 0.000021
Thu May 15 06:43:29.852 [airport]/579 @[1130402.564702] (airportProcessCommand.m:1715) Processed events, count[  1], @[1130402.564677], took 0.000019
Thu May 15 06:43:29.852 [airport]/579 @[1130402.565406] (airportProcessCommand.m:1715) Processed events, count[  1], @[1130402.565385], took 0.000016
Thu May 15 06:43:29.853 [airport]/579 @[1130402.566083] (airportProcessCommand.m:1715) Processed events, count[  1], @[1130402.566048], took 0.000029
Thu May 15 06:43:29.854 [airport]/579 @[1130402.567326] (airportProcessCommand.m:1715) Processed events, count[  1], @[1130402.567288], took 0.000031
Thu May 15 06:43:29.855 [airport]/579 @[1130402.568628] (airportProcessCommand.m:1715) Processed events, count[  1], @[1130402.567905], took 0.000716
Thu May 15 06:43:29.856 [airport]/579 @[1130402.568851] (airportProcessCommand.m:1715) Processed events, count[  2], @[1130402.568803], took 0.000030
Thu May 15 06:43:29.856 [airport]/579 @[1130402.568955] (airportProcessCommand.m:1715) Processed events, count[  1], @[1130402.568928], took 0.000022
Thu May 15 06:43:29.856 [airport]/579 @[1130402.569058] (airportProcessCommand.m:1715) Processed events, count[  1], @[1130402.569028], took 0.000024
Thu May 15 06:43:29.856 [airport]/579 @[1130402.569417] (airportProcessCommand.m:1715) Processed events, count[  1], @[1130402.569396], took 0.000015
Thu May 15 06:43:29.857 [airport]/579 @[1130402.569764] (airportProcessCommand.m:1715) Processed events, count[  1], @[1130402.569723], took 0.000033
Thu May 15 06:51:14.815 [airport]/579 @[1130867.519574] (configdIODriverInterface.m:4687) caps = CPU Net Disk Early , connection[0x6ac0492c0] token[0x00000000] capabilties[0x00008019], description:'DarkWake:cpu disk net ', lastSleepType[0x00000007]/'Deep Idle', hibernateStateFound[1] hibernateState[0x00000000/0] hibernateMode[0x00000003/3]
Thu May 15 06:51:14.821 [airport]/579 @[1130867.525372] (configdIODriverInterface.m:4784) Acknowledging sleep event, connection[0x6ac0492c0] token[0x00000000]
Thu May 15 06:51:14.828 [airport]/579 @[1130867.532725] (airportProcessCommand.m:1715) Processed events, count[  2], @[1130867.532647], took 0.000070
Thu May 15 06:51:14.828 [airport]/579 @[1130867.532857] (airportProcessCommand.m:1715) Processed events, count[  1], @[1130867.532835], took 0.000016
Thu May 15 06:51:14.831 [airport]/579 @[1130867.535336] (airportProcessCommand.m:1715) Processed events, count[  1], @[1130867.535295], took 0.000033
Thu May 15 06:51:14.831 [airport]/579 @[1130867.535492] (airportProcessCommand.m:1715) Processed events, count[  1], @[1130867.535468], took 0.000018
Thu May 15 06:51:14.831 [airport]/579 @[1130867.535718] (airportProcessCommand.m:1715) Processed events, count[  1], @[1130867.535698], took 0.000015
Thu May 15 06:51:14.832 [airport]/579 @[1130867.536024] (airportProcessCommand.m:1715) Processed events, count[  1], @[1130867.536002], took 0.000017
Thu May 15 06:51:14.832 [airport]/579 @[1130867.536185] (airportProcessCommand.m:1715) Processed events, count[  1], @[1130867.536160], took 0.000019
Thu May 15 06:51:14.832 [airport]/579 @[1130867.536793] (airportProcessCommand.m:1715) Processed events, count[  1], @[1130867.536381], took 0.000405
Thu May 15 06:51:14.832 [airport]/579 @[1130867.536881] (airportProcessCommand.m:1715) Processed events, count[  1], @[1130867.536861], took 0.000015
Thu May 15 06:51:14.832 [airport]/579 @[1130867.536921] (airportProcessCommand.m:1715) Processed events, count[  1], @[1130867.536904], took 0.000012
Thu May 15 06:51:14.833 [airport]/579 @[1130867.537005] (airportProcessCommand.m:1715) Processed events, count[  1], @[1130867.536985], took 0.000015
Thu May 15 06:51:14.833 [airport]/579 @[1130867.537317] (airportProcessCommand.m:1715) Processed events, count[  1], @[1130867.537297], took 0.000015
Thu May 15 06:51:14.833 [airport]/579 @[1130867.537591] (airportProcessCommand.m:1715) Processed events, count[  1], @[1130867.537570], took 0.000016
Thu May 15 06:51:14.833 [airport]/579 @[1130867.537704] (airportProcessCommand.m:1715) Processed events, count[  1], @[1130867.537683], took 0.000015
Thu May 15 06:51:14.933 [airport]/579 @[1130867.636985] (configdIODriverInterface.m:4687) caps = CPU Net Disk , connection[0x6ac0492c0] token[0x00000000] capabilties[0x000000b9], description:'DarkWake:cpu disk net push ', lastSleepType[0x00000007]/'Deep Idle', hibernateStateFound[1] hibernateState[0x00000000/0] hibernateMode[0x00000003/3]
Thu May 15 06:51:14.938 [airport]/579 @[1130867.642235] (configdIODriverInterface.m:4784) Acknowledging sleep event, connection[0x6ac0492c0] token[0x00000000]
Thu May 15 06:51:15.079 [airport]/579 @[1130867.783332] (configdIODriverInterface.m:1377) driver available (reason=0xe0821803, subreason=0x0, flags=0x0), node:isDriverAvailable=0
Thu May 15 06:51:15.091 Usb Host Notification Apple80211Set: seqNum 3315 Total 0 chg 0 en0
Thu May 15 06:51:15.096 Usb Host Notification metrics: usbChange=0, count=0, noiseDelta=0
Thu May 15 06:51:15.141 Usb Host Notification Apple80211Set: seqNum 3316 Total 0 chg 0 en0
Thu May 15 06:51:15.145 Usb Host Notification metrics: usbChange=0, count=0, noiseDelta=0
Thu May 15 06:51:15.228 [airport]/579 @[1130867.932296] (airportProcessCommand.m:1715) Processed events, count[ 16], @[1130867.931395], took 0.000799
Thu May 15 06:51:20.198 [airport]/579 @[1130872.902669] (configdIODriverInterface.m:4687) caps = , connection[0x6ac0492c0] token[0x04c5000d] capabilties[0x00000000], description:'Sleep:<off> ', lastSleepType[0x00000007]/'Deep Idle', hibernateStateFound[1] hibernateState[0x00000000/0] hibernateMode[0x00000003/3]
Thu May 15 06:51:20.203 [airport]/579 @[1130872.907475] (configdIODriverInterface.m:4375) <en0> Scan offloads will be ENABLED (lpas_supported=yes, softap=disabled, wow=disabled, tcpka=active, allow_unassoc_wakes=yes, allow_disconn_sleeps=yes, aj_disabled=no, scan_offload_disabled_until=(null))
Thu May 15 06:51:20.228 [airport]/579 @[1130872.932102] (configdIODriverInterface.m:4450) <en0> Successfully configured scan offloads, aj_disabled=no, PNO count[4]
Thu May 15 06:51:20.228 [airport]/579 @[1130872.932547] (configdIODriverInterface.m:3826) Acknowledging sleep event, connection[0x6ac0492c0] token[0x04c5000d], gPMConnection[0x6ac0492c0]
Thu May 15 06:51:21.747 [airport]/579 @[1130874.451786] (configdIODriverInterface.m:1377) driver unavailable (reason=0xe0821804, subreason=0x0, flags=0x0), node:isDriverAvailable=1
Thu May 15 06:51:21.748 Usb Host Notification Error Apple80211Set: Device power is off seqNum 3317 Total 0 chg 0 en0
Thu May 15 06:51:21.754 [airport]/579 @[1130874.458425] (airportProcessCommand.m:1715) Processed events, count[  2], @[1130874.458387], took 0.000032
Thu May 15 06:51:21.754 [airport]/579 @[1130874.458645] (airportProcessCommand.m:1715) Processed events, count[  1], @[1130874.458622], took 0.000017
Thu May 15 06:51:21.755 [airport]/579 @[1130874.459131] (airportProcessCommand.m:1715) Processed events, count[  1], @[1130874.459096], took 0.000021
Thu May 15 06:51:21.755 [airport]/579 @[1130874.459669] (airportProcessCommand.m:1715) Processed events, count[  1], @[1130874.459643], took 0.000021
Thu May 15 06:51:21.755 [airport]/579 @[1130874.460018] (airportProcessCommand.m:1715) Processed events, count[  1], @[1130874.459994], took 0.000018
Thu May 15 06:51:21.756 [airport]/579 @[1130874.460324] (airportProcessCommand.m:1715) Processed events, count[  1], @[1130874.460226], took 0.000090
Thu May 15 06:51:21.756 [airport]/579 @[1130874.460599] (airportProcessCommand.m:1715) Processed events, count[  1], @[1130874.460544], took 0.000041
Thu May 15 06:51:21.757 [airport]/579 @[1130874.461586] (airportProcessCommand.m:1715) Processed events, count[  1], @[1130874.460997], took 0.000580
Thu May 15 06:51:21.757 [airport]/579 @[1130874.461681] (airportProcessCommand.m:1715) Processed events, count[  1], @[1130874.461654], took 0.000020
Thu May 15 06:51:21.757 [airport]/579 @[1130874.461752] (airportProcessCommand.m:1715) Processed events, count[  1], @[1130874.461725], took 0.000018
Thu May 15 06:51:21.758 [airport]/579 @[1130874.462204] (airportProcessCommand.m:1715) Processed events, count[  1], @[1130874.462134], took 0.000045
Thu May 15 06:51:21.758 [airport]/579 @[1130874.462591] (airportProcessCommand.m:1715) Processed events, count[  1], @[1130874.462503], took 0.000038
Thu May 15 06:51:21.759 [airport]/579 @[1130874.463070] (airportProcessCommand.m:1715) Processed events, count[  1], @[1130874.463004], took 0.000049
Thu May 15 06:51:21.759 [airport]/579 @[1130874.463466] (airportProcessCommand.m:1715) Processed events, count[  1], @[1130874.463392], took 0.000060
Thu May 15 07:07:20.827 [airport]/579 @[1131833.513654] (configdIODriverInterface.m:4687) caps = CPU Net Disk Early , connection[0x6ac0492c0] token[0x00000000] capabilties[0x00008019], description:'DarkWake:cpu disk net ', lastSleepType[0x00000007]/'Deep Idle', hibernateStateFound[1] hibernateState[0x00000000/0] hibernateMode[0x00000003/3]
Thu May 15 07:07:20.836 [airport]/579 @[1131833.523024] (configdIODriverInterface.m:4784) Acknowledging sleep event, connection[0x6ac0492c0] token[0x00000000]
Thu May 15 07:07:20.945 [airport]/579 @[1131833.631286] (configdIODriverInterface.m:4687) caps = CPU Net Disk , connection[0x6ac0492c0] token[0x00000000] capabilties[0x000000b9], description:'DarkWake:cpu disk net push ', lastSleepType[0x00000007]/'Deep Idle', hibernateStateFound[1] hibernateState[0x00000000/0] hibernateMode[0x00000003/3]
Thu May 15 07:07:20.955 [airport]/579 @[1131833.641620] (configdIODriverInterface.m:4784) Acknowledging sleep event, connection[0x6ac0492c0] token[0x00000000]
Thu May 15 07:07:21.103 [airport]/579 @[1131833.789311] (configdIODriverInterface.m:1377) driver available (reason=0xe0821803, subreason=0x0, flags=0x0), node:isDriverAvailable=0
Thu May 15 07:07:21.122 Usb Host Notification Apple80211Set: seqNum 3318 Total 0 chg 0 en0
Thu May 15 07:07:21.125 Usb Host Notification metrics: usbChange=0, count=0, noiseDelta=0
Thu May 15 07:07:21.164 Usb Host Notification Apple80211Set: seqNum 3319 Total 0 chg 0 en0
Thu May 15 07:07:21.167 Usb Host Notification metrics: usbChange=0, count=0, noiseDelta=0
Thu May 15 07:07:21.220 [airport]/579 @[1131833.906906] (airportProcessCommand.m:1715) Processed events, count[ 16], @[1131833.906018], took 0.000881
Thu May 15 07:07:22.966 [airport]/579 @[1131835.652481] (configdIODriverInterface.m:4687) caps = , connection[0x6ac0492c0] token[0x04c6000d] capabilties[0x00000000], description:'Sleep:<off> ', lastSleepType[0x00000007]/'Deep Idle', hibernateStateFound[1] hibernateState[0x00000000/0] hibernateMode[0x00000003/3]
Thu May 15 07:07:22.969 [airport]/579 @[1131835.655922] (configdIODriverInterface.m:4375) <en0> Scan offloads will be ENABLED (lpas_supported=yes, softap=disabled, wow=disabled, tcpka=active, allow_unassoc_wakes=yes, allow_disconn_sleeps=yes, aj_disabled=no, scan_offload_disabled_until=(null))
Thu May 15 07:07:22.993 [airport]/579 @[1131835.679438] (configdIODriverInterface.m:4450) <en0> Successfully configured scan offloads, aj_disabled=no, PNO count[4]
Thu May 15 07:07:22.993 [airport]/579 @[1131835.679945] (configdIODriverInterface.m:3826) Acknowledging sleep event, connection[0x6ac0492c0] token[0x04c6000d], gPMConnection[0x6ac0492c0]
Thu May 15 07:07:23.819 [airport]/579 @[1131836.505510] (airportProcessCommand.m:1715) Processed events, count[  2], @[1131836.505448], took 0.000053
Thu May 15 07:07:23.819 [airport]/579 @[1131836.505909] (airportProcessCommand.m:1715) Processed events, count[  1], @[1131836.505851], took 0.000029
Thu May 15 07:07:23.820 [airport]/579 @[1131836.506279] (airportProcessCommand.m:1715) Processed events, count[  1], @[1131836.506244], took 0.000027
Thu May 15 07:07:23.820 [airport]/579 @[1131836.506921] (airportProcessCommand.m:1715) Processed events, count[  1], @[1131836.506890], took 0.000023
Thu May 15 07:07:23.821 [airport]/579 @[1131836.507494] (airportProcessCommand.m:1715) Processed events, count[  1], @[1131836.507466], took 0.000021
Thu May 15 07:07:23.821 [airport]/579 @[1131836.507900] (airportProcessCommand.m:1715) Processed events, count[  1], @[1131836.507847], took 0.000021
Thu May 15 07:07:23.822 [airport]/579 @[1131836.508240] (airportProcessCommand.m:1715) Processed events, count[  1], @[1131836.508213], took 0.000020
Thu May 15 07:07:23.822 [airport]/579 @[1131836.508465] (airportProcessCommand.m:1715) Processed events, count[  1], @[1131836.508437], took 0.000020
Thu May 15 07:07:23.823 [airport]/579 @[1131836.509715] (airportProcessCommand.m:1715) Processed events, count[  1], @[1131836.508767], took 0.000939
Thu May 15 07:07:23.823 [airport]/579 @[1131836.509871] (airportProcessCommand.m:1715) Processed events, count[  1], @[1131836.509834], took 0.000031
Thu May 15 07:07:23.823 [airport]/579 @[1131836.509969] (airportProcessCommand.m:1715) Processed events, count[  1], @[1131836.509944], took 0.000019
Thu May 15 07:07:23.823 [airport]/579 @[1131836.510051] (airportProcessCommand.m:1715) Processed events, count[  1], @[1131836.510030], took 0.000015
Thu May 15 07:07:23.824 [airport]/579 @[1131836.510492] (airportProcessCommand.m:1715) Processed events, count[  1], @[1131836.510471], took 0.000016
Thu May 15 07:07:23.824 [airport]/579 @[1131836.510792] (airportProcessCommand.m:1715) Processed events, count[  1], @[1131836.510771], took 0.000016
Thu May 15 07:07:23.824 [airport]/579 @[1131836.511000] (airportProcessCommand.m:1715) Processed events, count[  1], @[1131836.510980], took 0.000015
Thu May 15 07:07:25.864 [airport]/579 @[1131838.550123] (configdIODriverInterface.m:1377) driver unavailable (reason=0xe0821804, subreason=0x0, flags=0x0), node:isDriverAvailable=1
Thu May 15 07:07:25.866 Usb Host Notification Error Apple80211Set: Device power is off seqNum 3320 Total 0 chg 0 en0
Thu May 15 07:07:25.876 [airport]/579 @[1131838.562946] (airportProcessCommand.m:1715) Processed events, count[  2], @[1131838.562871], took 0.000062
Thu May 15 07:07:25.877 [airport]/579 @[1131838.563826] (airportProcessCommand.m:1715) Processed events, count[  1], @[1131838.563778], took 0.000034
Thu May 15 07:07:25.878 [airport]/579 @[1131838.564317] (airportProcessCommand.m:1715) Processed events, count[  1], @[1131838.564275], took 0.000032
Thu May 15 07:07:25.878 [airport]/579 @[1131838.564881] (airportProcessCommand.m:1715) Processed events, count[  1], @[1131838.564843], took 0.000029
Thu May 15 07:07:25.879 [airport]/579 @[1131838.565522] (airportProcessCommand.m:1715) Processed events, count[  1], @[1131838.565438], took 0.000054
Thu May 15 07:07:25.879 [airport]/579 @[1131838.565844] (airportProcessCommand.m:1715) Processed events, count[  1], @[1131838.565810], took 0.000025
Thu May 15 07:07:25.880 [airport]/579 @[1131838.566268] (airportProcessCommand.m:1715) Processed events, count[  1], @[1131838.566225], took 0.000033
Thu May 15 07:07:25.880 [airport]/579 @[1131838.567122] (airportProcessCommand.m:1715) Processed events, count[  1], @[1131838.566535], took 0.000578
Thu May 15 07:07:25.881 [airport]/579 @[1131838.567252] (airportProcessCommand.m:1715) Processed events, count[  1], @[1131838.567226], took 0.000019
Thu May 15 07:07:25.881 [airport]/579 @[1131838.567389] (airportProcessCommand.m:1715) Processed events, count[  1], @[1131838.567356], took 0.000025
Thu May 15 07:07:25.881 [airport]/579 @[1131838.567625] (airportProcessCommand.m:1715) Processed events, count[  1], @[1131838.567592], took 0.000024
Thu May 15 07:07:25.881 [airport]/579 @[1131838.567905] (airportProcessCommand.m:1715) Processed events, count[  1], @[1131838.567832], took 0.000065
Thu May 15 07:07:25.881 [airport]/579 @[1131838.568147] (airportProcessCommand.m:1715) Processed events, count[  1], @[1131838.568111], took 0.000029
Thu May 15 07:07:25.882 [airport]/579 @[1131838.568397] (airportProcessCommand.m:1715) Processed events, count[  1], @[1131838.568370], took 0.000020
Thu May 15 07:25:21.849 [airport]/579 @[1132914.515405] (configdIODriverInterface.m:4687) caps = CPU Net Disk Early , connection[0x6ac0492c0] token[0x00000000] capabilties[0x00008019], description:'DarkWake:cpu disk net ', lastSleepType[0x00000007]/'Deep Idle', hibernateStateFound[1] hibernateState[0x00000000/0] hibernateMode[0x00000003/3]
Thu May 15 07:25:21.854 [airport]/579 @[1132914.520316] (configdIODriverInterface.m:4784) Acknowledging sleep event, connection[0x6ac0492c0] token[0x00000000]
Thu May 15 07:25:21.861 [airport]/579 @[1132914.527882] (airportProcessCommand.m:1715) Processed events, count[  2], @[1132914.527838], took 0.000038
Thu May 15 07:25:21.862 [airport]/579 @[1132914.528171] (airportProcessCommand.m:1715) Processed events, count[  1], @[1132914.528151], took 0.000015
Thu May 15 07:25:21.864 [airport]/579 @[1132914.530448] (airportProcessCommand.m:1715) Processed events, count[  1], @[1132914.530410], took 0.000031
Thu May 15 07:25:21.864 [airport]/579 @[1132914.530703] (airportProcessCommand.m:1715) Processed events, count[  1], @[1132914.530636], took 0.000062
Thu May 15 07:25:21.864 [airport]/579 @[1132914.530847] (airportProcessCommand.m:1715) Processed events, count[  1], @[1132914.530826], took 0.000016
Thu May 15 07:25:21.864 [airport]/579 @[1132914.530998] (airportProcessCommand.m:1715) Processed events, count[  1], @[1132914.530976], took 0.000017
Thu May 15 07:25:21.865 [airport]/579 @[1132914.531163] (airportProcessCommand.m:1715) Processed events, count[  1], @[1132914.531129], took 0.000029
Thu May 15 07:25:21.865 [airport]/579 @[1132914.531852] (airportProcessCommand.m:1715) Processed events, count[  1], @[1132914.531292], took 0.000530
Thu May 15 07:25:21.865 [airport]/579 @[1132914.531956] (airportProcessCommand.m:1715) Processed events, count[  1], @[1132914.531936], took 0.000015
Thu May 15 07:25:21.865 [airport]/579 @[1132914.531997] (airportProcessCommand.m:1715) Processed events, count[  1], @[1132914.531979], took 0.000013
Thu May 15 07:25:21.865 [airport]/579 @[1132914.532066] (airportProcessCommand.m:1715) Processed events, count[  1], @[1132914.532048], took 0.000014
Thu May 15 07:25:21.866 [airport]/579 @[1132914.532305] (airportProcessCommand.m:1715) Processed events, count[  1], @[1132914.532275], took 0.000025
Thu May 15 07:25:21.866 [airport]/579 @[1132914.532476] (airportProcessCommand.m:1715) Processed events, count[  1], @[1132914.532455], took 0.000016
Thu May 15 07:25:21.866 [airport]/579 @[1132914.532614] (airportProcessCommand.m:1715) Processed events, count[  1], @[1132914.532593], took 0.000016
Thu May 15 07:25:21.971 [airport]/579 @[1132914.637165] (configdIODriverInterface.m:4687) caps = CPU Net Disk , connection[0x6ac0492c0] token[0x00000000] capabilties[0x000000b9], description:'DarkWake:cpu disk net push ', lastSleepType[0x00000007]/'Deep Idle', hibernateStateFound[1] hibernateState[0x00000000/0] hibernateMode[0x00000003/3]
Thu May 15 07:25:21.977 [airport]/579 @[1132914.643236] (configdIODriverInterface.m:4784) Acknowledging sleep event, connection[0x6ac0492c0] token[0x00000000]
Thu May 15 07:25:22.162 [airport]/579 @[1132914.828222] (configdIODriverInterface.m:1377) driver available (reason=0xe0821803, subreason=0x0, flags=0x0), node:isDriverAvailable=0
Thu May 15 07:25:22.181 Usb Host Notification Apple80211Set: seqNum 3321 Total 0 chg 0 en0
Thu May 15 07:25:22.187 Usb Host Notification metrics: usbChange=0, count=0, noiseDelta=0
Thu May 15 07:25:22.253 Usb Host Notification Apple80211Set: seqNum 3322 Total 0 chg 0 en0
Thu May 15 07:25:22.256 Usb Host Notification metrics: usbChange=0, count=0, noiseDelta=0
Thu May 15 07:25:22.360 [airport]/579 @[1132915.026627] (airportProcessCommand.m:1715) Processed events, count[ 16], @[1132915.025535], took 0.001047
Thu May 15 07:25:23.987 [airport]/579 @[1132916.653752] (configdIODriverInterface.m:4687) caps = , connection[0x6ac0492c0] token[0x04c7000d] capabilties[0x00000000], description:'Sleep:<off> ', lastSleepType[0x00000007]/'Deep Idle', hibernateStateFound[1] hibernateState[0x00000000/0] hibernateMode[0x00000003/3]
Thu May 15 07:25:23.989 [airport]/579 @[1132916.655726] (configdIODriverInterface.m:4375) <en0> Scan offloads will be ENABLED (lpas_supported=yes, softap=disabled, wow=disabled, tcpka=active, allow_unassoc_wakes=yes, allow_disconn_sleeps=yes, aj_disabled=no, scan_offload_disabled_until=(null))
Thu May 15 07:25:24.013 [airport]/579 @[1132916.679282] (configdIODriverInterface.m:4450) <en0> Successfully configured scan offloads, aj_disabled=no, PNO count[4]
Thu May 15 07:25:24.013 [airport]/579 @[1132916.679861] (configdIODriverInterface.m:3826) Acknowledging sleep event, connection[0x6ac0492c0] token[0x04c7000d], gPMConnection[0x6ac0492c0]
Thu May 15 07:25:24.087 [airport]/579 @[1132916.753191] (airportdMain.m:1730) Health check alive, checkin@[1132916.753152], count[3892] 
Thu May 15 07:25:26.880 [airport]/579 @[1132919.546997] (configdIODriverInterface.m:1377) driver unavailable (reason=0xe0821804, subreason=0x0, flags=0x0), node:isDriverAvailable=1
Thu May 15 07:25:26.882 Usb Host Notification Error Apple80211Set: Device power is off seqNum 3323 Total 0 chg 0 en0
Thu May 15 07:25:26.889 [airport]/579 @[1132919.555575] (airportProcessCommand.m:1715) Processed events, count[  2], @[1132919.555380], took 0.000187
Thu May 15 07:25:26.889 [airport]/579 @[1132919.555730] (airportProcessCommand.m:1715) Processed events, count[  1], @[1132919.555701], took 0.000016
Thu May 15 07:25:26.889 [airport]/579 @[1132919.556018] (airportProcessCommand.m:1715) Processed events, count[  1], @[1132919.555993], took 0.000019
Thu May 15 07:25:26.890 [airport]/579 @[1132919.556111] (airportProcessCommand.m:1715) Processed events, count[  1], @[1132919.556089], took 0.000016
Thu May 15 07:25:26.890 [airport]/579 @[1132919.556338] (airportProcessCommand.m:1715) Processed events, count[  1], @[1132919.556318], took 0.000015
Thu May 15 07:25:26.890 [airport]/579 @[1132919.556485] (airportProcessCommand.m:1715) Processed events, count[  1], @[1132919.556465], took 0.000014
Thu May 15 07:25:26.890 [airport]/579 @[1132919.556641] (airportProcessCommand.m:1715) Processed events, count[  1], @[1132919.556618], took 0.000018
Thu May 15 07:25:26.891 [airport]/579 @[1132919.557258] (airportProcessCommand.m:1715) Processed events, count[  1], @[1132919.556790], took 0.000461
Thu May 15 07:25:26.891 [airport]/579 @[1132919.557361] (airportProcessCommand.m:1715) Processed events, count[  1], @[1132919.557340], took 0.000015
Thu May 15 07:25:26.891 [airport]/579 @[1132919.557404] (airportProcessCommand.m:1715) Processed events, count[  1], @[1132919.557385], took 0.000014
Thu May 15 07:25:26.891 [airport]/579 @[1132919.557461] (airportProcessCommand.m:1715) Processed events, count[  1], @[1132919.557427], took 0.000027
Thu May 15 07:25:26.891 [airport]/579 @[1132919.557516] (airportProcessCommand.m:1715) Processed events, count[  1], @[1132919.557495], took 0.000016
Thu May 15 07:25:26.891 [airport]/579 @[1132919.557721] (airportProcessCommand.m:1715) Processed events, count[  1], @[1132919.557701], took 0.000015
Thu May 15 07:25:26.891 [airport]/579 @[1132919.557843] (airportProcessCommand.m:1715) Processed events, count[  1], @[1132919.557820], took 0.000018
Thu May 15 07:42:47.868 [airport]/579 @[1133960.514927] (configdIODriverInterface.m:4687) caps = CPU Net Disk Early , connection[0x6ac0492c0] token[0x00000000] capabilties[0x00008019], description:'DarkWake:cpu disk net ', lastSleepType[0x00000007]/'Deep Idle', hibernateStateFound[1] hibernateState[0x00000000/0] hibernateMode[0x00000003/3]
Thu May 15 07:42:47.874 [airport]/579 @[1133960.521330] (configdIODriverInterface.m:4784) Acknowledging sleep event, connection[0x6ac0492c0] token[0x00000000]
Thu May 15 07:42:47.985 [airport]/579 @[1133960.631929] (configdIODriverInterface.m:4687) caps = CPU Net Disk , connection[0x6ac0492c0] token[0x00000000] capabilties[0x000000b9], description:'DarkWake:cpu disk net push ', lastSleepType[0x00000007]/'Deep Idle', hibernateStateFound[1] hibernateState[0x00000000/0] hibernateMode[0x00000003/3]
Thu May 15 07:42:47.992 [airport]/579 @[1133960.639265] (configdIODriverInterface.m:4784) Acknowledging sleep event, connection[0x6ac0492c0] token[0x00000000]
Thu May 15 07:42:48.159 [airport]/579 @[1133960.806557] (configdIODriverInterface.m:1377) driver available (reason=0xe0821803, subreason=0x0, flags=0x0), node:isDriverAvailable=0
Thu May 15 07:42:48.172 Usb Host Notification Apple80211Set: seqNum 3324 Total 0 chg 0 en0
Thu May 15 07:42:48.177 Usb Host Notification metrics: usbChange=0, count=0, noiseDelta=0
Thu May 15 07:42:48.259 Usb Host Notification Apple80211Set: seqNum 3325 Total 0 chg 0 en0
Thu May 15 07:42:48.262 Usb Host Notification metrics: usbChange=0, count=0, noiseDelta=0
Thu May 15 07:42:48.312 [airport]/579 @[1133960.958975] (airportProcessCommand.m:1715) Processed events, count[ 16], @[1133960.957863], took 0.001090
Thu May 15 07:42:50.008 [airport]/579 @[1133962.655075] (configdIODriverInterface.m:4687) caps = , connection[0x6ac0492c0] token[0x04c8000d] capabilties[0x00000000], description:'Sleep:<off> ', lastSleepType[0x00000007]/'Deep Idle', hibernateStateFound[1] hibernateState[0x00000000/0] hibernateMode[0x00000003/3]
Thu May 15 07:42:50.012 [airport]/579 @[1133962.659063] (configdIODriverInterface.m:4375) <en0> Scan offloads will be ENABLED (lpas_supported=yes, softap=disabled, wow=disabled, tcpka=active, allow_unassoc_wakes=yes, allow_disconn_sleeps=yes, aj_disabled=no, scan_offload_disabled_until=(null))
Thu May 15 07:42:50.036 [airport]/579 @[1133962.682943] (configdIODriverInterface.m:4450) <en0> Successfully configured scan offloads, aj_disabled=no, PNO count[4]
Thu May 15 07:42:50.036 [airport]/579 @[1133962.683509] (configdIODriverInterface.m:3826) Acknowledging sleep event, connection[0x6ac0492c0] token[0x04c8000d], gPMConnection[0x6ac0492c0]
Thu May 15 07:42:52.758 [airport]/579 @[1133965.405260] (airportProcessCommand.m:1715) Processed events, count[  1], @[1133965.405180], took 0.000062
Thu May 15 07:42:52.759 [airport]/579 @[1133965.406163] (airportProcessCommand.m:1715) Processed events, count[  2], @[1133965.406072], took 0.000081
Thu May 15 07:42:52.759 [airport]/579 @[1133965.406455] (airportProcessCommand.m:1715) Processed events, count[  1], @[1133965.406401], took 0.000044
Thu May 15 07:42:52.760 [airport]/579 @[1133965.406757] (airportProcessCommand.m:1715) Processed events, count[  1], @[1133965.406715], took 0.000032
Thu May 15 07:42:52.760 [airport]/579 @[1133965.407053] (airportProcessCommand.m:1715) Processed events, count[  1], @[1133965.407024], took 0.000022
Thu May 15 07:42:52.760 [airport]/579 @[1133965.407344] (airportProcessCommand.m:1715) Processed events, count[  1], @[1133965.407315], took 0.000022
Thu May 15 07:42:52.760 [airport]/579 @[1133965.407568] (airportProcessCommand.m:1715) Processed events, count[  1], @[1133965.407540], took 0.000020
Thu May 15 07:42:52.761 [airport]/579 @[1133965.407807] (airportProcessCommand.m:1715) Processed events, count[  1], @[1133965.407780], took 0.000020
Thu May 15 07:42:52.762 [airport]/579 @[1133965.408787] (airportProcessCommand.m:1715) Processed events, count[  1], @[1133965.408013], took 0.000764
Thu May 15 07:42:52.762 [airport]/579 @[1133965.408916] (airportProcessCommand.m:1715) Processed events, count[  1], @[1133965.408887], took 0.000023
Thu May 15 07:42:52.762 [airport]/579 @[1133965.409005] (airportProcessCommand.m:1715) Processed events, count[  1], @[1133965.408981], took 0.000017
Thu May 15 07:42:52.762 [airport]/579 @[1133965.409097] (airportProcessCommand.m:1715) Processed events, count[  1], @[1133965.409074], took 0.000017
Thu May 15 07:42:52.762 [airport]/579 @[1133965.409281] (airportProcessCommand.m:1715) Processed events, count[  1], @[1133965.409247], took 0.000024
Thu May 15 07:42:52.762 [airport]/579 @[1133965.409500] (airportProcessCommand.m:1715) Processed events, count[  1], @[1133965.409471], took 0.000022
Thu May 15 07:42:52.763 [airport]/579 @[1133965.409830] (airportProcessCommand.m:1715) Processed events, count[  1], @[1133965.409800], took 0.000023
Thu May 15 07:42:52.904 [airport]/579 @[1133965.550733] (configdIODriverInterface.m:1377) driver unavailable (reason=0xe0821804, subreason=0x0, flags=0x0), node:isDriverAvailable=1
Thu May 15 07:42:52.905 Usb Host Notification Error Apple80211Set: Device power is off seqNum 3326 Total 0 chg 0 en0
Thu May 15 07:42:52.912 [airport]/579 @[1133965.559538] (airportProcessCommand.m:1715) Processed events, count[  2], @[1133965.559484], took 0.000047
Thu May 15 07:42:52.913 [airport]/579 @[1133965.559890] (airportProcessCommand.m:1715) Processed events, count[  2], @[1133965.559861], took 0.000024
Thu May 15 07:42:52.914 [airport]/579 @[1133965.560797] (airportProcessCommand.m:1715) Processed events, count[  2], @[1133965.560751], took 0.000041
Thu May 15 07:42:52.914 [airport]/579 @[1133965.561086] (airportProcessCommand.m:1715) Processed events, count[  1], @[1133965.561057], took 0.000024
Thu May 15 07:42:52.914 [airport]/579 @[1133965.561413] (airportProcessCommand.m:1715) Processed events, count[  1], @[1133965.561388], took 0.000019
Thu May 15 07:42:52.916 [airport]/579 @[1133965.562705] (airportProcessCommand.m:1715) Processed events, count[  1], @[1133965.561738], took 0.000960
Thu May 15 07:42:52.916 [airport]/579 @[1133965.562838] (airportProcessCommand.m:1715) Processed events, count[  1], @[1133965.562809], took 0.000023
Thu May 15 07:42:52.916 [airport]/579 @[1133965.562915] (airportProcessCommand.m:1715) Processed events, count[  1], @[1133965.562894], took 0.000016
Thu May 15 07:42:52.916 [airport]/579 @[1133965.562997] (airportProcessCommand.m:1715) Processed events, count[  1], @[1133965.562968], took 0.000024
Thu May 15 07:42:52.916 [airport]/579 @[1133965.563296] (airportProcessCommand.m:1715) Processed events, count[  1], @[1133965.563273], took 0.000018
Thu May 15 07:42:52.916 [airport]/579 @[1133965.563592] (airportProcessCommand.m:1715) Processed events, count[  1], @[1133965.563564], took 0.000022
Thu May 15 07:42:52.917 [airport]/579 @[1133965.563919] (airportProcessCommand.m:1715) Processed events, count[  1], @[1133965.563900], took 0.000014
Thu May 15 07:52:14.879 [airport]/579 @[1134527.515225] (configdIODriverInterface.m:4687) caps = CPU Net Disk Early , connection[0x6ac0492c0] token[0x00000000] capabilties[0x00008019], description:'DarkWake:cpu disk net ', lastSleepType[0x00000007]/'Deep Idle', hibernateStateFound[1] hibernateState[0x00000000/0] hibernateMode[0x00000003/3]
Thu May 15 07:52:14.892 [airport]/579 @[1134527.528495] (configdIODriverInterface.m:4784) Acknowledging sleep event, connection[0x6ac0492c0] token[0x00000000]
Thu May 15 07:52:14.899 [airport]/579 @[1134527.535246] (airportProcessCommand.m:1715) Processed events, count[  2], @[1134527.535202], took 0.000037
Thu May 15 07:52:14.899 [airport]/579 @[1134527.535456] (airportProcessCommand.m:1715) Processed events, count[  1], @[1134527.535431], took 0.000019
Thu May 15 07:52:14.900 [airport]/579 @[1134527.535686] (airportProcessCommand.m:1715) Processed events, count[  1], @[1134527.535664], took 0.000017
Thu May 15 07:52:14.901 [airport]/579 @[1134527.537248] (airportProcessCommand.m:1715) Processed events, count[  1], @[1134527.537210], took 0.000031
Thu May 15 07:52:14.901 [airport]/579 @[1134527.537467] (airportProcessCommand.m:1715) Processed events, count[  1], @[1134527.537442], took 0.000019
Thu May 15 07:52:14.901 [airport]/579 @[1134527.537621] (airportProcessCommand.m:1715) Processed events, count[  1], @[1134527.537598], took 0.000017
Thu May 15 07:52:14.901 [airport]/579 @[1134527.537769] (airportProcessCommand.m:1715) Processed events, count[  1], @[1134527.537748], took 0.000015
Thu May 15 07:52:14.902 [airport]/579 @[1134527.538261] (airportProcessCommand.m:1715) Processed events, count[  1], @[1134527.537908], took 0.000346
Thu May 15 07:52:14.902 [airport]/579 @[1134527.538352] (airportProcessCommand.m:1715) Processed events, count[  1], @[1134527.538332], took 0.000015
Thu May 15 07:52:14.902 [airport]/579 @[1134527.538398] (airportProcessCommand.m:1715) Processed events, count[  1], @[1134527.538374], took 0.000018
Thu May 15 07:52:14.902 [airport]/579 @[1134527.538435] (airportProcessCommand.m:1715) Processed events, count[  1], @[1134527.538417], took 0.000012
Thu May 15 07:52:14.902 [airport]/579 @[1134527.538678] (airportProcessCommand.m:1715) Processed events, count[  1], @[1134527.538659], took 0.000014
Thu May 15 07:52:14.902 [airport]/579 @[1134527.538835] (airportProcessCommand.m:1715) Processed events, count[  1], @[1134527.538808], took 0.000021
Thu May 15 07:52:14.902 [airport]/579 @[1134527.538987] (airportProcessCommand.m:1715) Processed events, count[  1], @[1134527.538966], took 0.000015
Thu May 15 07:52:15.015 [airport]/579 @[1134527.651370] (configdIODriverInterface.m:4687) caps = CPU Net Disk , connection[0x6ac0492c0] token[0x00000000] capabilties[0x000000b9], description:'DarkWake:cpu disk net push ', lastSleepType[0x00000007]/'Deep Idle', hibernateStateFound[1] hibernateState[0x00000000/0] hibernateMode[0x00000003/3]
Thu May 15 07:52:15.024 [airport]/579 @[1134527.660966] (configdIODriverInterface.m:4784) Acknowledging sleep event, connection[0x6ac0492c0] token[0x00000000]
Thu May 15 07:52:15.144 [airport]/579 @[1134527.781044] (configdIODriverInterface.m:1377) driver available (reason=0xe0821803, subreason=0x0, flags=0x0), node:isDriverAvailable=0
Thu May 15 07:52:15.158 Usb Host Notification Apple80211Set: seqNum 3327 Total 0 chg 0 en0
Thu May 15 07:52:15.163 Usb Host Notification metrics: usbChange=0, count=0, noiseDelta=0
Thu May 15 07:52:15.249 Usb Host Notification Apple80211Set: seqNum 3328 Total 0 chg 0 en0
Thu May 15 07:52:15.252 Usb Host Notification metrics: usbChange=0, count=0, noiseDelta=0
Thu May 15 07:52:15.318 [airport]/579 @[1134527.954547] (airportProcessCommand.m:1715) Processed events, count[ 16], @[1134527.953506], took 0.001028
Thu May 15 07:52:20.311 [airport]/579 @[1134532.947770] (configdIODriverInterface.m:4687) caps = , connection[0x6ac0492c0] token[0x04c9000d] capabilties[0x00000000], description:'Sleep:<off> ', lastSleepType[0x00000007]/'Deep Idle', hibernateStateFound[1] hibernateState[0x00000000/0] hibernateMode[0x00000003/3]
Thu May 15 07:52:20.327 [airport]/579 @[1134532.963916] (configdIODriverInterface.m:4375) <en0> Scan offloads will be ENABLED (lpas_supported=yes, softap=disabled, wow=disabled, tcpka=active, allow_unassoc_wakes=yes, allow_disconn_sleeps=yes, aj_disabled=no, scan_offload_disabled_until=(null))
Thu May 15 07:52:20.356 [airport]/579 @[1134532.992844] (configdIODriverInterface.m:4450) <en0> Successfully configured scan offloads, aj_disabled=no, PNO count[4]
Thu May 15 07:52:20.357 [airport]/579 @[1134532.993419] (configdIODriverInterface.m:3826) Acknowledging sleep event, connection[0x6ac0492c0] token[0x04c9000d], gPMConnection[0x6ac0492c0]
Thu May 15 07:52:21.854 [airport]/579 @[1134534.490572] (configdIODriverInterface.m:1377) driver unavailable (reason=0xe0821804, subreason=0x0, flags=0x0), node:isDriverAvailable=1
Thu May 15 07:52:21.856 Usb Host Notification Error Apple80211Set: Device power is off seqNum 3329 Total 0 chg 0 en0
Thu May 15 07:52:21.865 [airport]/579 @[1134534.501619] (airportProcessCommand.m:1715) Processed events, count[  2], @[1134534.501510], took 0.000097
Thu May 15 07:52:21.866 [airport]/579 @[1134534.502201] (airportProcessCommand.m:1715) Processed events, count[  1], @[1134534.502150], took 0.000039
Thu May 15 07:52:21.866 [airport]/579 @[1134534.502729] (airportProcessCommand.m:1715) Processed events, count[  1], @[1134534.502679], took 0.000040
Thu May 15 07:52:21.867 [airport]/579 @[1134534.503319] (airportProcessCommand.m:1715) Processed events, count[  1], @[1134534.503279], took 0.000030
Thu May 15 07:52:21.867 [airport]/579 @[1134534.503751] (airportProcessCommand.m:1715) Processed events, count[  1], @[1134534.503676], took 0.000065
Thu May 15 07:52:21.868 [airport]/579 @[1134534.504457] (airportProcessCommand.m:1715) Processed events, count[  1], @[1134534.504158], took 0.000287
Thu May 15 07:52:21.868 [airport]/579 @[1134534.504738] (airportProcessCommand.m:1715) Processed events, count[  1], @[1134534.504701], took 0.000028
Thu May 15 07:52:21.870 [airport]/579 @[1134534.506063] (airportProcessCommand.m:1715) Processed events, count[  1], @[1134534.504974], took 0.001079
Thu May 15 07:52:21.870 [airport]/579 @[1134534.506229] (airportProcessCommand.m:1715) Processed events, count[  1], @[1134534.506192], took 0.000031
Thu May 15 07:52:21.870 [airport]/579 @[1134534.506338] (airportProcessCommand.m:1715) Processed events, count[  1], @[1134534.506308], took 0.000024
Thu May 15 07:52:21.870 [airport]/579 @[1134534.506435] (airportProcessCommand.m:1715) Processed events, count[  1], @[1134534.506411], took 0.000017
Thu May 15 07:52:21.870 [airport]/579 @[1134534.506962] (airportProcessCommand.m:1715) Processed events, count[  1], @[1134534.506931], took 0.000024
Thu May 15 07:52:21.871 [airport]/579 @[1134534.507321] (airportProcessCommand.m:1715) Processed events, count[  1], @[1134534.507291], took 0.000022
Thu May 15 07:52:21.871 [airport]/579 @[1134534.507562] (airportProcessCommand.m:1715) Processed events, count[  1], @[1134534.507532], took 0.000020
Thu May 15 08:10:17.901 [airport]/579 @[1135610.517694] (configdIODriverInterface.m:4687) caps = CPU Net Disk Early , connection[0x6ac0492c0] token[0x00000000] capabilties[0x00008019], description:'DarkWake:cpu disk net ', lastSleepType[0x00000007]/'Deep Idle', hibernateStateFound[1] hibernateState[0x00000000/0] hibernateMode[0x00000003/3]
Thu May 15 08:10:17.911 [airport]/579 @[1135610.526961] (configdIODriverInterface.m:4784) Acknowledging sleep event, connection[0x6ac0492c0] token[0x00000000]
Thu May 15 08:10:18.017 [airport]/579 @[1135610.632670] (configdIODriverInterface.m:4687) caps = CPU Net Disk , connection[0x6ac0492c0] token[0x00000000] capabilties[0x000000b9], description:'DarkWake:cpu disk net push ', lastSleepType[0x00000007]/'Deep Idle', hibernateStateFound[1] hibernateState[0x00000000/0] hibernateMode[0x00000003/3]
Thu May 15 08:10:18.022 [airport]/579 @[1135610.638752] (configdIODriverInterface.m:4784) Acknowledging sleep event, connection[0x6ac0492c0] token[0x00000000]
Thu May 15 08:10:18.206 [airport]/579 @[1135610.822505] (configdIODriverInterface.m:1377) driver available (reason=0xe0821803, subreason=0x0, flags=0x0), node:isDriverAvailable=0
Thu May 15 08:10:18.223 Usb Host Notification Apple80211Set: seqNum 3330 Total 0 chg 0 en0
Thu May 15 08:10:18.228 Usb Host Notification metrics: usbChange=0, count=0, noiseDelta=0
Thu May 15 08:10:18.272 Usb Host Notification Apple80211Set: seqNum 3331 Total 0 chg 0 en0
Thu May 15 08:10:18.276 Usb Host Notification metrics: usbChange=0, count=0, noiseDelta=0
Thu May 15 08:10:18.337 [airport]/579 @[1135610.953753] (airportProcessCommand.m:1715) Processed events, count[ 16], @[1135610.952896], took 0.000847
Thu May 15 08:10:20.038 [airport]/579 @[1135612.654839] (configdIODriverInterface.m:4687) caps = , connection[0x6ac0492c0] token[0x04ca000d] capabilties[0x00000000], description:'Sleep:<off> ', lastSleepType[0x00000007]/'Deep Idle', hibernateStateFound[1] hibernateState[0x00000000/0] hibernateMode[0x00000003/3]
Thu May 15 08:10:20.040 [airport]/579 @[1135612.655956] (configdIODriverInterface.m:4375) <en0> Scan offloads will be ENABLED (lpas_supported=yes, softap=disabled, wow=disabled, tcpka=active, allow_unassoc_wakes=yes, allow_disconn_sleeps=yes, aj_disabled=no, scan_offload_disabled_until=(null))
Thu May 15 08:10:20.064 [airport]/579 @[1135612.680735] (configdIODriverInterface.m:4450) <en0> Successfully configured scan offloads, aj_disabled=no, PNO count[4]
Thu May 15 08:10:20.065 [airport]/579 @[1135612.681382] (configdIODriverInterface.m:3826) Acknowledging sleep event, connection[0x6ac0492c0] token[0x04ca000d], gPMConnection[0x6ac0492c0]
Thu May 15 08:10:20.822 [airport]/579 @[1135613.438319] (airportProcessCommand.m:1715) Processed events, count[  2], @[1135613.438249], took 0.000059
Thu May 15 08:10:20.822 [airport]/579 @[1135613.438743] (airportProcessCommand.m:1715) Processed events, count[  1], @[1135613.438703], took 0.000031
Thu May 15 08:10:20.823 [airport]/579 @[1135613.439069] (airportProcessCommand.m:1715) Processed events, count[  1], @[1135613.439018], took 0.000040
Thu May 15 08:10:20.823 [airport]/579 @[1135613.439368] (airportProcessCommand.m:1715) Processed events, count[  1], @[1135613.439311], took 0.000030
Thu May 15 08:10:20.823 [airport]/579 @[1135613.439638] (airportProcessCommand.m:1715) Processed events, count[  1], @[1135613.439601], took 0.000029
Thu May 15 08:10:20.823 [airport]/579 @[1135613.439889] (airportProcessCommand.m:1715) Processed events, count[  1], @[1135613.439853], took 0.000028
Thu May 15 08:10:20.824 [airport]/579 @[1135613.440192] (airportProcessCommand.m:1715) Processed events, count[  1], @[1135613.440156], took 0.000027
Thu May 15 08:10:20.824 [airport]/579 @[1135613.440471] (airportProcessCommand.m:1715) Processed events, count[  1], @[1135613.440420], took 0.000040
Thu May 15 08:10:20.825 [airport]/579 @[1135613.441402] (airportProcessCommand.m:1715) Processed events, count[  1], @[1135613.440679], took 0.000714
Thu May 15 08:10:20.825 [airport]/579 @[1135613.441500] (airportProcessCommand.m:1715) Processed events, count[  1], @[1135613.441475], took 0.000019
Thu May 15 08:10:20.825 [airport]/579 @[1135613.441589] (airportProcessCommand.m:1715) Processed events, count[  1], @[1135613.441550], took 0.000031
Thu May 15 08:10:20.825 [airport]/579 @[1135613.441666] (airportProcessCommand.m:1715) Processed events, count[  1], @[1135613.441642], took 0.000017
Thu May 15 08:10:20.825 [airport]/579 @[1135613.441727] (airportProcessCommand.m:1715) Processed events, count[  1], @[1135613.441709], took 0.000013
Thu May 15 08:10:20.825 [airport]/579 @[1135613.441895] (airportProcessCommand.m:1715) Processed events, count[  1], @[1135613.441873], took 0.000017
Thu May 15 08:10:20.826 [airport]/579 @[1135613.442078] (airportProcessCommand.m:1715) Processed events, count[  1], @[1135613.442044], took 0.000029
Thu May 15 08:10:22.941 [airport]/579 @[1135615.557580] (configdIODriverInterface.m:1377) driver unavailable (reason=0xe0821804, subreason=0x0, flags=0x0), node:isDriverAvailable=1
Thu May 15 08:10:22.943 Usb Host Notification Error Apple80211Set: Device power is off seqNum 3332 Total 0 chg 0 en0
Thu May 15 08:10:22.951 [airport]/579 @[1135615.567028] (airportProcessCommand.m:1715) Processed events, count[  2], @[1135615.566887], took 0.000125
Thu May 15 08:10:22.952 [airport]/579 @[1135615.568220] (airportProcessCommand.m:1715) Processed events, count[  1], @[1135615.568160], took 0.000050
Thu May 15 08:10:22.952 [airport]/579 @[1135615.568377] (airportProcessCommand.m:1715) Processed events, count[  1], @[1135615.568335], took 0.000032
Thu May 15 08:10:22.953 [airport]/579 @[1135615.568936] (airportProcessCommand.m:1715) Processed events, count[  1], @[1135615.568888], took 0.000034
Thu May 15 08:10:22.953 [airport]/579 @[1135615.569786] (airportProcessCommand.m:1715) Processed events, count[  1], @[1135615.569744], took 0.000033
Thu May 15 08:10:22.954 [airport]/579 @[1135615.570132] (airportProcessCommand.m:1715) Processed events, count[  1], @[1135615.570029], took 0.000093
Thu May 15 08:10:22.954 [airport]/579 @[1135615.570719] (airportProcessCommand.m:1715) Processed events, count[  1], @[1135615.570683], took 0.000027
Thu May 15 08:10:22.956 [airport]/579 @[1135615.571895] (airportProcessCommand.m:1715) Processed events, count[  2], @[1135615.571076], took 0.000809
Thu May 15 08:10:22.956 [airport]/579 @[1135615.572080] (airportProcessCommand.m:1715) Processed events, count[  1], @[1135615.572028], took 0.000042
Thu May 15 08:10:22.956 [airport]/579 @[1135615.572187] (airportProcessCommand.m:1715) Processed events, count[  1], @[1135615.572150], took 0.000028
Thu May 15 08:10:22.956 [airport]/579 @[1135615.572399] (airportProcessCommand.m:1715) Processed events, count[  1], @[1135615.572368], took 0.000023
Thu May 15 08:10:22.956 [airport]/579 @[1135615.572625] (airportProcessCommand.m:1715) Processed events, count[  1], @[1135615.572588], took 0.000030
Thu May 15 08:10:22.956 [airport]/579 @[1135615.572858] (airportProcessCommand.m:1715) Processed events, count[  1], @[1135615.572832], took 0.000019
Thu May 15 08:26:54.918 [airport]/579 @[1136607.514022] (configdIODriverInterface.m:4687) caps = CPU Net Disk Early , connection[0x6ac0492c0] token[0x00000000] capabilties[0x00008019], description:'DarkWake:cpu disk net ', lastSleepType[0x00000007]/'Deep Idle', hibernateStateFound[1] hibernateState[0x00000000/0] hibernateMode[0x00000003/3]
Thu May 15 08:26:54.927 [airport]/579 @[1136607.524840] (configdIODriverInterface.m:4784) Acknowledging sleep event, connection[0x6ac0492c0] token[0x00000000]
Thu May 15 08:26:54.933 [airport]/579 @[1136607.531347] (airportProcessCommand.m:1715) Processed events, count[  2], @[1136607.531310], took 0.000031
Thu May 15 08:26:54.934 [airport]/579 @[1136607.531546] (airportProcessCommand.m:1715) Processed events, count[  1], @[1136607.531525], took 0.000015
Thu May 15 08:26:54.934 [airport]/579 @[1136607.531787] (airportProcessCommand.m:1715) Processed events, count[  1], @[1136607.531751], took 0.000031
Thu May 15 08:26:54.935 [airport]/579 @[1136607.532837] (airportProcessCommand.m:1715) Processed events, count[  1], @[1136607.532804], took 0.000027
Thu May 15 08:26:54.935 [airport]/579 @[1136607.532956] (airportProcessCommand.m:1715) Processed events, count[  1], @[1136607.532935], took 0.000015
Thu May 15 08:26:54.936 [airport]/579 @[1136607.533489] (airportProcessCommand.m:1715) Processed events, count[  1], @[1136607.533252], took 0.000016
Thu May 15 08:26:54.936 [airport]/579 @[1136607.533993] (airportProcessCommand.m:1715) Processed events, count[  2], @[1136607.533622], took 0.000364
Thu May 15 08:26:54.936 [airport]/579 @[1136607.534095] (airportProcessCommand.m:1715) Processed events, count[  1], @[1136607.534067], took 0.000022
Thu May 15 08:26:54.936 [airport]/579 @[1136607.534149] (airportProcessCommand.m:1715) Processed events, count[  1], @[1136607.534118], took 0.000025
Thu May 15 08:26:54.936 [airport]/579 @[1136607.534252] (airportProcessCommand.m:1715) Processed events, count[  1], @[1136607.534233], took 0.000014
Thu May 15 08:26:54.937 [airport]/579 @[1136607.534465] (airportProcessCommand.m:1715) Processed events, count[  1], @[1136607.534444], took 0.000016
Thu May 15 08:26:54.937 [airport]/579 @[1136607.534642] (airportProcessCommand.m:1715) Processed events, count[  1], @[1136607.534595], took 0.000014
Thu May 15 08:26:54.937 [airport]/579 @[1136607.534871] (airportProcessCommand.m:1715) Processed events, count[  1], @[1136607.534852], took 0.000014
Thu May 15 08:26:55.035 [airport]/579 @[1136607.633273] (configdIODriverInterface.m:4687) caps = CPU Net Disk , connection[0x6ac0492c0] token[0x00000000] capabilties[0x000000b9], description:'DarkWake:cpu disk net push ', lastSleepType[0x00000007]/'Deep Idle', hibernateStateFound[1] hibernateState[0x00000000/0] hibernateMode[0x00000003/3]
Thu May 15 08:26:55.042 [airport]/579 @[1136607.640148] (configdIODriverInterface.m:4784) Acknowledging sleep event, connection[0x6ac0492c0] token[0x00000000]
Thu May 15 08:26:55.183 [airport]/579 @[1136607.780994] (configdIODriverInterface.m:1377) driver available (reason=0xe0821803, subreason=0x0, flags=0x0), node:isDriverAvailable=0
Thu May 15 08:26:55.199 Usb Host Notification Apple80211Set: seqNum 3333 Total 0 chg 0 en0
Thu May 15 08:26:55.206 Usb Host Notification metrics: usbChange=0, count=0, noiseDelta=0
Thu May 15 08:26:55.249 Usb Host Notification Apple80211Set: seqNum 3334 Total 0 chg 0 en0
Thu May 15 08:26:55.278 Usb Host Notification metrics: usbChange=0, count=0, noiseDelta=0
Thu May 15 08:26:55.337 [airport]/579 @[1136607.934584] (airportProcessCommand.m:1715) Processed events, count[ 16], @[1136607.933776], took 0.000797
Thu May 15 08:26:57.066 [airport]/579 @[1136609.663279] (configdIODriverInterface.m:4687) caps = , connection[0x6ac0492c0] token[0x04cb000d] capabilties[0x00000000], description:'Sleep:<off> ', lastSleepType[0x00000007]/'Deep Idle', hibernateStateFound[1] hibernateState[0x00000000/0] hibernateMode[0x00000003/3]
Thu May 15 08:26:57.073 [airport]/579 @[1136609.670681] (configdIODriverInterface.m:4375) <en0> Scan offloads will be ENABLED (lpas_supported=yes, softap=disabled, wow=disabled, tcpka=active, allow_unassoc_wakes=yes, allow_disconn_sleeps=yes, aj_disabled=no, scan_offload_disabled_until=(null))
Thu May 15 08:26:57.106 [airport]/579 @[1136609.703997] (configdIODriverInterface.m:4450) <en0> Successfully configured scan offloads, aj_disabled=no, PNO count[4]
Thu May 15 08:26:57.116 [airport]/579 @[1136609.713344] (configdIODriverInterface.m:3826) Acknowledging sleep event, connection[0x6ac0492c0] token[0x04cb000d], gPMConnection[0x6ac0492c0]
Thu May 15 08:26:59.950 [airport]/579 @[1136612.547356] (configdIODriverInterface.m:1377) driver unavailable (reason=0xe0821804, subreason=0x0, flags=0x0), node:isDriverAvailable=1
Thu May 15 08:26:59.951 Usb Host Notification Error Apple80211Set: Device power is off seqNum 3335 Total 0 chg 0 en0
Thu May 15 08:26:59.958 [airport]/579 @[1136612.555463] (airportProcessCommand.m:1715) Processed events, count[  2], @[1136612.555414], took 0.000042
Thu May 15 08:26:59.958 [airport]/579 @[1136612.555784] (airportProcessCommand.m:1715) Processed events, count[  1], @[1136612.555761], took 0.000017
Thu May 15 08:26:59.958 [airport]/579 @[1136612.556254] (airportProcessCommand.m:1715) Processed events, count[  1], @[1136612.556229], took 0.000019
Thu May 15 08:26:59.959 [airport]/579 @[1136612.556524] (airportProcessCommand.m:1715) Processed events, count[  1], @[1136612.556501], took 0.000017
Thu May 15 08:26:59.959 [airport]/579 @[1136612.556780] (airportProcessCommand.m:1715) Processed events, count[  1], @[1136612.556759], took 0.000015
Thu May 15 08:26:59.959 [airport]/579 @[1136612.557048] (airportProcessCommand.m:1715) Processed events, count[  1], @[1136612.557026], took 0.000016
Thu May 15 08:26:59.959 [airport]/579 @[1136612.557291] (airportProcessCommand.m:1715) Processed events, count[  1], @[1136612.557270], took 0.000016
Thu May 15 08:26:59.960 [airport]/579 @[1136612.557976] (airportProcessCommand.m:1715) Processed events, count[  1], @[1136612.557490], took 0.000479
Thu May 15 08:26:59.960 [airport]/579 @[1136612.558076] (airportProcessCommand.m:1715) Processed events, count[  1], @[1136612.558057], took 0.000014
Thu May 15 08:26:59.960 [airport]/579 @[1136612.558159] (airportProcessCommand.m:1715) Processed events, count[  1], @[1136612.558138], took 0.000015
Thu May 15 08:26:59.960 [airport]/579 @[1136612.558233] (airportProcessCommand.m:1715) Processed events, count[  1], @[1136612.558214], took 0.000014
Thu May 15 08:26:59.961 [airport]/579 @[1136612.558639] (airportProcessCommand.m:1715) Processed events, count[  1], @[1136612.558603], took 0.000027
Thu May 15 08:26:59.961 [airport]/579 @[1136612.559154] (airportProcessCommand.m:1715) Processed events, count[  1], @[1136612.559118], took 0.000027
Thu May 15 08:26:59.962 [airport]/579 @[1136612.559382] (airportProcessCommand.m:1715) Processed events, count[  1], @[1136612.559346], took 0.000027
Thu May 15 08:44:42.934 [airport]/579 @[1137675.511478] (configdIODriverInterface.m:4687) caps = CPU Net Disk Early , connection[0x6ac0492c0] token[0x00000000] capabilties[0x00008019], description:'DarkWake:cpu disk net ', lastSleepType[0x00000007]/'Deep Idle', hibernateStateFound[1] hibernateState[0x00000000/0] hibernateMode[0x00000003/3]
Thu May 15 08:44:42.947 [airport]/579 @[1137675.525405] (configdIODriverInterface.m:4784) Acknowledging sleep event, connection[0x6ac0492c0] token[0x00000000]
Thu May 15 08:44:43.072 [airport]/579 @[1137675.650227] (configdIODriverInterface.m:4687) caps = CPU Net Disk , connection[0x6ac0492c0] token[0x00000000] capabilties[0x000000b9], description:'DarkWake:cpu disk net push ', lastSleepType[0x00000007]/'Deep Idle', hibernateStateFound[1] hibernateState[0x00000000/0] hibernateMode[0x00000003/3]
Thu May 15 08:44:43.087 [airport]/579 @[1137675.664549] (configdIODriverInterface.m:4784) Acknowledging sleep event, connection[0x6ac0492c0] token[0x00000000]
Thu May 15 08:44:43.249 [airport]/579 @[1137675.826949] (configdIODriverInterface.m:1377) driver available (reason=0xe0821803, subreason=0x0, flags=0x0), node:isDriverAvailable=0
Thu May 15 08:44:43.269 Usb Host Notification Apple80211Set: seqNum 3336 Total 0 chg 0 en0
Thu May 15 08:44:43.275 Usb Host Notification metrics: usbChange=0, count=0, noiseDelta=0
Thu May 15 08:44:43.320 Usb Host Notification Apple80211Set: seqNum 3337 Total 0 chg 0 en0
Thu May 15 08:44:43.324 Usb Host Notification metrics: usbChange=0, count=0, noiseDelta=0
Thu May 15 08:44:43.384 [airport]/579 @[1137675.961455] (airportProcessCommand.m:1715) Processed events, count[ 16], @[1137675.960555], took 0.000876
Thu May 15 08:44:45.096 [airport]/579 @[1137677.673852] (configdIODriverInterface.m:4687) caps = , connection[0x6ac0492c0] token[0x04cc000d] capabilties[0x00000000], description:'Sleep:<off> ', lastSleepType[0x00000007]/'Deep Idle', hibernateStateFound[1] hibernateState[0x00000000/0] hibernateMode[0x00000003/3]
Thu May 15 08:44:45.099 [airport]/579 @[1137677.676998] (configdIODriverInterface.m:4375) <en0> Scan offloads will be ENABLED (lpas_supported=yes, softap=disabled, wow=disabled, tcpka=active, allow_unassoc_wakes=yes, allow_disconn_sleeps=yes, aj_disabled=no, scan_offload_disabled_until=(null))
Thu May 15 08:44:45.123 [airport]/579 @[1137677.700702] (configdIODriverInterface.m:4450) <en0> Successfully configured scan offloads, aj_disabled=no, PNO count[4]
Thu May 15 08:44:45.123 [airport]/579 @[1137677.701185] (configdIODriverInterface.m:3826) Acknowledging sleep event, connection[0x6ac0492c0] token[0x04cc000d], gPMConnection[0x6ac0492c0]
Thu May 15 08:44:47.192 [airport]/579 @[1137679.769365] (airportdMain.m:1730) Health check alive, checkin@[1137679.769314], count[3893] 
Thu May 15 08:44:47.873 [airport]/579 @[1137680.450373] (airportProcessCommand.m:1715) Processed events, count[  1], @[1137680.450308], took 0.000053
Thu May 15 08:44:47.873 [airport]/579 @[1137680.451075] (airportProcessCommand.m:1715) Processed events, count[  2], @[1137680.451006], took 0.000061
Thu May 15 08:44:47.873 [airport]/579 @[1137680.451322] (airportProcessCommand.m:1715) Processed events, count[  1], @[1137680.451289], took 0.000026
Thu May 15 08:44:47.874 [airport]/579 @[1137680.451590] (airportProcessCommand.m:1715) Processed events, count[  1], @[1137680.451560], took 0.000023
Thu May 15 08:44:47.874 [airport]/579 @[1137680.451847] (airportProcessCommand.m:1715) Processed events, count[  1], @[1137680.451818], took 0.000022
Thu May 15 08:44:47.874 [airport]/579 @[1137680.452092] (airportProcessCommand.m:1715) Processed events, count[  1], @[1137680.452062], took 0.000023
Thu May 15 08:44:47.874 [airport]/579 @[1137680.452311] (airportProcessCommand.m:1715) Processed events, count[  1], @[1137680.452284], took 0.000021
Thu May 15 08:44:47.875 [airport]/579 @[1137680.452537] (airportProcessCommand.m:1715) Processed events, count[  1], @[1137680.452510], took 0.000020
Thu May 15 08:44:47.876 [airport]/579 @[1137680.453664] (airportProcessCommand.m:1715) Processed events, count[  1], @[1137680.452804], took 0.000850
Thu May 15 08:44:47.876 [airport]/579 @[1137680.453791] (airportProcessCommand.m:1715) Processed events, count[  1], @[1137680.453764], took 0.000019
Thu May 15 08:44:47.876 [airport]/579 @[1137680.453880] (airportProcessCommand.m:1715) Processed events, count[  1], @[1137680.453856], took 0.000017
Thu May 15 08:44:47.876 [airport]/579 @[1137680.453987] (airportProcessCommand.m:1715) Processed events, count[  1], @[1137680.453941], took 0.000031
Thu May 15 08:44:47.876 [airport]/579 @[1137680.454087] (airportProcessCommand.m:1715) Processed events, count[  1], @[1137680.454051], took 0.000012
Thu May 15 08:44:47.876 [airport]/579 @[1137680.454309] (airportProcessCommand.m:1715) Processed events, count[  1], @[1137680.454285], took 0.000018
Thu May 15 08:44:47.877 [airport]/579 @[1137680.454600] (airportProcessCommand.m:1715) Processed events, count[  1], @[1137680.454579], took 0.000016
Thu May 15 08:44:47.970 [airport]/579 @[1137680.547939] (configdIODriverInterface.m:1377) driver unavailable (reason=0xe0821804, subreason=0x0, flags=0x0), node:isDriverAvailable=1
Thu May 15 08:44:47.972 Usb Host Notification Error Apple80211Set: Device power is off seqNum 3338 Total 0 chg 0 en0
Thu May 15 08:44:47.982 [airport]/579 @[1137680.559679] (airportProcessCommand.m:1715) Processed events, count[  2], @[1137680.559577], took 0.000082
Thu May 15 08:44:47.982 [airport]/579 @[1137680.560249] (airportProcessCommand.m:1715) Processed events, count[  1], @[1137680.560190], took 0.000044
Thu May 15 08:44:47.983 [airport]/579 @[1137680.560764] (airportProcessCommand.m:1715) Processed events, count[  1], @[1137680.560703], took 0.000051
Thu May 15 08:44:47.983 [airport]/579 @[1137680.561115] (airportProcessCommand.m:1715) Processed events, count[  1], @[1137680.561068], took 0.000036
Thu May 15 08:44:47.984 [airport]/579 @[1137680.561970] (airportProcessCommand.m:1715) Processed events, count[  1], @[1137680.561930], took 0.000030
Thu May 15 08:44:47.984 [airport]/579 @[1137680.562367] (airportProcessCommand.m:1715) Processed events, count[  1], @[1137680.562330], took 0.000028
Thu May 15 08:44:47.985 [airport]/579 @[1137680.562793] (airportProcessCommand.m:1715) Processed events, count[  1], @[1137680.562757], took 0.000027
Thu May 15 08:44:47.987 [airport]/579 @[1137680.564420] (airportProcessCommand.m:1715) Processed events, count[  1], @[1137680.563337], took 0.001070
Thu May 15 08:44:47.987 [airport]/579 @[1137680.564607] (airportProcessCommand.m:1715) Processed events, count[  1], @[1137680.564559], took 0.000039
Thu May 15 08:44:47.987 [airport]/579 @[1137680.564744] (airportProcessCommand.m:1715) Processed events, count[  1], @[1137680.564707], took 0.000028
Thu May 15 08:44:47.987 [airport]/579 @[1137680.565005] (airportProcessCommand.m:1715) Processed events, count[  1], @[1137680.564944], took 0.000045
Thu May 15 08:44:47.987 [airport]/579 @[1137680.565302] (airportProcessCommand.m:1715) Processed events, count[  1], @[1137680.565274], took 0.000020
Thu May 15 08:44:47.988 [airport]/579 @[1137680.565789] (airportProcessCommand.m:1715) Processed events, count[  1], @[1137680.565762], took 0.000020
Thu May 15 08:44:47.988 [airport]/579 @[1137680.566068] (airportProcessCommand.m:1715) Processed events, count[  1], @[1137680.566015], took 0.000047
Thu May 15 08:53:14.949 [airport]/579 @[1138187.517509] (configdIODriverInterface.m:4687) caps = CPU Net Disk Early , connection[0x6ac0492c0] token[0x00000000] capabilties[0x00008019], description:'DarkWake:cpu disk net ', lastSleepType[0x00000007]/'Deep Idle', hibernateStateFound[1] hibernateState[0x00000000/0] hibernateMode[0x00000003/3]
Thu May 15 08:53:14.953 [airport]/579 @[1138187.521447] (configdIODriverInterface.m:4784) Acknowledging sleep event, connection[0x6ac0492c0] token[0x00000000]
Thu May 15 08:53:14.963 [airport]/579 @[1138187.531365] (airportProcessCommand.m:1715) Processed events, count[  2], @[1138187.531320], took 0.000038
Thu May 15 08:53:14.963 [airport]/579 @[1138187.531553] (airportProcessCommand.m:1715) Processed events, count[  1], @[1138187.531511], took 0.000036
Thu May 15 08:53:14.964 [airport]/579 @[1138187.532110] (airportProcessCommand.m:1715) Processed events, count[  1], @[1138187.532065], took 0.000040
Thu May 15 08:53:14.964 [airport]/579 @[1138187.532341] (airportProcessCommand.m:1715) Processed events, count[  1], @[1138187.532314], took 0.000021
Thu May 15 08:53:14.964 [airport]/579 @[1138187.532526] (airportProcessCommand.m:1715) Processed events, count[  1], @[1138187.532505], took 0.000015
Thu May 15 08:53:14.964 [airport]/579 @[1138187.532747] (airportProcessCommand.m:1715) Processed events, count[  1], @[1138187.532726], took 0.000016
Thu May 15 08:53:14.965 [airport]/579 @[1138187.533100] (airportProcessCommand.m:1715) Processed events, count[  1], @[1138187.532926], took 0.000168
Thu May 15 08:53:14.965 [airport]/579 @[1138187.533723] (airportProcessCommand.m:1715) Processed events, count[  1], @[1138187.533224], took 0.000493
Thu May 15 08:53:14.965 [airport]/579 @[1138187.533833] (airportProcessCommand.m:1715) Processed events, count[  1], @[1138187.533804], took 0.000022
Thu May 15 08:53:14.965 [airport]/579 @[1138187.533875] (airportProcessCommand.m:1715) Processed events, count[  1], @[1138187.533856], took 0.000014
Thu May 15 08:53:14.966 [airport]/579 @[1138187.534079] (airportProcessCommand.m:1715) Processed events, count[  1], @[1138187.534060], took 0.000014
Thu May 15 08:53:14.966 [airport]/579 @[1138187.534491] (airportProcessCommand.m:1715) Processed events, count[  1], @[1138187.534440], took 0.000015
Thu May 15 08:53:14.966 [airport]/579 @[1138187.534650] (airportProcessCommand.m:1715) Processed events, count[  1], @[1138187.534632], took 0.000013
Thu May 15 08:53:14.966 [airport]/579 @[1138187.534796] (airportProcessCommand.m:1715) Processed events, count[  1], @[1138187.534774], took 0.000016
Thu May 15 08:53:15.069 [airport]/579 @[1138187.636640] (configdIODriverInterface.m:4687) caps = CPU Net Disk , connection[0x6ac0492c0] token[0x00000000] capabilties[0x000000b9], description:'DarkWake:cpu disk net push ', lastSleepType[0x00000007]/'Deep Idle', hibernateStateFound[1] hibernateState[0x00000000/0] hibernateMode[0x00000003/3]
Thu May 15 08:53:15.075 [airport]/579 @[1138187.643818] (configdIODriverInterface.m:4784) Acknowledging sleep event, connection[0x6ac0492c0] token[0x00000000]
Thu May 15 08:53:15.214 [airport]/579 @[1138187.782235] (configdIODriverInterface.m:1377) driver available (reason=0xe0821803, subreason=0x0, flags=0x0), node:isDriverAvailable=0
Thu May 15 08:53:15.226 Usb Host Notification Apple80211Set: seqNum 3339 Total 0 chg 0 en0
Thu May 15 08:53:15.232 Usb Host Notification metrics: usbChange=0, count=0, noiseDelta=0
Thu May 15 08:53:15.270 Usb Host Notification Apple80211Set: seqNum 3340 Total 0 chg 0 en0
Thu May 15 08:53:15.273 Usb Host Notification metrics: usbChange=0, count=0, noiseDelta=0
Thu May 15 08:53:15.333 [airport]/579 @[1138187.901572] (airportProcessCommand.m:1715) Processed events, count[ 16], @[1138187.900929], took 0.000635
Thu May 15 08:53:20.317 [airport]/579 @[1138192.885495] (configdIODriverInterface.m:4687) caps = , connection[0x6ac0492c0] token[0x04cd000d] capabilties[0x00000000], description:'Sleep:<off> ', lastSleepType[0x00000007]/'Deep Idle', hibernateStateFound[1] hibernateState[0x00000000/0] hibernateMode[0x00000003/3]
Thu May 15 08:53:20.328 [airport]/579 @[1138192.896188] (configdIODriverInterface.m:4375) <en0> Scan offloads will be ENABLED (lpas_supported=yes, softap=disabled, wow=disabled, tcpka=active, allow_unassoc_wakes=yes, allow_disconn_sleeps=yes, aj_disabled=no, scan_offload_disabled_until=(null))
Thu May 15 08:53:20.354 [airport]/579 @[1138192.921950] (configdIODriverInterface.m:4450) <en0> Successfully configured scan offloads, aj_disabled=no, PNO count[4]
Thu May 15 08:53:20.354 [airport]/579 @[1138192.922441] (configdIODriverInterface.m:3826) Acknowledging sleep event, connection[0x6ac0492c0] token[0x04cd000d], gPMConnection[0x6ac0492c0]
Thu May 15 08:53:21.869 [airport]/579 @[1138194.437423] (configdIODriverInterface.m:1377) driver unavailable (reason=0xe0821804, subreason=0x0, flags=0x0), node:isDriverAvailable=1
Thu May 15 08:53:21.871 Usb Host Notification Error Apple80211Set: Device power is off seqNum 3341 Total 0 chg 0 en0
Thu May 15 08:53:21.882 [airport]/579 @[1138194.450111] (airportProcessCommand.m:1715) Processed events, count[  2], @[1138194.450046], took 0.000044
Thu May 15 08:53:21.882 [airport]/579 @[1138194.450509] (airportProcessCommand.m:1715) Processed events, count[  1], @[1138194.450485], took 0.000018
Thu May 15 08:53:21.883 [airport]/579 @[1138194.451057] (airportProcessCommand.m:1715) Processed events, count[  1], @[1138194.450999], took 0.000051
Thu May 15 08:53:21.883 [airport]/579 @[1138194.451417] (airportProcessCommand.m:1715) Processed events, count[  1], @[1138194.451371], took 0.000018
Thu May 15 08:53:21.883 [airport]/579 @[1138194.451783] (airportProcessCommand.m:1715) Processed events, count[  1], @[1138194.451758], took 0.000019
Thu May 15 08:53:21.884 [airport]/579 @[1138194.452300] (airportProcessCommand.m:1715) Processed events, count[  1], @[1138194.452262], took 0.000028
Thu May 15 08:53:21.884 [airport]/579 @[1138194.452554] (airportProcessCommand.m:1715) Processed events, count[  1], @[1138194.452515], took 0.000030
Thu May 15 08:53:21.886 [airport]/579 @[1138194.454098] (airportProcessCommand.m:1715) Processed events, count[  1], @[1138194.453126], took 0.000960
Thu May 15 08:53:21.886 [airport]/579 @[1138194.454319] (airportProcessCommand.m:1715) Processed events, count[  2], @[1138194.454242], took 0.000064
Thu May 15 08:53:21.886 [airport]/579 @[1138194.454482] (airportProcessCommand.m:1715) Processed events, count[  1], @[1138194.454432], took 0.000041
Thu May 15 08:53:21.886 [airport]/579 @[1138194.454605] (airportProcessCommand.m:1715) Processed events, count[  1], @[1138194.454570], took 0.000026
Thu May 15 08:53:21.887 [airport]/579 @[1138194.455122] (airportProcessCommand.m:1715) Processed events, count[  1], @[1138194.455073], took 0.000027
Thu May 15 08:53:21.887 [airport]/579 @[1138194.455466] (airportProcessCommand.m:1715) Processed events, count[  1], @[1138194.455412], took 0.000044
Thu May 15 09:05:02.961 [airport]/579 @[1138895.516454] (configdIODriverInterface.m:4687) caps = CPU Net Disk Early , connection[0x6ac0492c0] token[0x00000000] capabilties[0x00008019], description:'DarkWake:cpu disk net ', lastSleepType[0x00000007]/'Deep Idle', hibernateStateFound[1] hibernateState[0x00000000/0] hibernateMode[0x00000003/3]
Thu May 15 09:05:02.970 [airport]/579 @[1138895.525122] (configdIODriverInterface.m:4784) Acknowledging sleep event, connection[0x6ac0492c0] token[0x00000000]
Thu May 15 09:05:03.083 [airport]/579 @[1138895.638534] (configdIODriverInterface.m:4687) caps = CPU Net Disk , connection[0x6ac0492c0] token[0x00000000] capabilties[0x000000b9], description:'DarkWake:cpu disk net push ', lastSleepType[0x00000007]/'Deep Idle', hibernateStateFound[1] hibernateState[0x00000000/0] hibernateMode[0x00000003/3]
Thu May 15 09:05:03.090 [airport]/579 @[1138895.644786] (configdIODriverInterface.m:4784) Acknowledging sleep event, connection[0x6ac0492c0] token[0x00000000]
Thu May 15 09:05:03.232 [airport]/579 @[1138895.786454] (configdIODriverInterface.m:1377) driver available (reason=0xe0821803, subreason=0x0, flags=0x0), node:isDriverAvailable=0
Thu May 15 09:05:03.247 Usb Host Notification Apple80211Set: seqNum 3342 Total 0 chg 0 en0
Thu May 15 09:05:03.253 Usb Host Notification metrics: usbChange=0, count=0, noiseDelta=0
Thu May 15 09:05:03.313 Usb Host Notification Apple80211Set: seqNum 3343 Total 0 chg 0 en0
Thu May 15 09:05:03.314 Usb Host Notification metrics: usbChange=0, count=0, noiseDelta=0
Thu May 15 09:05:03.367 [airport]/579 @[1138895.922581] (airportProcessCommand.m:1715) Processed events, count[ 16], @[1138895.920464], took 0.002105
Thu May 15 09:05:05.956 [airport]/579 @[1138898.510886] (airportProcessCommand.m:1715) Processed events, count[  2], @[1138898.510823], took 0.000054
Thu May 15 09:05:05.956 [airport]/579 @[1138898.511624] (airportProcessCommand.m:1715) Processed events, count[  1], @[1138898.511566], took 0.000050
Thu May 15 09:05:05.957 [airport]/579 @[1138898.511750] (airportProcessCommand.m:1715) Processed events, count[  1], @[1138898.511719], took 0.000024
Thu May 15 09:05:05.957 [airport]/579 @[1138898.511843] (airportProcessCommand.m:1715) Processed events, count[  1], @[1138898.511818], took 0.000018
Thu May 15 09:05:05.957 [airport]/579 @[1138898.512128] (airportProcessCommand.m:1715) Processed events, count[  1], @[1138898.512100], took 0.000021
Thu May 15 09:05:05.957 [airport]/579 @[1138898.512401] (airportProcessCommand.m:1715) Processed events, count[  1], @[1138898.512357], took 0.000020
Thu May 15 09:05:05.958 [airport]/579 @[1138898.512658] (airportProcessCommand.m:1715) Processed events, count[  1], @[1138898.512632], took 0.000020
Thu May 15 09:05:05.958 [airport]/579 @[1138898.512911] (airportProcessCommand.m:1715) Processed events, count[  1], @[1138898.512885], took 0.000019
Thu May 15 09:05:05.959 [airport]/579 @[1138898.513930] (airportProcessCommand.m:1715) Processed events, count[  1], @[1138898.513157], took 0.000763
Thu May 15 09:05:05.959 [airport]/579 @[1138898.514054] (airportProcessCommand.m:1715) Processed events, count[  1], @[1138898.514029], took 0.000018
Thu May 15 09:05:05.959 [airport]/579 @[1138898.514142] (airportProcessCommand.m:1715) Processed events, count[  1], @[1138898.514118], took 0.000017
Thu May 15 09:05:05.959 [airport]/579 @[1138898.514225] (airportProcessCommand.m:1715) Processed events, count[  1], @[1138898.514202], took 0.000017
Thu May 15 09:05:05.959 [airport]/579 @[1138898.514311] (airportProcessCommand.m:1715) Processed events, count[  1], @[1138898.514288], took 0.000017
Thu May 15 09:05:05.959 [airport]/579 @[1138898.514567] (airportProcessCommand.m:1715) Processed events, count[  1], @[1138898.514536], took 0.000024
Thu May 15 09:05:05.960 [airport]/579 @[1138898.514841] (airportProcessCommand.m:1715) Processed events, count[  1], @[1138898.514806], took 0.000027
Thu May 15 09:05:08.430 [airport]/579 @[1138900.985064] (configdIODriverInterface.m:4687) caps = , connection[0x6ac0492c0] token[0x04ce000d] capabilties[0x00000000], description:'Sleep:<off> ', lastSleepType[0x00000007]/'Deep Idle', hibernateStateFound[1] hibernateState[0x00000000/0] hibernateMode[0x00000003/3]
Thu May 15 09:05:08.433 [airport]/579 @[1138900.988263] (configdIODriverInterface.m:4375) <en0> Scan offloads will be ENABLED (lpas_supported=yes, softap=disabled, wow=disabled, tcpka=active, allow_unassoc_wakes=yes, allow_disconn_sleeps=yes, aj_disabled=no, scan_offload_disabled_until=(null))
Thu May 15 09:05:08.459 [airport]/579 @[1138901.014357] (configdIODriverInterface.m:4450) <en0> Successfully configured scan offloads, aj_disabled=no, PNO count[4]
Thu May 15 09:05:08.460 [airport]/579 @[1138901.014851] (configdIODriverInterface.m:3826) Acknowledging sleep event, connection[0x6ac0492c0] token[0x04ce000d], gPMConnection[0x6ac0492c0]
Thu May 15 09:05:08.464 [airport]/579 @[1138901.018880] (airportProcessCommand.m:1715) Processed events, count[ 16], @[1138901.017956], took 0.000909
Thu May 15 09:05:09.989 [airport]/579 @[1138902.543862] (configdIODriverInterface.m:1377) driver unavailable (reason=0xe0821804, subreason=0x0, flags=0x0), node:isDriverAvailable=1
Thu May 15 09:05:09.991 Usb Host Notification Error Apple80211Set: Device power is off seqNum 3344 Total 0 chg 0 en0
Thu May 15 09:05:10.002 [airport]/579 @[1138902.556565] (airportProcessCommand.m:1715) Processed events, count[  2], @[1138902.556469], took 0.000085
Thu May 15 09:05:10.002 [airport]/579 @[1138902.556922] (airportProcessCommand.m:1715) Processed events, count[  1], @[1138902.556882], took 0.000030
Thu May 15 09:05:10.002 [airport]/579 @[1138902.557431] (airportProcessCommand.m:1715) Processed events, count[  1], @[1138902.557387], took 0.000035
Thu May 15 09:05:10.003 [airport]/579 @[1138902.558229] (airportProcessCommand.m:1715) Processed events, count[  1], @[1138902.558192], took 0.000027
Thu May 15 09:05:10.004 [airport]/579 @[1138902.558599] (airportProcessCommand.m:1715) Processed events, count[  1], @[1138902.558554], took 0.000034
Thu May 15 09:05:10.004 [airport]/579 @[1138902.559022] (airportProcessCommand.m:1715) Processed events, count[  1], @[1138902.558985], took 0.000027
Thu May 15 09:05:10.004 [airport]/579 @[1138902.559419] (airportProcessCommand.m:1715) Processed events, count[  1], @[1138902.559383], took 0.000027
Thu May 15 09:05:10.006 [airport]/579 @[1138902.560830] (airportProcessCommand.m:1715) Processed events, count[  1], @[1138902.559859], took 0.000962
Thu May 15 09:05:10.006 [airport]/579 @[1138902.561022] (airportProcessCommand.m:1715) Processed events, count[  1], @[1138902.560968], took 0.000047
Thu May 15 09:05:10.006 [airport]/579 @[1138902.561343] (airportProcessCommand.m:1715) Processed events, count[  1], @[1138902.561306], took 0.000030
Thu May 15 09:05:10.006 [airport]/579 @[1138902.561490] (airportProcessCommand.m:1715) Processed events, count[  1], @[1138902.561462], took 0.000020
Thu May 15 09:05:10.007 [airport]/579 @[1138902.561599] (airportProcessCommand.m:1715) Processed events, count[  1], @[1138902.561572], took 0.000019
Thu May 15 09:05:10.007 [airport]/579 @[1138902.561699] (airportProcessCommand.m:1715) Processed events, count[  1], @[1138902.561673], took 0.000018
Thu May 15 09:05:10.007 [airport]/579 @[1138902.561946] (airportProcessCommand.m:1715) Processed events, count[  1], @[1138902.561918], took 0.000021
Thu May 15 09:22:42.985 [airport]/579 @[1139955.520761] (configdIODriverInterface.m:4687) caps = CPU Net Disk Early , connection[0x6ac0492c0] token[0x00000000] capabilties[0x00008019], description:'DarkWake:cpu disk net ', lastSleepType[0x00000007]/'Deep Idle', hibernateStateFound[1] hibernateState[0x00000000/0] hibernateMode[0x00000003/3]
Thu May 15 09:22:42.989 [airport]/579 @[1139955.524782] (configdIODriverInterface.m:4784) Acknowledging sleep event, connection[0x6ac0492c0] token[0x00000000]
Thu May 15 09:22:42.997 [airport]/579 @[1139955.531978] (airportProcessCommand.m:1715) Processed events, count[  2], @[1139955.531921], took 0.000050
Thu May 15 09:22:42.997 [airport]/579 @[1139955.532814] (airportProcessCommand.m:1715) Processed events, count[  1], @[1139955.532702], took 0.000024
Thu May 15 09:22:42.998 [airport]/579 @[1139955.533077] (airportProcessCommand.m:1715) Processed events, count[  2], @[1139955.533041], took 0.000030
Thu May 15 09:22:42.998 [airport]/579 @[1139955.533221] (airportProcessCommand.m:1715) Processed events, count[  1], @[1139955.533200], took 0.000016
Thu May 15 09:22:42.998 [airport]/579 @[1139955.533427] (airportProcessCommand.m:1715) Processed events, count[  1], @[1139955.533367], took 0.000055
Thu May 15 09:22:42.998 [airport]/579 @[1139955.533672] (airportProcessCommand.m:1715) Processed events, count[  1], @[1139955.533653], took 0.000014
Thu May 15 09:22:42.999 [airport]/579 @[1139955.534388] (airportProcessCommand.m:1715) Processed events, count[  1], @[1139955.533913], took 0.000468
Thu May 15 09:22:42.999 [airport]/579 @[1139955.534491] (airportProcessCommand.m:1715) Processed events, count[  1], @[1139955.534471], took 0.000015
Thu May 15 09:22:42.999 [airport]/579 @[1139955.534531] (airportProcessCommand.m:1715) Processed events, count[  1], @[1139955.534514], took 0.000012
Thu May 15 09:22:42.999 [airport]/579 @[1139955.534568] (airportProcessCommand.m:1715) Processed events, count[  1], @[1139955.534551], took 0.000012
Thu May 15 09:22:42.999 [airport]/579 @[1139955.534732] (airportProcessCommand.m:1715) Processed events, count[  1], @[1139955.534712], took 0.000015
Thu May 15 09:22:43.000 [airport]/579 @[1139955.535159] (airportProcessCommand.m:1715) Processed events, count[  1], @[1139955.535138], took 0.000016
Thu May 15 09:22:43.000 [airport]/579 @[1139955.535544] (airportProcessCommand.m:1715) Processed events, count[  1], @[1139955.535405], took 0.000133
Thu May 15 09:22:43.101 [airport]/579 @[1139955.635833] (configdIODriverInterface.m:4687) caps = CPU Net Disk , connection[0x6ac0492c0] token[0x00000000] capabilties[0x000000b9], description:'DarkWake:cpu disk net push ', lastSleepType[0x00000007]/'Deep Idle', hibernateStateFound[1] hibernateState[0x00000000/0] hibernateMode[0x00000003/3]
Thu May 15 09:22:43.107 [airport]/579 @[1139955.642496] (configdIODriverInterface.m:4784) Acknowledging sleep event, connection[0x6ac0492c0] token[0x00000000]
Thu May 15 09:22:43.288 [airport]/579 @[1139955.823167] (configdIODriverInterface.m:1377) driver available (reason=0xe0821803, subreason=0x0, flags=0x0), node:isDriverAvailable=0
Thu May 15 09:22:43.304 Usb Host Notification Apple80211Set: seqNum 3345 Total 0 chg 0 en0
Thu May 15 09:22:43.309 Usb Host Notification metrics: usbChange=0, count=0, noiseDelta=0
Thu May 15 09:22:43.351 Usb Host Notification Apple80211Set: seqNum 3346 Total 0 chg 0 en0
Thu May 15 09:22:43.355 Usb Host Notification metrics: usbChange=0, count=0, noiseDelta=0
Thu May 15 09:22:43.406 [airport]/579 @[1139955.941681] (airportProcessCommand.m:1715) Processed events, count[ 16], @[1139955.940180], took 0.001488
Thu May 15 09:22:45.123 [airport]/579 @[1139957.658303] (configdIODriverInterface.m:4687) caps = , connection[0x6ac0492c0] token[0x04cf000d] capabilties[0x00000000], description:'Sleep:<off> ', lastSleepType[0x00000007]/'Deep Idle', hibernateStateFound[1] hibernateState[0x00000000/0] hibernateMode[0x00000003/3]
Thu May 15 09:22:45.125 [airport]/579 @[1139957.660128] (configdIODriverInterface.m:4375) <en0> Scan offloads will be ENABLED (lpas_supported=yes, softap=disabled, wow=disabled, tcpka=active, allow_unassoc_wakes=yes, allow_disconn_sleeps=yes, aj_disabled=no, scan_offload_disabled_until=(null))
Thu May 15 09:22:45.147 [airport]/579 @[1139957.682036] (configdIODriverInterface.m:4450) <en0> Successfully configured scan offloads, aj_disabled=no, PNO count[4]
Thu May 15 09:22:45.147 [airport]/579 @[1139957.682509] (configdIODriverInterface.m:3826) Acknowledging sleep event, connection[0x6ac0492c0] token[0x04cf000d], gPMConnection[0x6ac0492c0]
Thu May 15 09:22:48.014 [airport]/579 @[1139960.549334] (configdIODriverInterface.m:1377) driver unavailable (reason=0xe0821804, subreason=0x0, flags=0x0), node:isDriverAvailable=1
Thu May 15 09:22:48.016 Usb Host Notification Error Apple80211Set: Device power is off seqNum 3347 Total 0 chg 0 en0
Thu May 15 09:22:48.023 [airport]/579 @[1139960.558477] (airportProcessCommand.m:1715) Processed events, count[  2], @[1139960.558365], took 0.000098
Thu May 15 09:22:48.024 [airport]/579 @[1139960.558964] (airportProcessCommand.m:1715) Processed events, count[  1], @[1139960.558922], took 0.000031
Thu May 15 09:22:48.024 [airport]/579 @[1139960.559354] (airportProcessCommand.m:1715) Processed events, count[  1], @[1139960.559312], took 0.000033
Thu May 15 09:22:48.024 [airport]/579 @[1139960.559792] (airportProcessCommand.m:1715) Processed events, count[  1], @[1139960.559753], took 0.000029
Thu May 15 09:22:48.025 [airport]/579 @[1139960.560319] (airportProcessCommand.m:1715) Processed events, count[  1], @[1139960.560282], took 0.000028
Thu May 15 09:22:48.025 [airport]/579 @[1139960.560729] (airportProcessCommand.m:1715) Processed events, count[  1], @[1139960.560677], took 0.000043
Thu May 15 09:22:48.026 [airport]/579 @[1139960.561199] (airportProcessCommand.m:1715) Processed events, count[  1], @[1139960.561156], took 0.000033
Thu May 15 09:22:48.027 [airport]/579 @[1139960.562500] (airportProcessCommand.m:1715) Processed events, count[  1], @[1139960.561506], took 0.000980
Thu May 15 09:22:48.027 [airport]/579 @[1139960.562662] (airportProcessCommand.m:1715) Processed events, count[  1], @[1139960.562615], took 0.000037
Thu May 15 09:22:48.027 [airport]/579 @[1139960.562777] (airportProcessCommand.m:1715) Processed events, count[  1], @[1139960.562739], took 0.000030
Thu May 15 09:22:48.028 [airport]/579 @[1139960.562879] (airportProcessCommand.m:1715) Processed events, count[  1], @[1139960.562847], took 0.000024
Thu May 15 09:22:48.028 [airport]/579 @[1139960.563117] (airportProcessCommand.m:1715) Processed events, count[  1], @[1139960.563034], took 0.000072
Thu May 15 09:22:48.028 [airport]/579 @[1139960.563429] (airportProcessCommand.m:1715) Processed events, count[  1], @[1139960.563392], took 0.000027
Thu May 15 09:22:48.028 [airport]/579 @[1139960.563749] (airportProcessCommand.m:1715) Processed events, count[  1], @[1139960.563720], took 0.000022
Thu May 15 09:39:22.000 [airport]/579 @[1140954.516436] (configdIODriverInterface.m:4687) caps = CPU Net Disk Early , connection[0x6ac0492c0] token[0x00000000] capabilties[0x00008019], description:'DarkWake:cpu disk net ', lastSleepType[0x00000007]/'Deep Idle', hibernateStateFound[1] hibernateState[0x00000000/0] hibernateMode[0x00000003/3]
Thu May 15 09:39:22.008 [airport]/579 @[1140954.524780] (configdIODriverInterface.m:4784) Acknowledging sleep event, connection[0x6ac0492c0] token[0x00000000]
Thu May 15 09:39:22.136 [airport]/579 @[1140954.652531] (configdIODriverInterface.m:4687) caps = CPU Net Disk , connection[0x6ac0492c0] token[0x00000000] capabilties[0x000000b9], description:'DarkWake:cpu disk net push ', lastSleepType[0x00000007]/'Deep Idle', hibernateStateFound[1] hibernateState[0x00000000/0] hibernateMode[0x00000003/3]
Thu May 15 09:39:22.145 [airport]/579 @[1140954.662255] (configdIODriverInterface.m:4784) Acknowledging sleep event, connection[0x6ac0492c0] token[0x00000000]
Thu May 15 09:39:22.266 [airport]/579 @[1140954.782767] (configdIODriverInterface.m:1377) driver available (reason=0xe0821803, subreason=0x0, flags=0x0), node:isDriverAvailable=0
Thu May 15 09:39:22.279 Usb Host Notification Apple80211Set: seqNum 3348 Total 0 chg 0 en0
Thu May 15 09:39:22.284 Usb Host Notification metrics: usbChange=0, count=0, noiseDelta=0
Thu May 15 09:39:22.356 Usb Host Notification Apple80211Set: seqNum 3349 Total 0 chg 0 en0
Thu May 15 09:39:22.360 Usb Host Notification metrics: usbChange=0, count=0, noiseDelta=0
Thu May 15 09:39:22.463 [airport]/579 @[1140954.979909] (airportProcessCommand.m:1715) Processed events, count[ 16], @[1140954.978510], took 0.001387
Thu May 15 09:39:24.162 [airport]/579 @[1140956.679070] (configdIODriverInterface.m:4687) caps = , connection[0x6ac0492c0] token[0x04d0000d] capabilties[0x00000000], description:'Sleep:<off> ', lastSleepType[0x00000007]/'Deep Idle', hibernateStateFound[1] hibernateState[0x00000000/0] hibernateMode[0x00000003/3]
Thu May 15 09:39:24.165 [airport]/579 @[1140956.681903] (configdIODriverInterface.m:4375) <en0> Scan offloads will be ENABLED (lpas_supported=yes, softap=disabled, wow=disabled, tcpka=active, allow_unassoc_wakes=yes, allow_disconn_sleeps=yes, aj_disabled=no, scan_offload_disabled_until=(null))
Thu May 15 09:39:24.193 [airport]/579 @[1140956.709341] (configdIODriverInterface.m:4450) <en0> Successfully configured scan offloads, aj_disabled=no, PNO count[4]
Thu May 15 09:39:24.193 [airport]/579 @[1140956.709815] (configdIODriverInterface.m:3826) Acknowledging sleep event, connection[0x6ac0492c0] token[0x04d0000d], gPMConnection[0x6ac0492c0]
Thu May 15 09:39:26.886 [airport]/579 @[1140959.402794] (airportProcessCommand.m:1715) Processed events, count[  2], @[1140959.402721], took 0.000061
Thu May 15 09:39:26.887 [airport]/579 @[1140959.403238] (airportProcessCommand.m:1715) Processed events, count[  1], @[1140959.403197], took 0.000031
Thu May 15 09:39:26.887 [airport]/579 @[1140959.403617] (airportProcessCommand.m:1715) Processed events, count[  1], @[1140959.403564], took 0.000043
Thu May 15 09:39:26.887 [airport]/579 @[1140959.403909] (airportProcessCommand.m:1715) Processed events, count[  1], @[1140959.403872], took 0.000028
Thu May 15 09:39:26.888 [airport]/579 @[1140959.404243] (airportProcessCommand.m:1715) Processed events, count[  1], @[1140959.404207], took 0.000028
Thu May 15 09:39:26.888 [airport]/579 @[1140959.404576] (airportProcessCommand.m:1715) Processed events, count[  1], @[1140959.404513], took 0.000026
Thu May 15 09:39:26.888 [airport]/579 @[1140959.404854] (airportProcessCommand.m:1715) Processed events, count[  1], @[1140959.404819], took 0.000027
Thu May 15 09:39:26.888 [airport]/579 @[1140959.405170] (airportProcessCommand.m:1715) Processed events, count[  1], @[1140959.405136], took 0.000026
Thu May 15 09:39:26.890 [airport]/579 @[1140959.406465] (airportProcessCommand.m:1715) Processed events, count[  1], @[1140959.405445], took 0.001007
Thu May 15 09:39:26.890 [airport]/579 @[1140959.406631] (airportProcessCommand.m:1715) Processed events, count[  1], @[1140959.406581], took 0.000041
Thu May 15 09:39:26.890 [airport]/579 @[1140959.406746] (airportProcessCommand.m:1715) Processed events, count[  1], @[1140959.406710], took 0.000027
Thu May 15 09:39:26.890 [airport]/579 @[1140959.406852] (airportProcessCommand.m:1715) Processed events, count[  1], @[1140959.406819], took 0.000024
Thu May 15 09:39:26.890 [airport]/579 @[1140959.406948] (airportProcessCommand.m:1715) Processed events, count[  1], @[1140959.406917], took 0.000022
Thu May 15 09:39:26.891 [airport]/579 @[1140959.407235] (airportProcessCommand.m:1715) Processed events, count[  1], @[1140959.407194], took 0.000031
Thu May 15 09:39:26.891 [airport]/579 @[1140959.407576] (airportProcessCommand.m:1715) Processed events, count[  1], @[1140959.407537], took 0.000030
Thu May 15 09:39:27.031 [airport]/579 @[1140959.547367] (configdIODriverInterface.m:1377) driver unavailable (reason=0xe0821804, subreason=0x0, flags=0x0), node:isDriverAvailable=1
Thu May 15 09:39:27.032 Usb Host Notification Error Apple80211Set: Device power is off seqNum 3350 Total 0 chg 0 en0
Thu May 15 09:39:27.038 [airport]/579 @[1140959.554805] (airportProcessCommand.m:1715) Processed events, count[  2], @[1140959.554718], took 0.000072
Thu May 15 09:39:27.039 [airport]/579 @[1140959.555447] (airportProcessCommand.m:1715) Processed events, count[  1], @[1140959.555371], took 0.000062
Thu May 15 09:39:27.039 [airport]/579 @[1140959.555794] (airportProcessCommand.m:1715) Processed events, count[  1], @[1140959.555729], took 0.000050
Thu May 15 09:39:27.040 [airport]/579 @[1140959.556388] (airportProcessCommand.m:1715) Processed events, count[  1], @[1140959.556334], took 0.000041
Thu May 15 09:39:27.040 [airport]/579 @[1140959.556881] (airportProcessCommand.m:1715) Processed events, count[  1], @[1140959.556826], took 0.000042
Thu May 15 09:39:27.041 [airport]/579 @[1140959.557375] (airportProcessCommand.m:1715) Processed events, count[  1], @[1140959.557323], took 0.000040
Thu May 15 09:39:27.041 [airport]/579 @[1140959.557813] (airportProcessCommand.m:1715) Processed events, count[  1], @[1140959.557772], took 0.000031
Thu May 15 09:39:27.042 [airport]/579 @[1140959.559147] (airportProcessCommand.m:1715) Processed events, count[  1], @[1140959.558120], took 0.001015
Thu May 15 09:39:27.043 [airport]/579 @[1140959.559315] (airportProcessCommand.m:1715) Processed events, count[  1], @[1140959.559266], took 0.000040
Thu May 15 09:39:27.043 [airport]/579 @[1140959.559438] (airportProcessCommand.m:1715) Processed events, count[  1], @[1140959.559390], took 0.000039
Thu May 15 09:39:27.043 [airport]/579 @[1140959.559542] (airportProcessCommand.m:1715) Processed events, count[  1], @[1140959.559506], took 0.000027
Thu May 15 09:39:27.043 [airport]/579 @[1140959.559641] (airportProcessCommand.m:1715) Processed events, count[  1], @[1140959.559609], took 0.000023
Thu May 15 09:39:27.043 [airport]/579 @[1140959.560072] (airportProcessCommand.m:1715) Processed events, count[  1], @[1140959.560034], took 0.000028
Thu May 15 09:39:27.044 [airport]/579 @[1140959.560720] (airportProcessCommand.m:1715) Processed events, count[  1], @[1140959.560683], took 0.000027
Thu May 15 09:54:15.023 [airport]/579 @[1141847.522669] (configdIODriverInterface.m:4687) caps = CPU Net Disk Early , connection[0x6ac0492c0] token[0x00000000] capabilties[0x00008019], description:'DarkWake:cpu disk net ', lastSleepType[0x00000007]/'Deep Idle', hibernateStateFound[1] hibernateState[0x00000000/0] hibernateMode[0x00000003/3]
Thu May 15 09:54:15.028 [airport]/579 @[1141847.528493] (configdIODriverInterface.m:4784) Acknowledging sleep event, connection[0x6ac0492c0] token[0x00000000]
Thu May 15 09:54:15.036 [airport]/579 @[1141847.536048] (airportProcessCommand.m:1715) Processed events, count[  2], @[1141847.535851], took 0.000190
Thu May 15 09:54:15.036 [airport]/579 @[1141847.536196] (airportProcessCommand.m:1715) Processed events, count[  1], @[1141847.536175], took 0.000016
Thu May 15 09:54:15.036 [airport]/579 @[1141847.536436] (airportProcessCommand.m:1715) Processed events, count[  1], @[1141847.536413], took 0.000018
Thu May 15 09:54:15.037 [airport]/579 @[1141847.536828] (airportProcessCommand.m:1715) Processed events, count[  1], @[1141847.536792], took 0.000020
Thu May 15 09:54:15.037 [airport]/579 @[1141847.536983] (airportProcessCommand.m:1715) Processed events, count[  2], @[1141847.536956], took 0.000021
Thu May 15 09:54:15.037 [airport]/579 @[1141847.537219] (airportProcessCommand.m:1715) Processed events, count[  1], @[1141847.537191], took 0.000022
Thu May 15 09:54:15.038 [airport]/579 @[1141847.537664] (airportProcessCommand.m:1715) Processed events, count[  1], @[1141847.537336], took 0.000321
Thu May 15 09:54:15.038 [airport]/579 @[1141847.537748] (airportProcessCommand.m:1715) Processed events, count[  1], @[1141847.537729], took 0.000015
Thu May 15 09:54:15.038 [airport]/579 @[1141847.537793] (airportProcessCommand.m:1715) Processed events, count[  1], @[1141847.537772], took 0.000016
Thu May 15 09:54:15.038 [airport]/579 @[1141847.537902] (airportProcessCommand.m:1715) Processed events, count[  1], @[1141847.537883], took 0.000014
Thu May 15 09:54:15.038 [airport]/579 @[1141847.538116] (airportProcessCommand.m:1715) Processed events, count[  1], @[1141847.538091], took 0.000019
Thu May 15 09:54:15.038 [airport]/579 @[1141847.538293] (airportProcessCommand.m:1715) Processed events, count[  1], @[1141847.538224], took 0.000062
Thu May 15 09:54:15.038 [airport]/579 @[1141847.538396] (airportProcessCommand.m:1715) Processed events, count[  1], @[1141847.538375], took 0.000015
Thu May 15 09:54:15.165 [airport]/579 @[1141847.664810] (configdIODriverInterface.m:4687) caps = CPU Net Disk , connection[0x6ac0492c0] token[0x00000000] capabilties[0x000000b9], description:'DarkWake:cpu disk net push ', lastSleepType[0x00000007]/'Deep Idle', hibernateStateFound[1] hibernateState[0x00000000/0] hibernateMode[0x00000003/3]
Thu May 15 09:54:15.170 [airport]/579 @[1141847.670134] (configdIODriverInterface.m:4784) Acknowledging sleep event, connection[0x6ac0492c0] token[0x00000000]
Thu May 15 09:54:15.317 [airport]/579 @[1141847.817363] (configdIODriverInterface.m:1377) driver available (reason=0xe0821803, subreason=0x0, flags=0x0), node:isDriverAvailable=0
Thu May 15 09:54:15.343 Usb Host Notification Apple80211Set: seqNum 3351 Total 0 chg 0 en0
Thu May 15 09:54:15.349 Usb Host Notification metrics: usbChange=0, count=0, noiseDelta=0
Thu May 15 09:54:15.397 Usb Host Notification Apple80211Set: seqNum 3352 Total 0 chg 0 en0
Thu May 15 09:54:15.401 Usb Host Notification metrics: usbChange=0, count=0, noiseDelta=0
Thu May 15 09:54:15.459 [airport]/579 @[1141847.958623] (airportProcessCommand.m:1715) Processed events, count[ 16], @[1141847.957705], took 0.000903
Thu May 15 09:54:19.452 [airport]/579 @[1141851.951806] (airportdMain.m:1730) Health check alive, checkin@[1141851.951751], count[3894] 
Thu May 15 09:54:20.462 [airport]/579 @[1141852.961612] (configdIODriverInterface.m:4687) caps = , connection[0x6ac0492c0] token[0x04d1000d] capabilties[0x00000000], description:'Sleep:<off> ', lastSleepType[0x00000007]/'Deep Idle', hibernateStateFound[1] hibernateState[0x00000000/0] hibernateMode[0x00000003/3]
Thu May 15 09:54:20.464 [airport]/579 @[1141852.964434] (configdIODriverInterface.m:4375) <en0> Scan offloads will be ENABLED (lpas_supported=yes, softap=disabled, wow=disabled, tcpka=active, allow_unassoc_wakes=yes, allow_disconn_sleeps=yes, aj_disabled=no, scan_offload_disabled_until=(null))
Thu May 15 09:54:20.490 [airport]/579 @[1141852.989816] (configdIODriverInterface.m:4450) <en0> Successfully configured scan offloads, aj_disabled=no, PNO count[4]
Thu May 15 09:54:20.490 [airport]/579 @[1141852.990333] (configdIODriverInterface.m:3826) Acknowledging sleep event, connection[0x6ac0492c0] token[0x04d1000d], gPMConnection[0x6ac0492c0]
Thu May 15 09:54:22.032 [airport]/579 @[1141854.531694] (configdIODriverInterface.m:1377) driver unavailable (reason=0xe0821804, subreason=0x0, flags=0x0), node:isDriverAvailable=1
Thu May 15 09:54:22.033 Usb Host Notification Error Apple80211Set: Device power is off seqNum 3353 Total 0 chg 0 en0
Thu May 15 09:54:22.041 [airport]/579 @[1141854.540916] (airportProcessCommand.m:1715) Processed events, count[  2], @[1141854.540429], took 0.000077
Thu May 15 09:54:22.043 [airport]/579 @[1141854.542677] (airportProcessCommand.m:1715) Processed events, count[  1], @[1141854.542377], took 0.000287
Thu May 15 09:54:22.043 [airport]/579 @[1141854.543237] (airportProcessCommand.m:1715) Processed events, count[  1], @[1141854.543189], took 0.000037
Thu May 15 09:54:22.044 [airport]/579 @[1141854.543831] (airportProcessCommand.m:1715) Processed events, count[  1], @[1141854.543790], took 0.000032
Thu May 15 09:54:22.044 [airport]/579 @[1141854.544046] (airportProcessCommand.m:1715) Processed events, count[  1], @[1141854.544003], took 0.000033
Thu May 15 09:54:22.045 [airport]/579 @[1141854.544520] (airportProcessCommand.m:1715) Processed events, count[  1], @[1141854.544485], took 0.000027
Thu May 15 09:54:22.045 [airport]/579 @[1141854.545064] (airportProcessCommand.m:1715) Processed events, count[  1], @[1141854.545024], took 0.000030
Thu May 15 09:54:22.047 [airport]/579 @[1141854.546640] (airportProcessCommand.m:1715) Processed events, count[  2], @[1141854.545614], took 0.001018
Thu May 15 09:54:22.047 [airport]/579 @[1141854.546771] (airportProcessCommand.m:1715) Processed events, count[  1], @[1141854.546735], took 0.000028
Thu May 15 09:54:22.047 [airport]/579 @[1141854.546853] (airportProcessCommand.m:1715) Processed events, count[  1], @[1141854.546825], took 0.000020
Thu May 15 09:54:22.047 [airport]/579 @[1141854.546921] (airportProcessCommand.m:1715) Processed events, count[  1], @[1141854.546898], took 0.000017
Thu May 15 09:54:22.047 [airport]/579 @[1141854.547416] (airportProcessCommand.m:1715) Processed events, count[  1], @[1141854.547380], took 0.000028
Thu May 15 09:54:22.048 [airport]/579 @[1141854.547844] (airportProcessCommand.m:1715) Processed events, count[  1], @[1141854.547815], took 0.000022
Thu May 15 10:10:08.040 [airport]/579 @[1142800.521707] (configdIODriverInterface.m:4687) caps = CPU Net Disk Early , connection[0x6ac0492c0] token[0x00000000] capabilties[0x00008019], description:'DarkWake:cpu disk net ', lastSleepType[0x00000007]/'Deep Idle', hibernateStateFound[1] hibernateState[0x00000000/0] hibernateMode[0x00000003/3]
Thu May 15 10:10:08.077 [airport]/579 @[1142800.558932] (configdIODriverInterface.m:4784) Acknowledging sleep event, connection[0x6ac0492c0] token[0x00000000]
Thu May 15 10:10:08.157 [airport]/579 @[1142800.639575] (configdIODriverInterface.m:4687) caps = CPU Net Disk , connection[0x6ac0492c0] token[0x00000000] capabilties[0x000000b9], description:'DarkWake:cpu disk net push ', lastSleepType[0x00000007]/'Deep Idle', hibernateStateFound[1] hibernateState[0x00000000/0] hibernateMode[0x00000003/3]
Thu May 15 10:10:08.168 [airport]/579 @[1142800.649851] (configdIODriverInterface.m:4784) Acknowledging sleep event, connection[0x6ac0492c0] token[0x00000000]
Thu May 15 10:10:08.312 [airport]/579 @[1142800.794039] (configdIODriverInterface.m:1377) driver available (reason=0xe0821803, subreason=0x0, flags=0x0), node:isDriverAvailable=0
Thu May 15 10:10:08.325 Usb Host Notification Apple80211Set: seqNum 3354 Total 0 chg 0 en0
Thu May 15 10:10:08.335 Usb Host Notification metrics: usbChange=0, count=0, noiseDelta=0
Thu May 15 10:10:08.405 Usb Host Notification Apple80211Set: seqNum 3355 Total 0 chg 0 en0
Thu May 15 10:10:08.408 Usb Host Notification metrics: usbChange=0, count=0, noiseDelta=0
Thu May 15 10:10:08.465 [airport]/579 @[1142800.946908] (airportProcessCommand.m:1715) Processed events, count[ 16], @[1142800.945760], took 0.001134
Thu May 15 10:10:10.180 [airport]/579 @[1142802.661913] (configdIODriverInterface.m:4687) caps = , connection[0x6ac0492c0] token[0x04d2000d] capabilties[0x00000000], description:'Sleep:<off> ', lastSleepType[0x00000007]/'Deep Idle', hibernateStateFound[1] hibernateState[0x00000000/0] hibernateMode[0x00000003/3]
Thu May 15 10:10:10.184 [airport]/579 @[1142802.666096] (configdIODriverInterface.m:4375) <en0> Scan offloads will be ENABLED (lpas_supported=yes, softap=disabled, wow=disabled, tcpka=active, allow_unassoc_wakes=yes, allow_disconn_sleeps=yes, aj_disabled=no, scan_offload_disabled_until=(null))
Thu May 15 10:10:10.208 [airport]/579 @[1142802.689786] (configdIODriverInterface.m:4450) <en0> Successfully configured scan offloads, aj_disabled=no, PNO count[4]
Thu May 15 10:10:10.208 [airport]/579 @[1142802.690644] (configdIODriverInterface.m:3826) Acknowledging sleep event, connection[0x6ac0492c0] token[0x04d2000d], gPMConnection[0x6ac0492c0]
Thu May 15 10:10:10.911 [airport]/579 @[1142803.393362] (airportProcessCommand.m:1715) Processed events, count[  1], @[1142803.393300], took 0.000052
Thu May 15 10:10:10.912 [airport]/579 @[1142803.393833] (airportProcessCommand.m:1715) Processed events, count[  1], @[1142803.393803], took 0.000023
Thu May 15 10:10:10.912 [airport]/579 @[1142803.394139] (airportProcessCommand.m:1715) Processed events, count[  1], @[1142803.394109], took 0.000022
Thu May 15 10:10:10.912 [airport]/579 @[1142803.394462] (airportProcessCommand.m:1715) Processed events, count[  1], @[1142803.394431], took 0.000024
Thu May 15 10:10:10.913 [airport]/579 @[1142803.394777] (airportProcessCommand.m:1715) Processed events, count[  1], @[1142803.394731], took 0.000022
Thu May 15 10:10:10.913 [airport]/579 @[1142803.395090] (airportProcessCommand.m:1715) Processed events, count[  1], @[1142803.395062], took 0.000021
Thu May 15 10:10:10.913 [airport]/579 @[1142803.395602] (airportProcessCommand.m:1715) Processed events, count[  2], @[1142803.395558], took 0.000038
Thu May 15 10:10:10.914 [airport]/579 @[1142803.395872] (airportProcessCommand.m:1715) Processed events, count[  1], @[1142803.395846], took 0.000020
Thu May 15 10:10:10.915 [airport]/579 @[1142803.396896] (airportProcessCommand.m:1715) Processed events, count[  1], @[1142803.396091], took 0.000795
Thu May 15 10:10:10.915 [airport]/579 @[1142803.397021] (airportProcessCommand.m:1715) Processed events, count[  1], @[1142803.396996], took 0.000018
Thu May 15 10:10:10.915 [airport]/579 @[1142803.397111] (airportProcessCommand.m:1715) Processed events, count[  1], @[1142803.397088], took 0.000017
Thu May 15 10:10:10.915 [airport]/579 @[1142803.397214] (airportProcessCommand.m:1715) Processed events, count[  1], @[1142803.397180], took 0.000027
Thu May 15 10:10:10.915 [airport]/579 @[1142803.397304] (airportProcessCommand.m:1715) Processed events, count[  1], @[1142803.397281], took 0.000016
Thu May 15 10:10:10.915 [airport]/579 @[1142803.397568] (airportProcessCommand.m:1715) Processed events, count[  1], @[1142803.397510], took 0.000050
Thu May 15 10:10:10.916 [airport]/579 @[1142803.397804] (airportProcessCommand.m:1715) Processed events, count[  1], @[1142803.397781], took 0.000017
Thu May 15 10:10:13.096 [airport]/579 @[1142805.578035] (configdIODriverInterface.m:1377) driver unavailable (reason=0xe0821804, subreason=0x0, flags=0x0), node:isDriverAvailable=1
Thu May 15 10:10:13.097 Usb Host Notification Error Apple80211Set: Device power is off seqNum 3356 Total 0 chg 0 en0
Thu May 15 10:10:13.106 [airport]/579 @[1142805.587979] (airportProcessCommand.m:1715) Processed events, count[  2], @[1142805.587934], took 0.000037
Thu May 15 10:10:13.107 [airport]/579 @[1142805.588869] (airportProcessCommand.m:1715) Processed events, count[  1], @[1142805.588549], took 0.000314
Thu May 15 10:10:13.107 [airport]/579 @[1142805.589195] (airportProcessCommand.m:1715) Processed events, count[  1], @[1142805.589168], took 0.000021
Thu May 15 10:10:13.107 [airport]/579 @[1142805.589706] (airportProcessCommand.m:1715) Processed events, count[  1], @[1142805.589685], took 0.000016
Thu May 15 10:10:13.108 [airport]/579 @[1142805.590290] (airportProcessCommand.m:1715) Processed events, count[  2], @[1142805.590232], took 0.000049
Thu May 15 10:10:13.109 [airport]/579 @[1142805.590879] (airportProcessCommand.m:1715) Processed events, count[  1], @[1142805.590829], took 0.000040
Thu May 15 10:10:13.110 [airport]/579 @[1142805.592360] (airportProcessCommand.m:1715) Processed events, count[  1], @[1142805.591157], took 0.001189
Thu May 15 10:10:13.110 [airport]/579 @[1142805.592537] (airportProcessCommand.m:1715) Processed events, count[  1], @[1142805.592488], took 0.000039
Thu May 15 10:10:13.110 [airport]/579 @[1142805.592672] (airportProcessCommand.m:1715) Processed events, count[  1], @[1142805.592622], took 0.000040
Thu May 15 10:10:13.111 [airport]/579 @[1142805.592812] (airportProcessCommand.m:1715) Processed events, count[  1], @[1142805.592756], took 0.000023
Thu May 15 10:10:13.111 [airport]/579 @[1142805.593077] (airportProcessCommand.m:1715) Processed events, count[  1], @[1142805.593019], took 0.000048
Thu May 15 10:10:13.111 [airport]/579 @[1142805.593488] (airportProcessCommand.m:1715) Processed events, count[  1], @[1142805.593447], took 0.000031
Thu May 15 10:10:13.112 [airport]/579 @[1142805.593942] (airportProcessCommand.m:1715) Processed events, count[  1], @[1142805.593905], took 0.000028
Thu May 15 10:26:19.058 [airport]/579 @[1143771.522254] (configdIODriverInterface.m:4687) caps = CPU Net Disk Early , connection[0x6ac0492c0] token[0x00000000] capabilties[0x00008019], description:'DarkWake:cpu disk net ', lastSleepType[0x00000007]/'Deep Idle', hibernateStateFound[1] hibernateState[0x00000000/0] hibernateMode[0x00000003/3]
Thu May 15 10:26:19.062 [airport]/579 @[1143771.525959] (configdIODriverInterface.m:4784) Acknowledging sleep event, connection[0x6ac0492c0] token[0x00000000]
Thu May 15 10:26:19.069 [airport]/579 @[1143771.533115] (airportProcessCommand.m:1715) Processed events, count[  2], @[1143771.533073], took 0.000035
Thu May 15 10:26:19.069 [airport]/579 @[1143771.533313] (airportProcessCommand.m:1715) Processed events, count[  1], @[1143771.533292], took 0.000015
Thu May 15 10:26:19.069 [airport]/579 @[1143771.533613] (airportProcessCommand.m:1715) Processed events, count[  2], @[1143771.533581], took 0.000027
Thu May 15 10:26:19.070 [airport]/579 @[1143771.533884] (airportProcessCommand.m:1715) Processed events, count[  1], @[1143771.533862], took 0.000016
Thu May 15 10:26:19.070 [airport]/579 @[1143771.534088] (airportProcessCommand.m:1715) Processed events, count[  1], @[1143771.534065], took 0.000017
Thu May 15 10:26:19.070 [airport]/579 @[1143771.534480] (airportProcessCommand.m:1715) Processed events, count[  1], @[1143771.534334], took 0.000139
Thu May 15 10:26:19.071 [airport]/579 @[1143771.535295] (airportProcessCommand.m:1715) Processed events, count[  1], @[1143771.534655], took 0.000633
Thu May 15 10:26:19.071 [airport]/579 @[1143771.535411] (airportProcessCommand.m:1715) Processed events, count[  1], @[1143771.535388], took 0.000017
Thu May 15 10:26:19.071 [airport]/579 @[1143771.535467] (airportProcessCommand.m:1715) Processed events, count[  1], @[1143771.535448], took 0.000015
Thu May 15 10:26:19.071 [airport]/579 @[1143771.535506] (airportProcessCommand.m:1715) Processed events, count[  1], @[1143771.535489], took 0.000012
Thu May 15 10:26:19.071 [airport]/579 @[1143771.535609] (airportProcessCommand.m:1715) Processed events, count[  1], @[1143771.535589], took 0.000015
Thu May 15 10:26:19.072 [airport]/579 @[1143771.535755] (airportProcessCommand.m:1715) Processed events, count[  1], @[1143771.535735], took 0.000015
Thu May 15 10:26:19.072 [airport]/579 @[1143771.536000] (airportProcessCommand.m:1715) Processed events, count[  1], @[1143771.535977], took 0.000017
Thu May 15 10:26:19.171 [airport]/579 @[1143771.634965] (configdIODriverInterface.m:4687) caps = CPU Net Disk , connection[0x6ac0492c0] token[0x00000000] capabilties[0x000000b9], description:'DarkWake:cpu disk net push ', lastSleepType[0x00000007]/'Deep Idle', hibernateStateFound[1] hibernateState[0x00000000/0] hibernateMode[0x00000003/3]
Thu May 15 10:26:19.177 [airport]/579 @[1143771.640889] (configdIODriverInterface.m:4784) Acknowledging sleep event, connection[0x6ac0492c0] token[0x00000000]
Thu May 15 10:26:19.328 [airport]/579 @[1143771.792229] (configdIODriverInterface.m:1377) driver available (reason=0xe0821803, subreason=0x0, flags=0x0), node:isDriverAvailable=0
Thu May 15 10:26:19.358 Usb Host Notification Apple80211Set: seqNum 3357 Total 0 chg 0 en0
Thu May 15 10:26:19.382 Usb Host Notification metrics: usbChange=0, count=0, noiseDelta=0
Thu May 15 10:26:19.460 Usb Host Notification Apple80211Set: seqNum 3358 Total 0 chg 0 en0
Thu May 15 10:26:19.464 Usb Host Notification metrics: usbChange=0, count=0, noiseDelta=0
Thu May 15 10:26:19.561 [airport]/579 @[1143772.024895] (airportProcessCommand.m:1715) Processed events, count[ 16], @[1143772.022914], took 0.001954
Thu May 15 10:26:21.193 [airport]/579 @[1143773.657033] (configdIODriverInterface.m:4687) caps = , connection[0x6ac0492c0] token[0x04d3000d] capabilties[0x00000000], description:'Sleep:<off> ', lastSleepType[0x00000007]/'Deep Idle', hibernateStateFound[1] hibernateState[0x00000000/0] hibernateMode[0x00000003/3]
Thu May 15 10:26:21.196 [airport]/579 @[1143773.659981] (configdIODriverInterface.m:4375) <en0> Scan offloads will be ENABLED (lpas_supported=yes, softap=disabled, wow=disabled, tcpka=active, allow_unassoc_wakes=yes, allow_disconn_sleeps=yes, aj_disabled=no, scan_offload_disabled_until=(null))
Thu May 15 10:26:21.222 [airport]/579 @[1143773.686506] (configdIODriverInterface.m:4450) <en0> Successfully configured scan offloads, aj_disabled=no, PNO count[4]
Thu May 15 10:26:21.223 [airport]/579 @[1143773.687091] (configdIODriverInterface.m:3826) Acknowledging sleep event, connection[0x6ac0492c0] token[0x04d3000d], gPMConnection[0x6ac0492c0]
Thu May 15 10:26:24.088 [airport]/579 @[1143776.551987] (configdIODriverInterface.m:1377) driver unavailable (reason=0xe0821804, subreason=0x0, flags=0x0), node:isDriverAvailable=1
Thu May 15 10:26:24.089 Usb Host Notification Error Apple80211Set: Device power is off seqNum 3359 Total 0 chg 0 en0
Thu May 15 10:26:24.096 [airport]/579 @[1143776.560136] (airportProcessCommand.m:1715) Processed events, count[  2], @[1143776.560022], took 0.000085
Thu May 15 10:26:24.097 [airport]/579 @[1143776.560797] (airportProcessCommand.m:1715) Processed events, count[  1], @[1143776.560743], took 0.000044
Thu May 15 10:26:24.097 [airport]/579 @[1143776.561144] (airportProcessCommand.m:1715) Processed events, count[  1], @[1143776.561070], took 0.000064
Thu May 15 10:26:24.097 [airport]/579 @[1143776.561535] (airportProcessCommand.m:1715) Processed events, count[  1], @[1143776.561495], took 0.000030
Thu May 15 10:26:24.098 [airport]/579 @[1143776.561979] (airportProcessCommand.m:1715) Processed events, count[  1], @[1143776.561934], took 0.000035
Thu May 15 10:26:24.098 [airport]/579 @[1143776.562211] (airportProcessCommand.m:1715) Processed events, count[  1], @[1143776.562172], took 0.000029
Thu May 15 10:26:24.098 [airport]/579 @[1143776.562534] (airportProcessCommand.m:1715) Processed events, count[  1], @[1143776.562496], took 0.000029
Thu May 15 10:26:24.099 [airport]/579 @[1143776.563519] (airportProcessCommand.m:1715) Processed events, count[  1], @[1143776.562802], took 0.000704
Thu May 15 10:26:24.100 [airport]/579 @[1143776.563651] (airportProcessCommand.m:1715) Processed events, count[  1], @[1143776.563615], took 0.000027
Thu May 15 10:26:24.100 [airport]/579 @[1143776.563749] (airportProcessCommand.m:1715) Processed events, count[  1], @[1143776.563716], took 0.000024
Thu May 15 10:26:24.100 [airport]/579 @[1143776.563985] (airportProcessCommand.m:1715) Processed events, count[  1], @[1143776.563947], took 0.000029
Thu May 15 10:26:24.100 [airport]/579 @[1143776.564315] (airportProcessCommand.m:1715) Processed events, count[  1], @[1143776.564278], took 0.000028
Thu May 15 10:26:24.101 [airport]/579 @[1143776.564653] (airportProcessCommand.m:1715) Processed events, count[  1], @[1143776.564614], took 0.000029
Thu May 15 10:26:24.101 [airport]/579 @[1143776.565512] (airportProcessCommand.m:1715) Processed events, count[  1], @[1143776.565196], took 0.000035
Thu May 15 10:42:48.070 [airport]/579 @[1144760.515534] (configdIODriverInterface.m:4687) caps = CPU Net Disk Early , connection[0x6ac0492c0] token[0x00000000] capabilties[0x00008019], description:'DarkWake:cpu disk net ', lastSleepType[0x00000007]/'Deep Idle', hibernateStateFound[1] hibernateState[0x00000000/0] hibernateMode[0x00000003/3]
Thu May 15 10:42:48.077 [airport]/579 @[1144760.523200] (configdIODriverInterface.m:4784) Acknowledging sleep event, connection[0x6ac0492c0] token[0x00000000]
Thu May 15 10:42:48.185 [airport]/579 @[1144760.630817] (configdIODriverInterface.m:4687) caps = CPU Net Disk , connection[0x6ac0492c0] token[0x00000000] capabilties[0x000000b9], description:'DarkWake:cpu disk net push ', lastSleepType[0x00000007]/'Deep Idle', hibernateStateFound[1] hibernateState[0x00000000/0] hibernateMode[0x00000003/3]
Thu May 15 10:42:48.191 [airport]/579 @[1144760.636586] (configdIODriverInterface.m:4784) Acknowledging sleep event, connection[0x6ac0492c0] token[0x00000000]
Thu May 15 10:42:48.333 [airport]/579 @[1144760.779067] (configdIODriverInterface.m:1377) driver available (reason=0xe0821803, subreason=0x0, flags=0x0), node:isDriverAvailable=0
Thu May 15 10:42:48.342 Usb Host Notification Apple80211Set: seqNum 3360 Total 0 chg 0 en0
Thu May 15 10:42:48.345 Usb Host Notification metrics: usbChange=0, count=0, noiseDelta=0
Thu May 15 10:42:48.375 Usb Host Notification Apple80211Set: seqNum 3361 Total 0 chg 0 en0
Thu May 15 10:42:48.377 Usb Host Notification metrics: usbChange=0, count=0, noiseDelta=0
Thu May 15 10:42:48.425 [airport]/579 @[1144760.870972] (airportProcessCommand.m:1715) Processed events, count[ 16], @[1144760.870490], took 0.000475
Thu May 15 10:42:50.203 [airport]/579 @[1144762.648690] (configdIODriverInterface.m:4687) caps = , connection[0x6ac0492c0] token[0x04d4000d] capabilties[0x00000000], description:'Sleep:<off> ', lastSleepType[0x00000007]/'Deep Idle', hibernateStateFound[1] hibernateState[0x00000000/0] hibernateMode[0x00000003/3]
Thu May 15 10:42:50.206 [airport]/579 @[1144762.651743] (configdIODriverInterface.m:4375) <en0> Scan offloads will be ENABLED (lpas_supported=yes, softap=disabled, wow=disabled, tcpka=active, allow_unassoc_wakes=yes, allow_disconn_sleeps=yes, aj_disabled=no, scan_offload_disabled_until=(null))
Thu May 15 10:42:50.230 [airport]/579 @[1144762.675718] (configdIODriverInterface.m:4450) <en0> Successfully configured scan offloads, aj_disabled=no, PNO count[4]
Thu May 15 10:42:50.231 [airport]/579 @[1144762.676200] (configdIODriverInterface.m:3826) Acknowledging sleep event, connection[0x6ac0492c0] token[0x04d4000d], gPMConnection[0x6ac0492c0]
Thu May 15 10:42:52.915 [airport]/579 @[1144765.361058] (airportProcessCommand.m:1715) Processed events, count[  2], @[1144765.360980], took 0.000065
Thu May 15 10:42:52.916 [airport]/579 @[1144765.361508] (airportProcessCommand.m:1715) Processed events, count[  1], @[1144765.361467], took 0.000032
Thu May 15 10:42:52.916 [airport]/579 @[1144765.361864] (airportProcessCommand.m:1715) Processed events, count[  1], @[1144765.361820], took 0.000034
Thu May 15 10:42:52.917 [airport]/579 @[1144765.362218] (airportProcessCommand.m:1715) Processed events, count[  1], @[1144765.362169], took 0.000038
Thu May 15 10:42:52.917 [airport]/579 @[1144765.362529] (airportProcessCommand.m:1715) Processed events, count[  1], @[1144765.362491], took 0.000029
Thu May 15 10:42:52.917 [airport]/579 @[1144765.362836] (airportProcessCommand.m:1715) Processed events, count[  1], @[1144765.362800], took 0.000027
Thu May 15 10:42:52.918 [airport]/579 @[1144765.363168] (airportProcessCommand.m:1715) Processed events, count[  1], @[1144765.363111], took 0.000028
Thu May 15 10:42:52.918 [airport]/579 @[1144765.363438] (airportProcessCommand.m:1715) Processed events, count[  1], @[1144765.363402], took 0.000027
Thu May 15 10:42:52.919 [airport]/579 @[1144765.364754] (airportProcessCommand.m:1715) Processed events, count[  1], @[1144765.363705], took 0.001035
Thu May 15 10:42:52.919 [airport]/579 @[1144765.364945] (airportProcessCommand.m:1715) Processed events, count[  1], @[1144765.364868], took 0.000068
Thu May 15 10:42:52.919 [airport]/579 @[1144765.365073] (airportProcessCommand.m:1715) Processed events, count[  1], @[1144765.365035], took 0.000029
Thu May 15 10:42:52.920 [airport]/579 @[1144765.365186] (airportProcessCommand.m:1715) Processed events, count[  1], @[1144765.365154], took 0.000024
Thu May 15 10:42:52.920 [airport]/579 @[1144765.365450] (airportProcessCommand.m:1715) Processed events, count[  1], @[1144765.365422], took 0.000022
Thu May 15 10:42:52.920 [airport]/579 @[1144765.365883] (airportProcessCommand.m:1715) Processed events, count[  1], @[1144765.365854], took 0.000022
Thu May 15 10:42:52.921 [airport]/579 @[1144765.366179] (airportProcessCommand.m:1715) Processed events, count[  1], @[1144765.366144], took 0.000027
Thu May 15 10:42:53.104 [airport]/579 @[1144765.549714] (configdIODriverInterface.m:1377) driver unavailable (reason=0xe0821804, subreason=0x0, flags=0x0), node:isDriverAvailable=1
Thu May 15 10:42:53.105 Usb Host Notification Error Apple80211Set: Device power is off seqNum 3362 Total 0 chg 0 en0
Thu May 15 10:42:53.112 [airport]/579 @[1144765.557382] (airportProcessCommand.m:1715) Processed events, count[  2], @[1144765.557339], took 0.000035
Thu May 15 10:42:53.112 [airport]/579 @[1144765.557649] (airportProcessCommand.m:1715) Processed events, count[  1], @[1144765.557616], took 0.000026
Thu May 15 10:42:53.112 [airport]/579 @[1144765.557730] (airportProcessCommand.m:1715) Processed events, count[  1], @[1144765.557703], took 0.000021
Thu May 15 10:42:53.113 [airport]/579 @[1144765.558158] (airportProcessCommand.m:1715) Processed events, count[  1], @[1144765.558107], took 0.000038
Thu May 15 10:42:53.114 [airport]/579 @[1144765.559154] (airportProcessCommand.m:1715) Processed events, count[  1], @[1144765.558992], took 0.000152
Thu May 15 10:42:53.114 [airport]/579 @[1144765.559390] (airportProcessCommand.m:1715) Processed events, count[  1], @[1144765.559344], took 0.000036
Thu May 15 10:42:53.114 [airport]/579 @[1144765.559982] (airportProcessCommand.m:1715) Processed events, count[  1], @[1144765.559930], took 0.000037
Thu May 15 10:42:53.116 [airport]/579 @[1144765.561411] (airportProcessCommand.m:1715) Processed events, count[  1], @[1144765.560568], took 0.000834
Thu May 15 10:42:53.116 [airport]/579 @[1144765.561560] (airportProcessCommand.m:1715) Processed events, count[  1], @[1144765.561522], took 0.000030
Thu May 15 10:42:53.116 [airport]/579 @[1144765.561620] (airportProcessCommand.m:1715) Processed events, count[  1], @[1144765.561595], took 0.000019
Thu May 15 10:42:53.116 [airport]/579 @[1144765.561851] (airportProcessCommand.m:1715) Processed events, count[  1], @[1144765.561820], took 0.000023
Thu May 15 10:42:53.116 [airport]/579 @[1144765.562017] (airportProcessCommand.m:1715) Processed events, count[  1], @[1144765.561987], took 0.000023
Thu May 15 10:42:53.117 [airport]/579 @[1144765.562381] (airportProcessCommand.m:1715) Processed events, count[  1], @[1144765.562338], took 0.000035
Thu May 15 10:42:53.117 [airport]/579 @[1144765.562615] (airportProcessCommand.m:1715) Processed events, count[  1], @[1144765.562577], took 0.000029
Thu May 15 10:55:16.087 [airport]/579 @[1145508.519032] (configdIODriverInterface.m:4687) caps = CPU Net Disk Early , connection[0x6ac0492c0] token[0x00000000] capabilties[0x00008019], description:'DarkWake:cpu disk net ', lastSleepType[0x00000007]/'Deep Idle', hibernateStateFound[1] hibernateState[0x00000000/0] hibernateMode[0x00000003/3]
Thu May 15 10:55:16.095 [airport]/579 @[1145508.527040] (configdIODriverInterface.m:4784) Acknowledging sleep event, connection[0x6ac0492c0] token[0x00000000]
Thu May 15 10:55:16.105 [airport]/579 @[1145508.536658] (airportProcessCommand.m:1715) Processed events, count[  2], @[1145508.536576], took 0.000074
Thu May 15 10:55:16.105 [airport]/579 @[1145508.536896] (airportProcessCommand.m:1715) Processed events, count[  1], @[1145508.536871], took 0.000017
Thu May 15 10:55:16.105 [airport]/579 @[1145508.537031] (airportProcessCommand.m:1715) Processed events, count[  1], @[1145508.537005], took 0.000020
Thu May 15 10:55:16.106 [airport]/579 @[1145508.537363] (airportProcessCommand.m:1715) Processed events, count[  1], @[1145508.537343], took 0.000015
Thu May 15 10:55:16.106 [airport]/579 @[1145508.537568] (airportProcessCommand.m:1715) Processed events, count[  1], @[1145508.537548], took 0.000015
Thu May 15 10:55:16.106 [airport]/579 @[1145508.537709] (airportProcessCommand.m:1715) Processed events, count[  1], @[1145508.537689], took 0.000015
Thu May 15 10:55:16.106 [airport]/579 @[1145508.537838] (airportProcessCommand.m:1715) Processed events, count[  1], @[1145508.537817], took 0.000016
Thu May 15 10:55:16.107 [airport]/579 @[1145508.538413] (airportProcessCommand.m:1715) Processed events, count[  1], @[1145508.538057], took 0.000349
Thu May 15 10:55:16.107 [airport]/579 @[1145508.538494] (airportProcessCommand.m:1715) Processed events, count[  1], @[1145508.538475], took 0.000014
Thu May 15 10:55:16.107 [airport]/579 @[1145508.538534] (airportProcessCommand.m:1715) Processed events, count[  1], @[1145508.538516], took 0.000013
Thu May 15 10:55:16.107 [airport]/579 @[1145508.538759] (airportProcessCommand.m:1715) Processed events, count[  1], @[1145508.538736], took 0.000017
Thu May 15 10:55:16.107 [airport]/579 @[1145508.538915] (airportProcessCommand.m:1715) Processed events, count[  1], @[1145508.538895], took 0.000014
Thu May 15 10:55:16.107 [airport]/579 @[1145508.539176] (airportProcessCommand.m:1715) Processed events, count[  1], @[1145508.539155], took 0.000015
Thu May 15 10:55:16.108 [airport]/579 @[1145508.539411] (airportProcessCommand.m:1715) Processed events, count[  1], @[1145508.539390], took 0.000016
Thu May 15 10:55:16.212 [airport]/579 @[1145508.643881] (configdIODriverInterface.m:4687) caps = CPU Net Disk , connection[0x6ac0492c0] token[0x00000000] capabilties[0x000000b9], description:'DarkWake:cpu disk net push ', lastSleepType[0x00000007]/'Deep Idle', hibernateStateFound[1] hibernateState[0x00000000/0] hibernateMode[0x00000003/3]
Thu May 15 10:55:16.221 [airport]/579 @[1145508.652461] (configdIODriverInterface.m:4784) Acknowledging sleep event, connection[0x6ac0492c0] token[0x00000000]
Thu May 15 10:55:16.269 [airport]/579 @[1145508.700462] (configdIODriverInterface.m:1377) driver available (reason=0xe0821803, subreason=0x0, flags=0x0), node:isDriverAvailable=0
Thu May 15 10:55:16.283 Usb Host Notification Apple80211Set: seqNum 3363 Total 0 chg 0 en0
Thu May 15 10:55:16.288 Usb Host Notification metrics: usbChange=0, count=0, noiseDelta=0
Thu May 15 10:55:16.340 Usb Host Notification Apple80211Set: seqNum 3364 Total 0 chg 0 en0
Thu May 15 10:55:16.344 Usb Host Notification metrics: usbChange=0, count=0, noiseDelta=0
Thu May 15 10:55:16.394 [airport]/579 @[1145508.825514] (airportProcessCommand.m:1715) Processed events, count[ 16], @[1145508.824095], took 0.001404
Thu May 15 10:55:21.395 [airport]/579 @[1145513.826826] (configdIODriverInterface.m:4687) caps = , connection[0x6ac0492c0] token[0x04d5000d] capabilties[0x00000000], description:'Sleep:<off> ', lastSleepType[0x00000007]/'Deep Idle', hibernateStateFound[1] hibernateState[0x00000000/0] hibernateMode[0x00000003/3]
Thu May 15 10:55:21.399 [airport]/579 @[1145513.830608] (configdIODriverInterface.m:4375) <en0> Scan offloads will be ENABLED (lpas_supported=yes, softap=disabled, wow=disabled, tcpka=active, allow_unassoc_wakes=yes, allow_disconn_sleeps=yes, aj_disabled=no, scan_offload_disabled_until=(null))
Thu May 15 10:55:21.424 [airport]/579 @[1145513.855449] (configdIODriverInterface.m:4450) <en0> Successfully configured scan offloads, aj_disabled=no, PNO count[4]
Thu May 15 10:55:21.424 [airport]/579 @[1145513.855847] (configdIODriverInterface.m:3826) Acknowledging sleep event, connection[0x6ac0492c0] token[0x04d5000d], gPMConnection[0x6ac0492c0]
Thu May 15 10:55:22.949 [airport]/579 @[1145515.381045] (configdIODriverInterface.m:1377) driver unavailable (reason=0xe0821804, subreason=0x0, flags=0x0), node:isDriverAvailable=1
Thu May 15 10:55:22.951 Usb Host Notification Error Apple80211Set: Device power is off seqNum 3365 Total 0 chg 0 en0
Thu May 15 10:55:22.959 [airport]/579 @[1145515.390712] (airportProcessCommand.m:1715) Processed events, count[  2], @[1145515.390611], took 0.000081
Thu May 15 10:55:22.960 [airport]/579 @[1145515.391339] (airportProcessCommand.m:1715) Processed events, count[  1], @[1145515.391283], took 0.000043
Thu May 15 10:55:22.960 [airport]/579 @[1145515.392010] (airportProcessCommand.m:1715) Processed events, count[  1], @[1145515.391952], took 0.000046
Thu May 15 10:55:22.961 [airport]/579 @[1145515.392504] (airportProcessCommand.m:1715) Processed events, count[  1], @[1145515.392416], took 0.000048
Thu May 15 10:55:22.962 [airport]/579 @[1145515.393127] (airportProcessCommand.m:1715) Processed events, count[  1], @[1145515.393029], took 0.000083
Thu May 15 10:55:22.962 [airport]/579 @[1145515.393559] (airportProcessCommand.m:1715) Processed events, count[  1], @[1145515.393500], took 0.000045
Thu May 15 10:55:22.962 [airport]/579 @[1145515.394086] (airportProcessCommand.m:1715) Processed events, count[  1], @[1145515.394026], took 0.000051
Thu May 15 10:55:22.964 [airport]/579 @[1145515.395474] (airportProcessCommand.m:1715) Processed events, count[  1], @[1145515.394420], took 0.001018
Thu May 15 10:55:22.964 [airport]/579 @[1145515.395655] (airportProcessCommand.m:1715) Processed events, count[  1], @[1145515.395601], took 0.000044
Thu May 15 10:55:22.964 [airport]/579 @[1145515.395784] (airportProcessCommand.m:1715) Processed events, count[  1], @[1145515.395744], took 0.000030
Thu May 15 10:55:22.964 [airport]/579 @[1145515.395900] (airportProcessCommand.m:1715) Processed events, count[  1], @[1145515.395868], took 0.000023
Thu May 15 10:55:22.964 [airport]/579 @[1145515.396010] (airportProcessCommand.m:1715) Processed events, count[  1], @[1145515.395977], took 0.000025
Thu May 15 10:55:22.965 [airport]/579 @[1145515.396800] (airportProcessCommand.m:1715) Processed events, count[  1], @[1145515.396747], took 0.000044
Thu May 15 10:55:22.965 [airport]/579 @[1145515.397080] (airportProcessCommand.m:1715) Processed events, count[  1], @[1145515.397037], took 0.000034
Thu May 15 11:10:51.102 [airport]/579 @[1146443.516046] (configdIODriverInterface.m:4687) caps = CPU Net Disk Early , connection[0x6ac0492c0] token[0x00000000] capabilties[0x00008019], description:'DarkWake:cpu disk net ', lastSleepType[0x00000007]/'Deep Idle', hibernateStateFound[1] hibernateState[0x00000000/0] hibernateMode[0x00000003/3]
Thu May 15 11:10:51.111 [airport]/579 @[1146443.525212] (configdIODriverInterface.m:4784) Acknowledging sleep event, connection[0x6ac0492c0] token[0x00000000]
Thu May 15 11:10:51.223 [airport]/579 @[1146443.636780] (configdIODriverInterface.m:4687) caps = CPU Net Disk , connection[0x6ac0492c0] token[0x00000000] capabilties[0x000000b9], description:'DarkWake:cpu disk net push ', lastSleepType[0x00000007]/'Deep Idle', hibernateStateFound[1] hibernateState[0x00000000/0] hibernateMode[0x00000003/3]
Thu May 15 11:10:51.230 [airport]/579 @[1146443.644312] (configdIODriverInterface.m:4784) Acknowledging sleep event, connection[0x6ac0492c0] token[0x00000000]
Thu May 15 11:10:51.401 [airport]/579 @[1146443.815085] (configdIODriverInterface.m:1377) driver available (reason=0xe0821803, subreason=0x0, flags=0x0), node:isDriverAvailable=0
Thu May 15 11:10:51.411 Usb Host Notification Apple80211Set: seqNum 3366 Total 0 chg 0 en0
Thu May 15 11:10:51.415 Usb Host Notification metrics: usbChange=0, count=0, noiseDelta=0
Thu May 15 11:10:51.465 Usb Host Notification Apple80211Set: seqNum 3367 Total 0 chg 0 en0
Thu May 15 11:10:51.479 Usb Host Notification metrics: usbChange=0, count=0, noiseDelta=0
Thu May 15 11:10:51.539 [airport]/579 @[1146443.953207] (airportProcessCommand.m:1715) Processed events, count[ 16], @[1146443.951616], took 0.001582
Thu May 15 11:10:53.252 [airport]/579 @[1146445.665903] (configdIODriverInterface.m:4687) caps = , connection[0x6ac0492c0] token[0x04d6000d] capabilties[0x00000000], description:'Sleep:<off> ', lastSleepType[0x00000007]/'Deep Idle', hibernateStateFound[1] hibernateState[0x00000000/0] hibernateMode[0x00000003/3]
Thu May 15 11:10:53.253 [airport]/579 @[1146445.667414] (configdIODriverInterface.m:4375) <en0> Scan offloads will be ENABLED (lpas_supported=yes, softap=disabled, wow=disabled, tcpka=active, allow_unassoc_wakes=yes, allow_disconn_sleeps=yes, aj_disabled=no, scan_offload_disabled_until=(null))
Thu May 15 11:10:53.275 [airport]/579 @[1146445.689436] (configdIODriverInterface.m:4450) <en0> Successfully configured scan offloads, aj_disabled=no, PNO count[4]
Thu May 15 11:10:53.276 [airport]/579 @[1146445.690032] (configdIODriverInterface.m:3826) Acknowledging sleep event, connection[0x6ac0492c0] token[0x04d6000d], gPMConnection[0x6ac0492c0]
Thu May 15 11:10:54.123 [airport]/579 @[1146446.536903] (airportProcessCommand.m:1715) Processed events, count[  2], @[1146446.536830], took 0.000061
Thu May 15 11:10:54.123 [airport]/579 @[1146446.537252] (airportProcessCommand.m:1715) Processed events, count[  1], @[1146446.537205], took 0.000036
Thu May 15 11:10:54.123 [airport]/579 @[1146446.537523] (airportProcessCommand.m:1715) Processed events, count[  1], @[1146446.537480], took 0.000033
Thu May 15 11:10:54.124 [airport]/579 @[1146446.537802] (airportProcessCommand.m:1715) Processed events, count[  1], @[1146446.537765], took 0.000028
Thu May 15 11:10:54.124 [airport]/579 @[1146446.538083] (airportProcessCommand.m:1715) Processed events, count[  1], @[1146446.538035], took 0.000031
Thu May 15 11:10:54.124 [airport]/579 @[1146446.538553] (airportProcessCommand.m:1715) Processed events, count[  1], @[1146446.538511], took 0.000032
Thu May 15 11:10:54.125 [airport]/579 @[1146446.538756] (airportProcessCommand.m:1715) Processed events, count[  1], @[1146446.538716], took 0.000030
Thu May 15 11:10:54.125 [airport]/579 @[1146446.539028] (airportProcessCommand.m:1715) Processed events, count[  1], @[1146446.538989], took 0.000030
Thu May 15 11:10:54.126 [airport]/579 @[1146446.540020] (airportProcessCommand.m:1715) Processed events, count[  1], @[1146446.539245], took 0.000764
Thu May 15 11:10:54.126 [airport]/579 @[1146446.540107] (airportProcessCommand.m:1715) Processed events, count[  1], @[1146446.540079], took 0.000020
Thu May 15 11:10:54.126 [airport]/579 @[1146446.540172] (airportProcessCommand.m:1715) Processed events, count[  1], @[1146446.540147], took 0.000018
Thu May 15 11:10:54.126 [airport]/579 @[1146446.540239] (airportProcessCommand.m:1715) Processed events, count[  1], @[1146446.540207], took 0.000018
Thu May 15 11:10:54.126 [airport]/579 @[1146446.540299] (airportProcessCommand.m:1715) Processed events, count[  1], @[1146446.540275], took 0.000017
Thu May 15 11:10:54.126 [airport]/579 @[1146446.540458] (airportProcessCommand.m:1715) Processed events, count[  1], @[1146446.540429], took 0.000022
Thu May 15 11:10:54.126 [airport]/579 @[1146446.540660] (airportProcessCommand.m:1715) Processed events, count[  1], @[1146446.540633], took 0.000020
Thu May 15 11:10:55.691 [airport]/579 @[1146448.105092] (airportdMain.m:1730) Health check alive, checkin@[1146448.105062], count[3895] 
Thu May 15 11:10:56.144 [airport]/579 @[1146448.557691] (configdIODriverInterface.m:1377) driver unavailable (reason=0xe0821804, subreason=0x0, flags=0x0), node:isDriverAvailable=1
Thu May 15 11:10:56.145 Usb Host Notification Error Apple80211Set: Device power is off seqNum 3368 Total 0 chg 0 en0
Thu May 15 11:10:56.152 [airport]/579 @[1146448.565743] (airportProcessCommand.m:1715) Processed events, count[  2], @[1146448.565695], took 0.000040
Thu May 15 11:10:56.152 [airport]/579 @[1146448.566235] (airportProcessCommand.m:1715) Processed events, count[  1], @[1146448.566178], took 0.000043
Thu May 15 11:10:56.153 [airport]/579 @[1146448.566747] (airportProcessCommand.m:1715) Processed events, count[  1], @[1146448.566681], took 0.000050
Thu May 15 11:10:56.153 [airport]/579 @[1146448.567331] (airportProcessCommand.m:1715) Processed events, count[  1], @[1146448.567273], took 0.000041
Thu May 15 11:10:56.154 [airport]/579 @[1146448.568029] (airportProcessCommand.m:1715) Processed events, count[  1], @[1146448.567749], took 0.000262
Thu May 15 11:10:56.154 [airport]/579 @[1146448.568411] (airportProcessCommand.m:1715) Processed events, count[  1], @[1146448.568370], took 0.000032
Thu May 15 11:10:56.155 [airport]/579 @[1146448.568885] (airportProcessCommand.m:1715) Processed events, count[  1], @[1146448.568831], took 0.000044
Thu May 15 11:10:56.156 [airport]/579 @[1146448.570120] (airportProcessCommand.m:1715) Processed events, count[  1], @[1146448.569179], took 0.000927
Thu May 15 11:10:56.156 [airport]/579 @[1146448.570287] (airportProcessCommand.m:1715) Processed events, count[  1], @[1146448.570241], took 0.000038
Thu May 15 11:10:56.156 [airport]/579 @[1146448.570405] (airportProcessCommand.m:1715) Processed events, count[  1], @[1146448.570369], took 0.000027
Thu May 15 11:10:56.156 [airport]/579 @[1146448.570510] (airportProcessCommand.m:1715) Processed events, count[  1], @[1146448.570478], took 0.000023
Thu May 15 11:10:56.157 [airport]/579 @[1146448.570764] (airportProcessCommand.m:1715) Processed events, count[  1], @[1146448.570724], took 0.000030
Thu May 15 11:10:56.157 [airport]/579 @[1146448.570994] (airportProcessCommand.m:1715) Processed events, count[  1], @[1146448.570946], took 0.000039
Thu May 15 11:10:56.157 [airport]/579 @[1146448.571250] (airportProcessCommand.m:1715) Processed events, count[  1], @[1146448.571211], took 0.000030
Thu May 15 11:28:45.124 [airport]/579 @[1147517.517913] (configdIODriverInterface.m:4687) caps = CPU Net Disk Early , connection[0x6ac0492c0] token[0x00000000] capabilties[0x00008019], description:'DarkWake:cpu disk net ', lastSleepType[0x00000007]/'Deep Idle', hibernateStateFound[1] hibernateState[0x00000000/0] hibernateMode[0x00000003/3]
Thu May 15 11:28:45.133 [airport]/579 @[1147517.527241] (configdIODriverInterface.m:4784) Acknowledging sleep event, connection[0x6ac0492c0] token[0x00000000]
Thu May 15 11:28:45.139 [airport]/579 @[1147517.533142] (airportProcessCommand.m:1715) Processed events, count[  2], @[1147517.533066], took 0.000067
Thu May 15 11:28:45.139 [airport]/579 @[1147517.533374] (airportProcessCommand.m:1715) Processed events, count[  1], @[1147517.533350], took 0.000018
Thu May 15 11:28:45.139 [airport]/579 @[1147517.533694] (airportProcessCommand.m:1715) Processed events, count[  1], @[1147517.533632], took 0.000052
Thu May 15 11:28:45.140 [airport]/579 @[1147517.534228] (airportProcessCommand.m:1715) Processed events, count[  1], @[1147517.534205], took 0.000017
Thu May 15 11:28:45.140 [airport]/579 @[1147517.534508] (airportProcessCommand.m:1715) Processed events, count[  1], @[1147517.534487], took 0.000016
Thu May 15 11:28:45.140 [airport]/579 @[1147517.534669] (airportProcessCommand.m:1715) Processed events, count[  1], @[1147517.534648], took 0.000016
Thu May 15 11:28:45.141 [airport]/579 @[1147517.534985] (airportProcessCommand.m:1715) Processed events, count[  1], @[1147517.534961], took 0.000019
Thu May 15 11:28:45.141 [airport]/579 @[1147517.535657] (airportProcessCommand.m:1715) Processed events, count[  2], @[1147517.535219], took 0.000433
Thu May 15 11:28:45.141 [airport]/579 @[1147517.535750] (airportProcessCommand.m:1715) Processed events, count[  1], @[1147517.535731], took 0.000014
Thu May 15 11:28:45.142 [airport]/579 @[1147517.535794] (airportProcessCommand.m:1715) Processed events, count[  1], @[1147517.535771], took 0.000018
Thu May 15 11:28:45.142 [airport]/579 @[1147517.536135] (airportProcessCommand.m:1715) Processed events, count[  1], @[1147517.536116], took 0.000014
Thu May 15 11:28:45.142 [airport]/579 @[1147517.536402] (airportProcessCommand.m:1715) Processed events, count[  1], @[1147517.536335], took 0.000019
Thu May 15 11:28:45.142 [airport]/579 @[1147517.536519] (airportProcessCommand.m:1715) Processed events, count[  1], @[1147517.536496], took 0.000017
Thu May 15 11:28:45.244 [airport]/579 @[1147517.638516] (configdIODriverInterface.m:4687) caps = CPU Net Disk , connection[0x6ac0492c0] token[0x00000000] capabilties[0x000000b9], description:'DarkWake:cpu disk net push ', lastSleepType[0x00000007]/'Deep Idle', hibernateStateFound[1] hibernateState[0x00000000/0] hibernateMode[0x00000003/3]
Thu May 15 11:28:45.251 [airport]/579 @[1147517.645188] (configdIODriverInterface.m:4784) Acknowledging sleep event, connection[0x6ac0492c0] token[0x00000000]
Thu May 15 11:28:45.392 [airport]/579 @[1147517.786673] (configdIODriverInterface.m:1377) driver available (reason=0xe0821803, subreason=0x0, flags=0x0), node:isDriverAvailable=0
Thu May 15 11:28:45.405 Usb Host Notification Apple80211Set: seqNum 3369 Total 0 chg 0 en0
Thu May 15 11:28:45.410 Usb Host Notification metrics: usbChange=0, count=0, noiseDelta=0
Thu May 15 11:28:45.472 Usb Host Notification Apple80211Set: seqNum 3370 Total 0 chg 0 en0
Thu May 15 11:28:45.476 Usb Host Notification metrics: usbChange=0, count=0, noiseDelta=0
Thu May 15 11:28:45.585 [airport]/579 @[1147517.979292] (airportProcessCommand.m:1715) Processed events, count[ 16], @[1147517.978358], took 0.000923
Thu May 15 11:28:47.266 [airport]/579 @[1147519.659868] (configdIODriverInterface.m:4687) caps = , connection[0x6ac0492c0] token[0x04d7000d] capabilties[0x00000000], description:'Sleep:<off> ', lastSleepType[0x00000007]/'Deep Idle', hibernateStateFound[1] hibernateState[0x00000000/0] hibernateMode[0x00000003/3]
Thu May 15 11:28:47.268 [airport]/579 @[1147519.661821] (configdIODriverInterface.m:4375) <en0> Scan offloads will be ENABLED (lpas_supported=yes, softap=disabled, wow=disabled, tcpka=active, allow_unassoc_wakes=yes, allow_disconn_sleeps=yes, aj_disabled=no, scan_offload_disabled_until=(null))
Thu May 15 11:28:47.292 [airport]/579 @[1147519.685929] (configdIODriverInterface.m:4450) <en0> Successfully configured scan offloads, aj_disabled=no, PNO count[4]
Thu May 15 11:28:47.292 [airport]/579 @[1147519.686546] (configdIODriverInterface.m:3826) Acknowledging sleep event, connection[0x6ac0492c0] token[0x04d7000d], gPMConnection[0x6ac0492c0]
Thu May 15 11:28:50.157 [airport]/579 @[1147522.551611] (configdIODriverInterface.m:1377) driver unavailable (reason=0xe0821804, subreason=0x0, flags=0x0), node:isDriverAvailable=1
Thu May 15 11:28:50.159 Usb Host Notification Error Apple80211Set: Device power is off seqNum 3371 Total 0 chg 0 en0
Thu May 15 11:28:50.166 [airport]/579 @[1147522.559832] (airportProcessCommand.m:1715) Processed events, count[  2], @[1147522.559785], took 0.000040
Thu May 15 11:28:50.166 [airport]/579 @[1147522.560597] (airportProcessCommand.m:1715) Processed events, count[  1], @[1147522.560471], took 0.000111
Thu May 15 11:28:50.167 [airport]/579 @[1147522.561077] (airportProcessCommand.m:1715) Processed events, count[  1], @[1147522.561011], took 0.000050
Thu May 15 11:28:50.168 [airport]/579 @[1147522.561631] (airportProcessCommand.m:1715) Processed events, count[  1], @[1147522.561571], took 0.000046
Thu May 15 11:28:50.168 [airport]/579 @[1147522.562133] (airportProcessCommand.m:1715) Processed events, count[  1], @[1147522.562056], took 0.000063
Thu May 15 11:28:50.168 [airport]/579 @[1147522.562510] (airportProcessCommand.m:1715) Processed events, count[  1], @[1147522.562458], took 0.000039
Thu May 15 11:28:50.169 [airport]/579 @[1147522.562973] (airportProcessCommand.m:1715) Processed events, count[  1], @[1147522.562914], took 0.000045
Thu May 15 11:28:50.170 [airport]/579 @[1147522.564240] (airportProcessCommand.m:1715) Processed events, count[  1], @[1147522.563450], took 0.000778
Thu May 15 11:28:50.170 [airport]/579 @[1147522.564392] (airportProcessCommand.m:1715) Processed events, count[  1], @[1147522.564355], took 0.000028
Thu May 15 11:28:50.170 [airport]/579 @[1147522.564512] (airportProcessCommand.m:1715) Processed events, count[  1], @[1147522.564466], took 0.000024
Thu May 15 11:28:50.171 [airport]/579 @[1147522.564778] (airportProcessCommand.m:1715) Processed events, count[  1], @[1147522.564707], took 0.000061
Thu May 15 11:28:50.171 [airport]/579 @[1147522.565050] (airportProcessCommand.m:1715) Processed events, count[  1], @[1147522.565012], took 0.000029
Thu May 15 11:28:50.171 [airport]/579 @[1147522.565490] (airportProcessCommand.m:1715) Processed events, count[  1], @[1147522.565451], took 0.000029
Thu May 15 11:28:50.172 [airport]/579 @[1147522.565814] (airportProcessCommand.m:1715) Processed events, count[  1], @[1147522.565774], took 0.000031
Thu May 15 11:46:46.140 [airport]/579 @[1148598.514137] (configdIODriverInterface.m:4687) caps = CPU Net Disk Early , connection[0x6ac0492c0] token[0x00000000] capabilties[0x00008019], description:'DarkWake:cpu disk net ', lastSleepType[0x00000007]/'Deep Idle', hibernateStateFound[1] hibernateState[0x00000000/0] hibernateMode[0x00000003/3]
Thu May 15 11:46:46.148 [airport]/579 @[1148598.521902] (configdIODriverInterface.m:4784) Acknowledging sleep event, connection[0x6ac0492c0] token[0x00000000]
Thu May 15 11:46:46.256 [airport]/579 @[1148598.629575] (configdIODriverInterface.m:4687) caps = CPU Net Disk , connection[0x6ac0492c0] token[0x00000000] capabilties[0x000000b9], description:'DarkWake:cpu disk net push ', lastSleepType[0x00000007]/'Deep Idle', hibernateStateFound[1] hibernateState[0x00000000/0] hibernateMode[0x00000003/3]
Thu May 15 11:46:46.262 [airport]/579 @[1148598.635598] (configdIODriverInterface.m:4784) Acknowledging sleep event, connection[0x6ac0492c0] token[0x00000000]
Thu May 15 11:46:46.370 [airport]/579 @[1148598.743584] (configdIODriverInterface.m:1377) driver available (reason=0xe0821803, subreason=0x0, flags=0x0), node:isDriverAvailable=0
Thu May 15 11:46:46.391 Usb Host Notification Apple80211Set: seqNum 3372 Total 0 chg 0 en0
Thu May 15 11:46:46.395 Usb Host Notification metrics: usbChange=0, count=0, noiseDelta=0
Thu May 15 11:46:46.426 Usb Host Notification Apple80211Set: seqNum 3373 Total 0 chg 0 en0
Thu May 15 11:46:46.429 Usb Host Notification metrics: usbChange=0, count=0, noiseDelta=0
Thu May 15 11:46:46.469 [airport]/579 @[1148598.843146] (airportProcessCommand.m:1715) Processed events, count[ 16], @[1148598.842068], took 0.001053
Thu May 15 11:46:48.271 [airport]/579 @[1148600.645316] (configdIODriverInterface.m:4687) caps = , connection[0x6ac0492c0] token[0x04d8000d] capabilties[0x00000000], description:'Sleep:<off> ', lastSleepType[0x00000007]/'Deep Idle', hibernateStateFound[1] hibernateState[0x00000000/0] hibernateMode[0x00000003/3]
Thu May 15 11:46:48.273 [airport]/579 @[1148600.647249] (configdIODriverInterface.m:4375) <en0> Scan offloads will be ENABLED (lpas_supported=yes, softap=disabled, wow=disabled, tcpka=active, allow_unassoc_wakes=yes, allow_disconn_sleeps=yes, aj_disabled=no, scan_offload_disabled_until=(null))
Thu May 15 11:46:48.300 [airport]/579 @[1148600.673676] (configdIODriverInterface.m:4450) <en0> Successfully configured scan offloads, aj_disabled=no, PNO count[4]
Thu May 15 11:46:48.300 [airport]/579 @[1148600.674270] (configdIODriverInterface.m:3826) Acknowledging sleep event, connection[0x6ac0492c0] token[0x04d8000d], gPMConnection[0x6ac0492c0]
Thu May 15 11:46:51.026 [airport]/579 @[1148603.400034] (airportProcessCommand.m:1715) Processed events, count[  2], @[1148603.399986], took 0.000041
Thu May 15 11:46:51.026 [airport]/579 @[1148603.400431] (airportProcessCommand.m:1715) Processed events, count[  1], @[1148603.400403], took 0.000021
Thu May 15 11:46:51.027 [airport]/579 @[1148603.400680] (airportProcessCommand.m:1715) Processed events, count[  1], @[1148603.400653], took 0.000021
Thu May 15 11:46:51.027 [airport]/579 @[1148603.400921] (airportProcessCommand.m:1715) Processed events, count[  1], @[1148603.400900], took 0.000015
Thu May 15 11:46:51.027 [airport]/579 @[1148603.401181] (airportProcessCommand.m:1715) Processed events, count[  1], @[1148603.401144], took 0.000018
Thu May 15 11:46:51.027 [airport]/579 @[1148603.401443] (airportProcessCommand.m:1715) Processed events, count[  1], @[1148603.401422], took 0.000016
Thu May 15 11:46:51.028 [airport]/579 @[1148603.401642] (airportProcessCommand.m:1715) Processed events, count[  1], @[1148603.401622], took 0.000015
Thu May 15 11:46:51.028 [airport]/579 @[1148603.401882] (airportProcessCommand.m:1715) Processed events, count[  1], @[1148603.401860], took 0.000016
Thu May 15 11:46:51.029 [airport]/579 @[1148603.402853] (airportProcessCommand.m:1715) Processed events, count[  1], @[1148603.402128], took 0.000717
Thu May 15 11:46:51.029 [airport]/579 @[1148603.402971] (airportProcessCommand.m:1715) Processed events, count[  1], @[1148603.402952], took 0.000014
Thu May 15 11:46:51.029 [airport]/579 @[1148603.403060] (airportProcessCommand.m:1715) Processed events, count[  1], @[1148603.403043], took 0.000013
Thu May 15 11:46:51.029 [airport]/579 @[1148603.403173] (airportProcessCommand.m:1715) Processed events, count[  1], @[1148603.403130], took 0.000029
Thu May 15 11:46:51.029 [airport]/579 @[1148603.403255] (airportProcessCommand.m:1715) Processed events, count[  1], @[1148603.403238], took 0.000013
Thu May 15 11:46:51.029 [airport]/579 @[1148603.403446] (airportProcessCommand.m:1715) Processed events, count[  1], @[1148603.403421], took 0.000020
Thu May 15 11:46:51.030 [airport]/579 @[1148603.403772] (airportProcessCommand.m:1715) Processed events, count[  1], @[1148603.403753], took 0.000014
Thu May 15 11:46:51.172 [airport]/579 @[1148603.545687] (configdIODriverInterface.m:1377) driver unavailable (reason=0xe0821804, subreason=0x0, flags=0x0), node:isDriverAvailable=1
Thu May 15 11:46:51.174 Usb Host Notification Error Apple80211Set: Device power is off seqNum 3374 Total 0 chg 0 en0
Thu May 15 11:46:51.183 [airport]/579 @[1148603.557287] (airportProcessCommand.m:1715) Processed events, count[  2], @[1148603.557237], took 0.000043
Thu May 15 11:46:51.184 [airport]/579 @[1148603.558172] (airportProcessCommand.m:1715) Processed events, count[  1], @[1148603.558149], took 0.000018
Thu May 15 11:46:51.185 [airport]/579 @[1148603.558698] (airportProcessCommand.m:1715) Processed events, count[  1], @[1148603.558673], took 0.000018
Thu May 15 11:46:51.185 [airport]/579 @[1148603.559303] (airportProcessCommand.m:1715) Processed events, count[  1], @[1148603.558810], took 0.000486
Thu May 15 11:46:51.186 [airport]/579 @[1148603.559769] (airportProcessCommand.m:1715) Processed events, count[  1], @[1148603.559746], took 0.000018
Thu May 15 11:46:51.186 [airport]/579 @[1148603.560081] (airportProcessCommand.m:1715) Processed events, count[  1], @[1148603.560060], took 0.000015
Thu May 15 11:46:51.187 [airport]/579 @[1148603.560544] (airportProcessCommand.m:1715) Processed events, count[  1], @[1148603.560467], took 0.000072
Thu May 15 11:46:51.188 [airport]/579 @[1148603.561707] (airportProcessCommand.m:1715) Processed events, count[  1], @[1148603.560737], took 0.000963
Thu May 15 11:46:51.188 [airport]/579 @[1148603.561881] (airportProcessCommand.m:1715) Processed events, count[  1], @[1148603.561850], took 0.000026
Thu May 15 11:46:51.188 [airport]/579 @[1148603.561983] (airportProcessCommand.m:1715) Processed events, count[  1], @[1148603.561962], took 0.000014
Thu May 15 11:46:51.188 [airport]/579 @[1148603.562134] (airportProcessCommand.m:1715) Processed events, count[  1], @[1148603.562110], took 0.000018
Thu May 15 11:46:51.188 [airport]/579 @[1148603.562227] (airportProcessCommand.m:1715) Processed events, count[  1], @[1148603.562203], took 0.000017
Thu May 15 11:46:51.189 [airport]/579 @[1148603.562847] (airportProcessCommand.m:1715) Processed events, count[  1], @[1148603.562828], took 0.000015
Thu May 15 11:46:51.189 [airport]/579 @[1148603.563057] (airportProcessCommand.m:1715) Processed events, count[  1], @[1148603.563040], took 0.000013
Thu May 15 11:56:17.159 [airport]/579 @[1149169.522867] (configdIODriverInterface.m:4687) caps = CPU Net Disk Early , connection[0x6ac0492c0] token[0x00000000] capabilties[0x00008019], description:'DarkWake:cpu disk net ', lastSleepType[0x00000007]/'Deep Idle', hibernateStateFound[1] hibernateState[0x00000000/0] hibernateMode[0x00000003/3]
Thu May 15 11:56:17.161 [airport]/579 @[1149169.524202] (configdIODriverInterface.m:4784) Acknowledging sleep event, connection[0x6ac0492c0] token[0x00000000]
Thu May 15 11:56:17.169 [airport]/579 @[1149169.532321] (airportProcessCommand.m:1715) Processed events, count[  2], @[1149169.532273], took 0.000042
Thu May 15 11:56:17.169 [airport]/579 @[1149169.532544] (airportProcessCommand.m:1715) Processed events, count[  1], @[1149169.532521], took 0.000017
Thu May 15 11:56:17.169 [airport]/579 @[1149169.532772] (airportProcessCommand.m:1715) Processed events, count[  1], @[1149169.532748], took 0.000019
Thu May 15 11:56:17.170 [airport]/579 @[1149169.533033] (airportProcessCommand.m:1715) Processed events, count[  1], @[1149169.533010], took 0.000017
Thu May 15 11:56:17.170 [airport]/579 @[1149169.533222] (airportProcessCommand.m:1715) Processed events, count[  1], @[1149169.533199], took 0.000017
Thu May 15 11:56:17.170 [airport]/579 @[1149169.533376] (airportProcessCommand.m:1715) Processed events, count[  1], @[1149169.533356], took 0.000015
Thu May 15 11:56:17.170 [airport]/579 @[1149169.533584] (airportProcessCommand.m:1715) Processed events, count[  1], @[1149169.533550], took 0.000028
Thu May 15 11:56:17.171 [airport]/579 @[1149169.534136] (airportProcessCommand.m:1715) Processed events, count[  1], @[1149169.533727], took 0.000397
Thu May 15 11:56:17.171 [airport]/579 @[1149169.534240] (airportProcessCommand.m:1715) Processed events, count[  1], @[1149169.534217], took 0.000018
Thu May 15 11:56:17.171 [airport]/579 @[1149169.534289] (airportProcessCommand.m:1715) Processed events, count[  1], @[1149169.534271], took 0.000013
Thu May 15 11:56:17.171 [airport]/579 @[1149169.534390] (airportProcessCommand.m:1715) Processed events, count[  1], @[1149169.534371], took 0.000014
Thu May 15 11:56:17.171 [airport]/579 @[1149169.534559] (airportProcessCommand.m:1715) Processed events, count[  1], @[1149169.534540], took 0.000014
Thu May 15 11:56:17.171 [airport]/579 @[1149169.534799] (airportProcessCommand.m:1715) Processed events, count[  1], @[1149169.534779], took 0.000015
Thu May 15 11:56:17.172 [airport]/579 @[1149169.534961] (airportProcessCommand.m:1715) Processed events, count[  1], @[1149169.534940], took 0.000016
Thu May 15 11:56:17.269 [airport]/579 @[1149169.632759] (configdIODriverInterface.m:4687) caps = CPU Net Disk , connection[0x6ac0492c0] token[0x00000000] capabilties[0x000000b9], description:'DarkWake:cpu disk net push ', lastSleepType[0x00000007]/'Deep Idle', hibernateStateFound[1] hibernateState[0x00000000/0] hibernateMode[0x00000003/3]
Thu May 15 11:56:17.277 [airport]/579 @[1149169.640726] (configdIODriverInterface.m:4784) Acknowledging sleep event, connection[0x6ac0492c0] token[0x00000000]
Thu May 15 11:56:17.416 [airport]/579 @[1149169.779646] (configdIODriverInterface.m:1377) driver available (reason=0xe0821803, subreason=0x0, flags=0x0), node:isDriverAvailable=0
Thu May 15 11:56:17.429 Usb Host Notification Apple80211Set: seqNum 3375 Total 0 chg 0 en0
Thu May 15 11:56:17.435 Usb Host Notification metrics: usbChange=0, count=0, noiseDelta=0
Thu May 15 11:56:17.480 Usb Host Notification Apple80211Set: seqNum 3376 Total 0 chg 0 en0
Thu May 15 11:56:17.483 Usb Host Notification metrics: usbChange=0, count=0, noiseDelta=0
Thu May 15 11:56:17.553 [airport]/579 @[1149169.916100] (airportProcessCommand.m:1715) Processed events, count[ 16], @[1149169.915369], took 0.000724
Thu May 15 11:56:22.538 [airport]/579 @[1149174.901016] (configdIODriverInterface.m:4687) caps = , connection[0x6ac0492c0] token[0x04d9000d] capabilties[0x00000000], description:'Sleep:<off> ', lastSleepType[0x00000007]/'Deep Idle', hibernateStateFound[1] hibernateState[0x00000000/0] hibernateMode[0x00000003/3]
Thu May 15 11:56:22.553 [airport]/579 @[1149174.915834] (configdIODriverInterface.m:4375) <en0> Scan offloads will be ENABLED (lpas_supported=yes, softap=disabled, wow=disabled, tcpka=active, allow_unassoc_wakes=yes, allow_disconn_sleeps=yes, aj_disabled=no, scan_offload_disabled_until=(null))
Thu May 15 11:56:22.574 [airport]/579 @[1149174.936938] (configdIODriverInterface.m:4450) <en0> Successfully configured scan offloads, aj_disabled=no, PNO count[4]
Thu May 15 11:56:22.574 [airport]/579 @[1149174.937408] (configdIODriverInterface.m:3826) Acknowledging sleep event, connection[0x6ac0492c0] token[0x04d9000d], gPMConnection[0x6ac0492c0]
Thu May 15 11:56:24.099 [airport]/579 @[1149176.462440] (configdIODriverInterface.m:1377) driver unavailable (reason=0xe0821804, subreason=0x0, flags=0x0), node:isDriverAvailable=1
Thu May 15 11:56:24.101 Usb Host Notification Error Apple80211Set: Device power is off seqNum 3377 Total 0 chg 0 en0
Thu May 15 11:56:24.111 [airport]/579 @[1149176.474442] (airportProcessCommand.m:1715) Processed events, count[  2], @[1149176.474353], took 0.000073
Thu May 15 11:56:24.112 [airport]/579 @[1149176.475094] (airportProcessCommand.m:1715) Processed events, count[  1], @[1149176.474914], took 0.000054
Thu May 15 11:56:24.112 [airport]/579 @[1149176.475677] (airportProcessCommand.m:1715) Processed events, count[  1], @[1149176.475618], took 0.000046
Thu May 15 11:56:24.113 [airport]/579 @[1149176.476665] (airportProcessCommand.m:1715) Processed events, count[  1], @[1149176.476600], took 0.000049
Thu May 15 11:56:24.114 [airport]/579 @[1149176.477008] (airportProcessCommand.m:1715) Processed events, count[  1], @[1149176.476937], took 0.000056
Thu May 15 11:56:24.114 [airport]/579 @[1149176.477711] (airportProcessCommand.m:1715) Processed events, count[  1], @[1149176.477670], took 0.000031
Thu May 15 11:56:24.115 [airport]/579 @[1149176.478182] (airportProcessCommand.m:1715) Processed events, count[  1], @[1149176.478143], took 0.000029
Thu May 15 11:56:24.116 [airport]/579 @[1149176.479312] (airportProcessCommand.m:1715) Processed events, count[  1], @[1149176.478489], took 0.000811
Thu May 15 11:56:24.116 [airport]/579 @[1149176.479537] (airportProcessCommand.m:1715) Processed events, count[  1], @[1149176.479492], took 0.000036
Thu May 15 11:56:24.117 [airport]/579 @[1149176.479801] (airportProcessCommand.m:1715) Processed events, count[  1], @[1149176.479745], took 0.000047
Thu May 15 11:56:24.117 [airport]/579 @[1149176.480043] (airportProcessCommand.m:1715) Processed events, count[  1], @[1149176.480005], took 0.000028
Thu May 15 11:56:24.117 [airport]/579 @[1149176.480323] (airportProcessCommand.m:1715) Processed events, count[  1], @[1149176.480288], took 0.000026
Thu May 15 11:56:24.117 [airport]/579 @[1149176.480750] (airportProcessCommand.m:1715) Processed events, count[  1], @[1149176.480711], took 0.000030
Thu May 15 11:56:24.118 [airport]/579 @[1149176.481042] (airportProcessCommand.m:1715) Processed events, count[  1], @[1149176.481005], took 0.000028
Thu May 15 12:12:23.170 [airport]/579 @[1150135.515545] (configdIODriverInterface.m:4687) caps = CPU Net Disk Early , connection[0x6ac0492c0] token[0x00000000] capabilties[0x00008019], description:'DarkWake:cpu disk net ', lastSleepType[0x00000007]/'Deep Idle', hibernateStateFound[1] hibernateState[0x00000000/0] hibernateMode[0x00000003/3]
Thu May 15 12:12:23.177 [airport]/579 @[1150135.522501] (configdIODriverInterface.m:4784) Acknowledging sleep event, connection[0x6ac0492c0] token[0x00000000]
Thu May 15 12:12:23.292 [airport]/579 @[1150135.637477] (configdIODriverInterface.m:4687) caps = CPU Net Disk , connection[0x6ac0492c0] token[0x00000000] capabilties[0x000000b9], description:'DarkWake:cpu disk net push ', lastSleepType[0x00000007]/'Deep Idle', hibernateStateFound[1] hibernateState[0x00000000/0] hibernateMode[0x00000003/3]
Thu May 15 12:12:23.297 [airport]/579 @[1150135.642248] (configdIODriverInterface.m:4784) Acknowledging sleep event, connection[0x6ac0492c0] token[0x00000000]
Thu May 15 12:12:23.437 [airport]/579 @[1150135.782535] (configdIODriverInterface.m:1377) driver available (reason=0xe0821803, subreason=0x0, flags=0x0), node:isDriverAvailable=0
Thu May 15 12:12:23.447 Usb Host Notification Apple80211Set: seqNum 3378 Total 0 chg 0 en0
Thu May 15 12:12:23.450 Usb Host Notification metrics: usbChange=0, count=0, noiseDelta=0
Thu May 15 12:12:23.495 Usb Host Notification Apple80211Set: seqNum 3379 Total 0 chg 0 en0
Thu May 15 12:12:23.497 Usb Host Notification metrics: usbChange=0, count=0, noiseDelta=0
Thu May 15 12:12:23.563 [airport]/579 @[1150135.908026] (airportProcessCommand.m:1715) Processed events, count[ 16], @[1150135.906635], took 0.001372
Thu May 15 12:12:25.305 [airport]/579 @[1150137.650132] (configdIODriverInterface.m:4687) caps = , connection[0x6ac0492c0] token[0x04da000d] capabilties[0x00000000], description:'Sleep:<off> ', lastSleepType[0x00000007]/'Deep Idle', hibernateStateFound[1] hibernateState[0x00000000/0] hibernateMode[0x00000003/3]
Thu May 15 12:12:25.308 [airport]/579 @[1150137.653026] (configdIODriverInterface.m:4375) <en0> Scan offloads will be ENABLED (lpas_supported=yes, softap=disabled, wow=disabled, tcpka=active, allow_unassoc_wakes=yes, allow_disconn_sleeps=yes, aj_disabled=no, scan_offload_disabled_until=(null))
Thu May 15 12:12:25.333 [airport]/579 @[1150137.677870] (configdIODriverInterface.m:4450) <en0> Successfully configured scan offloads, aj_disabled=no, PNO count[4]
Thu May 15 12:12:25.333 [airport]/579 @[1150137.678530] (configdIODriverInterface.m:3826) Acknowledging sleep event, connection[0x6ac0492c0] token[0x04da000d], gPMConnection[0x6ac0492c0]
Thu May 15 12:12:26.130 [airport]/579 @[1150138.474956] (airportProcessCommand.m:1715) Processed events, count[  1], @[1150138.474877], took 0.000065
Thu May 15 12:12:26.130 [airport]/579 @[1150138.475533] (airportProcessCommand.m:1715) Processed events, count[  1], @[1150138.475459], took 0.000032
Thu May 15 12:12:26.131 [airport]/579 @[1150138.475894] (airportProcessCommand.m:1715) Processed events, count[  1], @[1150138.475855], took 0.000030
Thu May 15 12:12:26.131 [airport]/579 @[1150138.476282] (airportProcessCommand.m:1715) Processed events, count[  1], @[1150138.476246], took 0.000027
Thu May 15 12:12:26.131 [airport]/579 @[1150138.476673] (airportProcessCommand.m:1715) Processed events, count[  1], @[1150138.476630], took 0.000033
Thu May 15 12:12:26.132 [airport]/579 @[1150138.477061] (airportProcessCommand.m:1715) Processed events, count[  1], @[1150138.476999], took 0.000053
Thu May 15 12:12:26.132 [airport]/579 @[1150138.477641] (airportProcessCommand.m:1715) Processed events, count[  2], @[1150138.477584], took 0.000048
Thu May 15 12:12:26.133 [airport]/579 @[1150138.477965] (airportProcessCommand.m:1715) Processed events, count[  1], @[1150138.477939], took 0.000019
Thu May 15 12:12:26.134 [airport]/579 @[1150138.478950] (airportProcessCommand.m:1715) Processed events, count[  1], @[1150138.478203], took 0.000737
Thu May 15 12:12:26.134 [airport]/579 @[1150138.479072] (airportProcessCommand.m:1715) Processed events, count[  1], @[1150138.479042], took 0.000019
Thu May 15 12:12:26.134 [airport]/579 @[1150138.479158] (airportProcessCommand.m:1715) Processed events, count[  1], @[1150138.479134], took 0.000017
Thu May 15 12:12:26.134 [airport]/579 @[1150138.479244] (airportProcessCommand.m:1715) Processed events, count[  1], @[1150138.479218], took 0.000018
Thu May 15 12:12:26.134 [airport]/579 @[1150138.479352] (airportProcessCommand.m:1715) Processed events, count[  1], @[1150138.479306], took 0.000039
Thu May 15 12:12:26.134 [airport]/579 @[1150138.479585] (airportProcessCommand.m:1715) Processed events, count[  1], @[1150138.479557], took 0.000022
Thu May 15 12:12:26.134 [airport]/579 @[1150138.479804] (airportProcessCommand.m:1715) Processed events, count[  1], @[1150138.479773], took 0.000023
Thu May 15 12:12:28.204 [airport]/579 @[1150140.549370] (configdIODriverInterface.m:1377) driver unavailable (reason=0xe0821804, subreason=0x0, flags=0x0), node:isDriverAvailable=1
Thu May 15 12:12:28.206 Usb Host Notification Error Apple80211Set: Device power is off seqNum 3380 Total 0 chg 0 en0
Thu May 15 12:12:28.217 [airport]/579 @[1150140.562162] (airportProcessCommand.m:1715) Processed events, count[  2], @[1150140.562086], took 0.000064
Thu May 15 12:12:28.217 [airport]/579 @[1150140.562385] (airportProcessCommand.m:1715) Processed events, count[  1], @[1150140.562345], took 0.000030
Thu May 15 12:12:28.218 [airport]/579 @[1150140.563179] (airportProcessCommand.m:1715) Processed events, count[  1], @[1150140.563027], took 0.000140
Thu May 15 12:12:28.219 [airport]/579 @[1150140.563786] (airportProcessCommand.m:1715) Processed events, count[  1], @[1150140.563749], took 0.000029
Thu May 15 12:12:28.219 [airport]/579 @[1150140.564486] (airportProcessCommand.m:1715) Processed events, count[  1], @[1150140.564455], took 0.000024
Thu May 15 12:12:28.220 [airport]/579 @[1150140.564786] (airportProcessCommand.m:1715) Processed events, count[  1], @[1150140.564757], took 0.000022
Thu May 15 12:12:28.220 [airport]/579 @[1150140.565285] (airportProcessCommand.m:1715) Processed events, count[  1], @[1150140.565254], took 0.000024
Thu May 15 12:12:28.221 [airport]/579 @[1150140.566354] (airportProcessCommand.m:1715) Processed events, count[  1], @[1150140.565607], took 0.000736
Thu May 15 12:12:28.221 [airport]/579 @[1150140.566509] (airportProcessCommand.m:1715) Processed events, count[  1], @[1150140.566482], took 0.000020
Thu May 15 12:12:28.221 [airport]/579 @[1150140.566623] (airportProcessCommand.m:1715) Processed events, count[  1], @[1150140.566598], took 0.000018
Thu May 15 12:12:28.222 [airport]/579 @[1150140.566899] (airportProcessCommand.m:1715) Processed events, count[  1], @[1150140.566863], took 0.000019
Thu May 15 12:12:28.222 [airport]/579 @[1150140.567296] (airportProcessCommand.m:1715) Processed events, count[  2], @[1150140.567251], took 0.000038
Thu May 15 12:12:28.222 [airport]/579 @[1150140.567703] (airportProcessCommand.m:1715) Processed events, count[  1], @[1150140.567668], took 0.000028
Thu May 15 12:14:09.015 [airport]/579 @[1150241.358051] (configdIODriverInterface.m:4687) caps = CPU Net Disk Early , connection[0x6ac0492c0] token[0x00000000] capabilties[0x00008019], description:'DarkWake:cpu disk net ', lastSleepType[0x00000007]/'Deep Idle', hibernateStateFound[1] hibernateState[0x00000000/0] hibernateMode[0x00000003/3]
Thu May 15 12:14:09.021 [airport]/579 @[1150241.363892] (configdIODriverInterface.m:4784) Acknowledging sleep event, connection[0x6ac0492c0] token[0x00000000]
Thu May 15 12:14:09.029 [airport]/579 @[1150241.372059] (airportProcessCommand.m:1715) Processed events, count[  2], @[1150241.371994], took 0.000058
Thu May 15 12:14:09.029 [airport]/579 @[1150241.372371] (airportProcessCommand.m:1715) Processed events, count[  1], @[1150241.372346], took 0.000020
Thu May 15 12:14:09.029 [airport]/579 @[1150241.372596] (airportProcessCommand.m:1715) Processed events, count[  1], @[1150241.372564], took 0.000018
Thu May 15 12:14:09.030 [airport]/579 @[1150241.373094] (airportProcessCommand.m:1715) Processed events, count[  1], @[1150241.373058], took 0.000026
Thu May 15 12:14:09.030 [airport]/579 @[1150241.373359] (airportProcessCommand.m:1715) Processed events, count[  1], @[1150241.373336], took 0.000018
Thu May 15 12:14:09.030 [airport]/579 @[1150241.373586] (airportProcessCommand.m:1715) Processed events, count[  1], @[1150241.373541], took 0.000039
Thu May 15 12:14:09.030 [airport]/579 @[1150241.373724] (airportProcessCommand.m:1715) Processed events, count[  1], @[1150241.373696], took 0.000022
Thu May 15 12:14:09.031 [airport]/579 @[1150241.374494] (airportProcessCommand.m:1715) Processed events, count[  1], @[1150241.373855], took 0.000595
Thu May 15 12:14:09.031 [airport]/579 @[1150241.374589] (airportProcessCommand.m:1715) Processed events, count[  1], @[1150241.374569], took 0.000014
Thu May 15 12:14:09.031 [airport]/579 @[1150241.374634] (airportProcessCommand.m:1715) Processed events, count[  1], @[1150241.374612], took 0.000016
Thu May 15 12:14:09.031 [airport]/579 @[1150241.374763] (airportProcessCommand.m:1715) Processed events, count[  1], @[1150241.374745], took 0.000013
Thu May 15 12:14:09.032 [airport]/579 @[1150241.375031] (airportProcessCommand.m:1715) Processed events, count[  1], @[1150241.375010], took 0.000015
Thu May 15 12:14:09.032 [airport]/579 @[1150241.375334] (airportProcessCommand.m:1715) Processed events, count[  1], @[1150241.375311], took 0.000017
Thu May 15 12:14:09.032 [airport]/579 @[1150241.375496] (airportProcessCommand.m:1715) Processed events, count[  1], @[1150241.375477], took 0.000014
Thu May 15 12:14:09.168 [airport]/579 @[1150241.510905] (configdIODriverInterface.m:4687) caps = CPU Net Disk , connection[0x6ac0492c0] token[0x00000000] capabilties[0x000000b9], description:'DarkWake:cpu disk net push ', lastSleepType[0x00000007]/'Deep Idle', hibernateStateFound[1] hibernateState[0x00000000/0] hibernateMode[0x00000003/3]
Thu May 15 12:14:09.169 [airport]/579 @[1150241.511964] (configdIODriverInterface.m:4784) Acknowledging sleep event, connection[0x6ac0492c0] token[0x00000000]
Thu May 15 12:14:09.278 [airport]/579 @[1150241.620922] (configdIODriverInterface.m:1377) driver available (reason=0xe0821803, subreason=0x0, flags=0x0), node:isDriverAvailable=0
Thu May 15 12:14:09.290 Usb Host Notification Apple80211Set: seqNum 3381 Total 0 chg 0 en0
Thu May 15 12:14:09.296 Usb Host Notification metrics: usbChange=0, count=0, noiseDelta=0
Thu May 15 12:14:09.335 Usb Host Notification Apple80211Set: seqNum 3382 Total 0 chg 0 en0
Thu May 15 12:14:09.339 Usb Host Notification metrics: usbChange=0, count=0, noiseDelta=0
Thu May 15 12:14:09.402 [airport]/579 @[1150241.745275] (airportProcessCommand.m:1715) Processed events, count[ 16], @[1150241.744504], took 0.000761
Thu May 15 12:14:14.373 [airport]/579 @[1150246.716070] (configdIODriverInterface.m:4687) caps = , connection[0x6ac0492c0] token[0x04db000d] capabilties[0x00000000], description:'Sleep:<off> ', lastSleepType[0x00000007]/'Deep Idle', hibernateStateFound[1] hibernateState[0x00000000/0] hibernateMode[0x00000003/3]
Thu May 15 12:14:14.378 [airport]/579 @[1150246.721549] (configdIODriverInterface.m:4375) <en0> Scan offloads will be ENABLED (lpas_supported=yes, softap=disabled, wow=disabled, tcpka=active, allow_unassoc_wakes=yes, allow_disconn_sleeps=yes, aj_disabled=no, scan_offload_disabled_until=(null))
Thu May 15 12:14:14.402 [airport]/579 @[1150246.744897] (configdIODriverInterface.m:4450) <en0> Successfully configured scan offloads, aj_disabled=no, PNO count[4]
Thu May 15 12:14:14.402 [airport]/579 @[1150246.745422] (configdIODriverInterface.m:3826) Acknowledging sleep event, connection[0x6ac0492c0] token[0x04db000d], gPMConnection[0x6ac0492c0]
Thu May 15 12:14:15.678 [airport]/579 @[1150248.020874] (airportdMain.m:1730) Health check alive, checkin@[1150248.020823], count[3896] 
Thu May 15 12:14:15.923 [airport]/579 @[1150248.266341] (configdIODriverInterface.m:1377) driver unavailable (reason=0xe0821804, subreason=0x0, flags=0x0), node:isDriverAvailable=1
Thu May 15 12:14:15.925 Usb Host Notification Error Apple80211Set: Device power is off seqNum 3383 Total 0 chg 0 en0
Thu May 15 12:14:15.934 [airport]/579 @[1150248.277228] (airportProcessCommand.m:1715) Processed events, count[  2], @[1150248.277150], took 0.000066
Thu May 15 12:14:15.935 [airport]/579 @[1150248.277838] (airportProcessCommand.m:1715) Processed events, count[  1], @[1150248.277796], took 0.000032
Thu May 15 12:14:15.935 [airport]/579 @[1150248.278374] (airportProcessCommand.m:1715) Processed events, count[  1], @[1150248.278305], took 0.000058
Thu May 15 12:14:15.936 [airport]/579 @[1150248.278802] (airportProcessCommand.m:1715) Processed events, count[  1], @[1150248.278761], took 0.000028
Thu May 15 12:14:15.936 [airport]/579 @[1150248.279398] (airportProcessCommand.m:1715) Processed events, count[  1], @[1150248.279359], took 0.000029
Thu May 15 12:14:15.937 [airport]/579 @[1150248.279972] (airportProcessCommand.m:1715) Processed events, count[  1], @[1150248.279926], took 0.000036
Thu May 15 12:14:15.937 [airport]/579 @[1150248.280328] (airportProcessCommand.m:1715) Processed events, count[  1], @[1150248.280289], took 0.000029
Thu May 15 12:14:15.938 [airport]/579 @[1150248.281518] (airportProcessCommand.m:1715) Processed events, count[  1], @[1150248.280834], took 0.000674
Thu May 15 12:14:15.938 [airport]/579 @[1150248.281656] (airportProcessCommand.m:1715) Processed events, count[  1], @[1150248.281628], took 0.000021
Thu May 15 12:14:15.938 [airport]/579 @[1150248.281749] (airportProcessCommand.m:1715) Processed events, count[  1], @[1150248.281725], took 0.000018
Thu May 15 12:14:15.939 [airport]/579 @[1150248.281929] (airportProcessCommand.m:1715) Processed events, count[  1], @[1150248.281904], took 0.000018
Thu May 15 12:14:15.939 [airport]/579 @[1150248.282411] (airportProcessCommand.m:1715) Processed events, count[  2], @[1150248.282354], took 0.000048
Thu May 15 12:14:15.939 [airport]/579 @[1150248.282587] (airportProcessCommand.m:1715) Processed events, count[  1], @[1150248.282559], took 0.000020
Thu May 15 12:32:04.194 [airport]/579 @[1151316.517305] (configdIODriverInterface.m:4687) caps = CPU Net Disk Early , connection[0x6ac0492c0] token[0x00000000] capabilties[0x00008019], description:'DarkWake:cpu disk net ', lastSleepType[0x00000007]/'Deep Idle', hibernateStateFound[1] hibernateState[0x00000000/0] hibernateMode[0x00000003/3]
Thu May 15 12:32:04.203 [airport]/579 @[1151316.525846] (configdIODriverInterface.m:4784) Acknowledging sleep event, connection[0x6ac0492c0] token[0x00000000]
Thu May 15 12:32:04.311 [airport]/579 @[1151316.634589] (configdIODriverInterface.m:4687) caps = CPU Net Disk , connection[0x6ac0492c0] token[0x00000000] capabilties[0x000000b9], description:'DarkWake:cpu disk net push ', lastSleepType[0x00000007]/'Deep Idle', hibernateStateFound[1] hibernateState[0x00000000/0] hibernateMode[0x00000003/3]
Thu May 15 12:32:04.321 [airport]/579 @[1151316.644721] (configdIODriverInterface.m:4784) Acknowledging sleep event, connection[0x6ac0492c0] token[0x00000000]
Thu May 15 12:32:04.502 [airport]/579 @[1151316.825499] (configdIODriverInterface.m:1377) driver available (reason=0xe0821803, subreason=0x0, flags=0x0), node:isDriverAvailable=0
Thu May 15 12:32:04.519 Usb Host Notification Apple80211Set: seqNum 3384 Total 0 chg 0 en0
Thu May 15 12:32:04.523 Usb Host Notification metrics: usbChange=0, count=0, noiseDelta=0
Thu May 15 12:32:04.562 Usb Host Notification Apple80211Set: seqNum 3385 Total 0 chg 0 en0
Thu May 15 12:32:04.566 Usb Host Notification metrics: usbChange=0, count=0, noiseDelta=0
Thu May 15 12:32:04.616 [airport]/579 @[1151316.939592] (airportProcessCommand.m:1715) Processed events, count[ 16], @[1151316.938862], took 0.000712
Thu May 15 12:32:06.336 [airport]/579 @[1151318.659386] (configdIODriverInterface.m:4687) caps = , connection[0x6ac0492c0] token[0x04dc000d] capabilties[0x00000000], description:'Sleep:<off> ', lastSleepType[0x00000007]/'Deep Idle', hibernateStateFound[1] hibernateState[0x00000000/0] hibernateMode[0x00000003/3]
Thu May 15 12:32:06.342 [airport]/579 @[1151318.664818] (configdIODriverInterface.m:4375) <en0> Scan offloads will be ENABLED (lpas_supported=yes, softap=disabled, wow=disabled, tcpka=active, allow_unassoc_wakes=yes, allow_disconn_sleeps=yes, aj_disabled=no, scan_offload_disabled_until=(null))
Thu May 15 12:32:06.362 [airport]/579 @[1151318.685433] (configdIODriverInterface.m:4450) <en0> Successfully configured scan offloads, aj_disabled=no, PNO count[4]
Thu May 15 12:32:06.363 [airport]/579 @[1151318.685924] (configdIODriverInterface.m:3826) Acknowledging sleep event, connection[0x6ac0492c0] token[0x04dc000d], gPMConnection[0x6ac0492c0]
Thu May 15 12:32:07.145 [airport]/579 @[1151319.468488] (airportProcessCommand.m:1715) Processed events, count[  2], @[1151319.468411], took 0.000066
Thu May 15 12:32:07.146 [airport]/579 @[1151319.468773] (airportProcessCommand.m:1715) Processed events, count[  1], @[1151319.468738], took 0.000027
Thu May 15 12:32:07.146 [airport]/579 @[1151319.469092] (airportProcessCommand.m:1715) Processed events, count[  1], @[1151319.469056], took 0.000029
Thu May 15 12:32:07.146 [airport]/579 @[1151319.469376] (airportProcessCommand.m:1715) Processed events, count[  1], @[1151319.469321], took 0.000047
Thu May 15 12:32:07.146 [airport]/579 @[1151319.469628] (airportProcessCommand.m:1715) Processed events, count[  1], @[1151319.469599], took 0.000022
Thu May 15 12:32:07.147 [airport]/579 @[1151319.469870] (airportProcessCommand.m:1715) Processed events, count[  1], @[1151319.469843], took 0.000021
Thu May 15 12:32:07.147 [airport]/579 @[1151319.470124] (airportProcessCommand.m:1715) Processed events, count[  1], @[1151319.470097], took 0.000021
Thu May 15 12:32:07.147 [airport]/579 @[1151319.470405] (airportProcessCommand.m:1715) Processed events, count[  1], @[1151319.470352], took 0.000045
Thu May 15 12:32:07.148 [airport]/579 @[1151319.471714] (airportProcessCommand.m:1715) Processed events, count[  1], @[1151319.470683], took 0.001022
Thu May 15 12:32:07.149 [airport]/579 @[1151319.472309] (airportProcessCommand.m:1715) Processed events, count[  1], @[1151319.472107], took 0.000193
Thu May 15 12:32:07.149 [airport]/579 @[1151319.472490] (airportProcessCommand.m:1715) Processed events, count[  1], @[1151319.472430], took 0.000052
Thu May 15 12:32:07.149 [airport]/579 @[1151319.472617] (airportProcessCommand.m:1715) Processed events, count[  1], @[1151319.472591], took 0.000019
Thu May 15 12:32:07.150 [airport]/579 @[1151319.472984] (airportProcessCommand.m:1715) Processed events, count[  1], @[1151319.472920], took 0.000021
Thu May 15 12:32:07.150 [airport]/579 @[1151319.473582] (airportProcessCommand.m:1715) Processed events, count[  1], @[1151319.473552], took 0.000023
Thu May 15 12:32:07.151 [airport]/579 @[1151319.473948] (airportProcessCommand.m:1715) Processed events, count[  1], @[1151319.473923], took 0.000018
Thu May 15 12:32:09.234 [airport]/579 @[1151321.557589] (configdIODriverInterface.m:1377) driver unavailable (reason=0xe0821804, subreason=0x0, flags=0x0), node:isDriverAvailable=1
Thu May 15 12:32:09.236 Usb Host Notification Error Apple80211Set: Device power is off seqNum 3386 Total 0 chg 0 en0
Thu May 15 12:32:09.247 [airport]/579 @[1151321.570119] (airportProcessCommand.m:1715) Processed events, count[  2], @[1151321.570011], took 0.000096
Thu May 15 12:32:09.247 [airport]/579 @[1151321.570709] (airportProcessCommand.m:1715) Processed events, count[  1], @[1151321.570662], took 0.000037
Thu May 15 12:32:09.248 [airport]/579 @[1151321.571108] (airportProcessCommand.m:1715) Processed events, count[  1], @[1151321.571063], took 0.000036
Thu May 15 12:32:09.249 [airport]/579 @[1151321.572134] (airportProcessCommand.m:1715) Processed events, count[  1], @[1151321.572079], took 0.000045
Thu May 15 12:32:09.249 [airport]/579 @[1151321.572632] (airportProcessCommand.m:1715) Processed events, count[  1], @[1151321.572594], took 0.000029
Thu May 15 12:32:09.250 [airport]/579 @[1151321.572961] (airportProcessCommand.m:1715) Processed events, count[  1], @[1151321.572915], took 0.000035
Thu May 15 12:32:09.250 [airport]/579 @[1151321.573597] (airportProcessCommand.m:1715) Processed events, count[  1], @[1151321.573566], took 0.000024
Thu May 15 12:32:09.251 [airport]/579 @[1151321.574705] (airportProcessCommand.m:1715) Processed events, count[  1], @[1151321.573863], took 0.000832
Thu May 15 12:32:09.252 [airport]/579 @[1151321.574855] (airportProcessCommand.m:1715) Processed events, count[  1], @[1151321.574828], took 0.000020
Thu May 15 12:32:09.252 [airport]/579 @[1151321.574968] (airportProcessCommand.m:1715) Processed events, count[  1], @[1151321.574943], took 0.000018
Thu May 15 12:32:09.252 [airport]/579 @[1151321.575103] (airportProcessCommand.m:1715) Processed events, count[  1], @[1151321.575039], took 0.000056
Thu May 15 12:32:09.252 [airport]/579 @[1151321.575226] (airportProcessCommand.m:1715) Processed events, count[  1], @[1151321.575200], took 0.000020
Thu May 15 12:32:09.252 [airport]/579 @[1151321.575453] (airportProcessCommand.m:1715) Processed events, count[  1], @[1151321.575426], took 0.000020
Thu May 15 12:32:09.252 [airport]/579 @[1151321.575726] (airportProcessCommand.m:1715) Processed events, count[  1], @[1151321.575690], took 0.000023
Thu May 15 12:38:10.802 [airport]/579 @[1151683.118338] (configdIODriverInterface.m:4687) caps = CPU Net Disk Early , connection[0x6ac0492c0] token[0x00000000] capabilties[0x00008019], description:'DarkWake:cpu disk net ', lastSleepType[0x00000007]/'Deep Idle', hibernateStateFound[1] hibernateState[0x00000000/0] hibernateMode[0x00000003/3]
Thu May 15 12:38:10.805 [airport]/579 @[1151683.121601] (configdIODriverInterface.m:4784) Acknowledging sleep event, connection[0x6ac0492c0] token[0x00000000]
Thu May 15 12:38:10.812 [airport]/579 @[1151683.128136] (airportProcessCommand.m:1715) Processed events, count[  2], @[1151683.128096], took 0.000033
Thu May 15 12:38:10.812 [airport]/579 @[1151683.128667] (airportProcessCommand.m:1715) Processed events, count[  1], @[1151683.128637], took 0.000017
Thu May 15 12:38:10.812 [airport]/579 @[1151683.128929] (airportProcessCommand.m:1715) Processed events, count[  1], @[1151683.128899], took 0.000024
Thu May 15 12:38:10.813 [airport]/579 @[1151683.129159] (airportProcessCommand.m:1715) Processed events, count[  1], @[1151683.129138], took 0.000016
Thu May 15 12:38:10.813 [airport]/579 @[1151683.129330] (airportProcessCommand.m:1715) Processed events, count[  1], @[1151683.129310], took 0.000015
Thu May 15 12:38:10.813 [airport]/579 @[1151683.129502] (airportProcessCommand.m:1715) Processed events, count[  1], @[1151683.129481], took 0.000016
Thu May 15 12:38:10.813 [airport]/579 @[1151683.129672] (airportProcessCommand.m:1715) Processed events, count[  1], @[1151683.129650], took 0.000018
Thu May 15 12:38:10.814 [airport]/579 @[1151683.130469] (airportProcessCommand.m:1715) Processed events, count[  1], @[1151683.129877], took 0.000585
Thu May 15 12:38:10.814 [airport]/579 @[1151683.130586] (airportProcessCommand.m:1715) Processed events, count[  1], @[1151683.130565], took 0.000016
Thu May 15 12:38:10.814 [airport]/579 @[1151683.130631] (airportProcessCommand.m:1715) Processed events, count[  1], @[1151683.130613], took 0.000013
Thu May 15 12:38:10.814 [airport]/579 @[1151683.130676] (airportProcessCommand.m:1715) Processed events, count[  1], @[1151683.130652], took 0.000018
Thu May 15 12:38:10.814 [airport]/579 @[1151683.130768] (airportProcessCommand.m:1715) Processed events, count[  1], @[1151683.130745], took 0.000017
Thu May 15 12:38:10.814 [airport]/579 @[1151683.130945] (airportProcessCommand.m:1715) Processed events, count[  1], @[1151683.130920], took 0.000020
Thu May 15 12:38:10.815 [airport]/579 @[1151683.131127] (airportProcessCommand.m:1715) Processed events, count[  1], @[1151683.131105], took 0.000016
Thu May 15 12:38:10.919 [airport]/579 @[1151683.235067] (configdIODriverInterface.m:4687) caps = CPU Net Disk , connection[0x6ac0492c0] token[0x00000000] capabilties[0x000000b9], description:'DarkWake:cpu disk net push ', lastSleepType[0x00000007]/'Deep Idle', hibernateStateFound[1] hibernateState[0x00000000/0] hibernateMode[0x00000003/3]
Thu May 15 12:38:10.936 [airport]/579 @[1151683.252493] (configdIODriverInterface.m:4784) Acknowledging sleep event, connection[0x6ac0492c0] token[0x00000000]
Thu May 15 12:38:11.061 [airport]/579 @[1151683.377869] (configdIODriverInterface.m:1377) driver available (reason=0xe0821803, subreason=0x0, flags=0x0), node:isDriverAvailable=0
Thu May 15 12:38:11.075 Usb Host Notification Apple80211Set: seqNum 3387 Total 0 chg 0 en0
Thu May 15 12:38:11.081 Usb Host Notification metrics: usbChange=0, count=0, noiseDelta=0
Thu May 15 12:38:11.151 Usb Host Notification Apple80211Set: seqNum 3388 Total 0 chg 0 en0
Thu May 15 12:38:11.155 Usb Host Notification metrics: usbChange=0, count=0, noiseDelta=0
Thu May 15 12:38:11.260 [airport]/579 @[1151683.576762] (airportProcessCommand.m:1715) Processed events, count[ 16], @[1151683.575689], took 0.001051
Thu May 15 12:38:16.204 [airport]/579 @[1151688.520127] (configdIODriverInterface.m:4687) caps = , connection[0x6ac0492c0] token[0x04dd000d] capabilties[0x00000000], description:'Sleep:<off> ', lastSleepType[0x00000007]/'Deep Idle', hibernateStateFound[1] hibernateState[0x00000000/0] hibernateMode[0x00000003/3]
Thu May 15 12:38:16.207 [airport]/579 @[1151688.523141] (configdIODriverInterface.m:4375) <en0> Scan offloads will be ENABLED (lpas_supported=yes, softap=disabled, wow=disabled, tcpka=active, allow_unassoc_wakes=yes, allow_disconn_sleeps=yes, aj_disabled=no, scan_offload_disabled_until=(null))
Thu May 15 12:38:16.231 [airport]/579 @[1151688.547040] (configdIODriverInterface.m:4450) <en0> Successfully configured scan offloads, aj_disabled=no, PNO count[4]
Thu May 15 12:38:16.231 [airport]/579 @[1151688.547653] (configdIODriverInterface.m:3826) Acknowledging sleep event, connection[0x6ac0492c0] token[0x04dd000d], gPMConnection[0x6ac0492c0]
Thu May 15 12:38:17.755 [airport]/579 @[1151690.071381] (configdIODriverInterface.m:1377) driver unavailable (reason=0xe0821804, subreason=0x0, flags=0x0), node:isDriverAvailable=1
Thu May 15 12:38:17.757 Usb Host Notification Error Apple80211Set: Device power is off seqNum 3389 Total 0 chg 0 en0
Thu May 15 12:38:17.765 [airport]/579 @[1151690.081689] (airportProcessCommand.m:1715) Processed events, count[  2], @[1151690.081615], took 0.000061
Thu May 15 12:38:17.766 [airport]/579 @[1151690.082447] (airportProcessCommand.m:1715) Processed events, count[  1], @[1151690.082403], took 0.000034
Thu May 15 12:38:17.766 [airport]/579 @[1151690.082838] (airportProcessCommand.m:1715) Processed events, count[  1], @[1151690.082791], took 0.000037
Thu May 15 12:38:17.767 [airport]/579 @[1151690.083210] (airportProcessCommand.m:1715) Processed events, count[  1], @[1151690.083150], took 0.000050
Thu May 15 12:38:17.767 [airport]/579 @[1151690.083491] (airportProcessCommand.m:1715) Processed events, count[  1], @[1151690.083455], took 0.000028
Thu May 15 12:38:17.768 [airport]/579 @[1151690.083940] (airportProcessCommand.m:1715) Processed events, count[  1], @[1151690.083901], took 0.000029
Thu May 15 12:38:17.768 [airport]/579 @[1151690.084249] (airportProcessCommand.m:1715) Processed events, count[  1], @[1151690.084213], took 0.000027
Thu May 15 12:38:17.769 [airport]/579 @[1151690.085445] (airportProcessCommand.m:1715) Processed events, count[  1], @[1151690.084776], took 0.000658
Thu May 15 12:38:17.769 [airport]/579 @[1151690.085594] (airportProcessCommand.m:1715) Processed events, count[  1], @[1151690.085566], took 0.000020
Thu May 15 12:38:17.769 [airport]/579 @[1151690.085694] (airportProcessCommand.m:1715) Processed events, count[  1], @[1151690.085669], took 0.000018
Thu May 15 12:38:17.770 [airport]/579 @[1151690.085964] (airportProcessCommand.m:1715) Processed events, count[  1], @[1151690.085933], took 0.000025
Thu May 15 12:38:17.770 [airport]/579 @[1151690.086289] (airportProcessCommand.m:1715) Processed events, count[  1], @[1151690.086259], took 0.000023
Thu May 15 12:38:17.770 [airport]/579 @[1151690.086695] (airportProcessCommand.m:1715) Processed events, count[  1], @[1151690.086666], took 0.000022
Thu May 15 12:38:17.771 [airport]/579 @[1151690.087004] (airportProcessCommand.m:1715) Processed events, count[  1], @[1151690.086978], took 0.000019
Thu May 15 12:54:13.218 [airport]/579 @[1152645.516254] (configdIODriverInterface.m:4687) caps = CPU Net Disk Early , connection[0x6ac0492c0] token[0x00000000] capabilties[0x00008019], description:'DarkWake:cpu disk net ', lastSleepType[0x00000007]/'Deep Idle', hibernateStateFound[1] hibernateState[0x00000000/0] hibernateMode[0x00000003/3]
Thu May 15 12:54:13.226 [airport]/579 @[1152645.524830] (configdIODriverInterface.m:4784) Acknowledging sleep event, connection[0x6ac0492c0] token[0x00000000]
Thu May 15 12:54:13.334 [airport]/579 @[1152645.632201] (configdIODriverInterface.m:4687) caps = CPU Net Disk , connection[0x6ac0492c0] token[0x00000000] capabilties[0x000000b9], description:'DarkWake:cpu disk net push ', lastSleepType[0x00000007]/'Deep Idle', hibernateStateFound[1] hibernateState[0x00000000/0] hibernateMode[0x00000003/3]
Thu May 15 12:54:13.343 [airport]/579 @[1152645.641672] (configdIODriverInterface.m:4784) Acknowledging sleep event, connection[0x6ac0492c0] token[0x00000000]
Thu May 15 12:54:13.488 [airport]/579 @[1152645.786321] (configdIODriverInterface.m:1377) driver available (reason=0xe0821803, subreason=0x0, flags=0x0), node:isDriverAvailable=0
Thu May 15 12:54:13.512 Usb Host Notification Apple80211Set: seqNum 3390 Total 0 chg 0 en0
Thu May 15 12:54:13.517 Usb Host Notification metrics: usbChange=0, count=0, noiseDelta=0
Thu May 15 12:54:13.562 Usb Host Notification Apple80211Set: seqNum 3391 Total 0 chg 0 en0
Thu May 15 12:54:13.565 Usb Host Notification metrics: usbChange=0, count=0, noiseDelta=0
Thu May 15 12:54:13.633 [airport]/579 @[1152645.931294] (airportProcessCommand.m:1715) Processed events, count[ 16], @[1152645.929765], took 0.001516
Thu May 15 12:54:15.361 [airport]/579 @[1152647.659563] (configdIODriverInterface.m:4687) caps = , connection[0x6ac0492c0] token[0x04de000d] capabilties[0x00000000], description:'Sleep:<off> ', lastSleepType[0x00000007]/'Deep Idle', hibernateStateFound[1] hibernateState[0x00000000/0] hibernateMode[0x00000003/3]
Thu May 15 12:54:15.363 [airport]/579 @[1152647.661785] (configdIODriverInterface.m:4375) <en0> Scan offloads will be ENABLED (lpas_supported=yes, softap=disabled, wow=disabled, tcpka=active, allow_unassoc_wakes=yes, allow_disconn_sleeps=yes, aj_disabled=no, scan_offload_disabled_until=(null))
Thu May 15 12:54:15.388 [airport]/579 @[1152647.686934] (configdIODriverInterface.m:4450) <en0> Successfully configured scan offloads, aj_disabled=no, PNO count[4]
Thu May 15 12:54:15.389 [airport]/579 @[1152647.687544] (configdIODriverInterface.m:3826) Acknowledging sleep event, connection[0x6ac0492c0] token[0x04de000d], gPMConnection[0x6ac0492c0]
Thu May 15 12:54:16.146 [airport]/579 @[1152648.444400] (airportProcessCommand.m:1715) Processed events, count[  2], @[1152648.444303], took 0.000085
Thu May 15 12:54:16.146 [airport]/579 @[1152648.444825] (airportProcessCommand.m:1715) Processed events, count[  1], @[1152648.444784], took 0.000031
Thu May 15 12:54:16.147 [airport]/579 @[1152648.445130] (airportProcessCommand.m:1715) Processed events, count[  1], @[1152648.445087], took 0.000034
Thu May 15 12:54:16.147 [airport]/579 @[1152648.445422] (airportProcessCommand.m:1715) Processed events, count[  1], @[1152648.445385], took 0.000028
Thu May 15 12:54:16.147 [airport]/579 @[1152648.445739] (airportProcessCommand.m:1715) Processed events, count[  1], @[1152648.445692], took 0.000036
Thu May 15 12:54:16.148 [airport]/579 @[1152648.446026] (airportProcessCommand.m:1715) Processed events, count[  1], @[1152648.445989], took 0.000027
Thu May 15 12:54:16.148 [airport]/579 @[1152648.446312] (airportProcessCommand.m:1715) Processed events, count[  1], @[1152648.446275], took 0.000027
Thu May 15 12:54:16.148 [airport]/579 @[1152648.446590] (airportProcessCommand.m:1715) Processed events, count[  1], @[1152648.446534], took 0.000027
Thu May 15 12:54:16.149 [airport]/579 @[1152648.447746] (airportProcessCommand.m:1715) Processed events, count[  1], @[1152648.446814], took 0.000919
Thu May 15 12:54:16.149 [airport]/579 @[1152648.447887] (airportProcessCommand.m:1715) Processed events, count[  1], @[1152648.447850], took 0.000029
Thu May 15 12:54:16.150 [airport]/579 @[1152648.447995] (airportProcessCommand.m:1715) Processed events, count[  1], @[1152648.447949], took 0.000021
Thu May 15 12:54:16.150 [airport]/579 @[1152648.448083] (airportProcessCommand.m:1715) Processed events, count[  1], @[1152648.448058], took 0.000018
Thu May 15 12:54:16.150 [airport]/579 @[1152648.448216] (airportProcessCommand.m:1715) Processed events, count[  1], @[1152648.448188], took 0.000021
Thu May 15 12:54:16.150 [airport]/579 @[1152648.448487] (airportProcessCommand.m:1715) Processed events, count[  1], @[1152648.448453], took 0.000026
Thu May 15 12:54:16.150 [airport]/579 @[1152648.448778] (airportProcessCommand.m:1715) Processed events, count[  1], @[1152648.448731], took 0.000021
Thu May 15 12:54:18.252 [airport]/579 @[1152650.550524] (configdIODriverInterface.m:1377) driver unavailable (reason=0xe0821804, subreason=0x0, flags=0x0), node:isDriverAvailable=1
Thu May 15 12:54:18.254 Usb Host Notification Error Apple80211Set: Device power is off seqNum 3392 Total 0 chg 0 en0
Thu May 15 12:54:18.264 [airport]/579 @[1152650.562589] (airportProcessCommand.m:1715) Processed events, count[  2], @[1152650.562425], took 0.000151
Thu May 15 12:54:18.265 [airport]/579 @[1152650.562970] (airportProcessCommand.m:1715) Processed events, count[  1], @[1152650.562929], took 0.000031
Thu May 15 12:54:18.265 [airport]/579 @[1152650.563510] (airportProcessCommand.m:1715) Processed events, count[  1], @[1152650.563464], took 0.000036
Thu May 15 12:54:18.265 [airport]/579 @[1152650.563802] (airportProcessCommand.m:1715) Processed events, count[  1], @[1152650.563764], took 0.000028
Thu May 15 12:54:18.266 [airport]/579 @[1152650.564253] (airportProcessCommand.m:1715) Processed events, count[  1], @[1152650.564214], took 0.000030
Thu May 15 12:54:18.266 [airport]/579 @[1152650.564806] (airportProcessCommand.m:1715) Processed events, count[  1], @[1152650.564776], took 0.000023
Thu May 15 12:54:18.267 [airport]/579 @[1152650.565048] (airportProcessCommand.m:1715) Processed events, count[  1], @[1152650.564997], took 0.000044
Thu May 15 12:54:18.267 [airport]/579 @[1152650.565840] (airportProcessCommand.m:1715) Processed events, count[  1], @[1152650.565284], took 0.000546
Thu May 15 12:54:18.268 [airport]/579 @[1152650.566012] (airportProcessCommand.m:1715) Processed events, count[  1], @[1152650.565966], took 0.000038
Thu May 15 12:54:18.268 [airport]/579 @[1152650.566102] (airportProcessCommand.m:1715) Processed events, count[  1], @[1152650.566078], took 0.000018
Thu May 15 12:54:18.268 [airport]/579 @[1152650.566262] (airportProcessCommand.m:1715) Processed events, count[  1], @[1152650.566235], took 0.000021
Thu May 15 12:54:18.268 [airport]/579 @[1152650.566487] (airportProcessCommand.m:1715) Processed events, count[  1], @[1152650.566458], took 0.000022
Thu May 15 12:54:18.268 [airport]/579 @[1152650.566846] (airportProcessCommand.m:1715) Processed events, count[  1], @[1152650.566818], took 0.000021
Thu May 15 12:54:18.269 [airport]/579 @[1152650.567063] (airportProcessCommand.m:1715) Processed events, count[  1], @[1152650.567027], took 0.000028
Thu May 15 12:57:18.224 [airport]/579 @[1152830.519204] (configdIODriverInterface.m:4687) caps = CPU Net Disk Early , connection[0x6ac0492c0] token[0x00000000] capabilties[0x00008019], description:'DarkWake:cpu disk net ', lastSleepType[0x00000007]/'Deep Idle', hibernateStateFound[1] hibernateState[0x00000000/0] hibernateMode[0x00000003/3]
Thu May 15 12:57:18.230 [airport]/579 @[1152830.524563] (configdIODriverInterface.m:4784) Acknowledging sleep event, connection[0x6ac0492c0] token[0x00000000]
Thu May 15 12:57:18.237 [airport]/579 @[1152830.531600] (airportProcessCommand.m:1715) Processed events, count[  2], @[1152830.531563], took 0.000030
Thu May 15 12:57:18.296 [airport]/579 @[1152830.591296] (airportProcessCommand.m:1715) Processed events, count[  1], @[1152830.591217], took 0.000070
Thu May 15 12:57:18.296 [airport]/579 @[1152830.591409] (airportProcessCommand.m:1715) Processed events, count[  1], @[1152830.591376], took 0.000028
Thu May 15 12:57:18.296 [airport]/579 @[1152830.591455] (airportProcessCommand.m:1715) Processed events, count[  1], @[1152830.591433], took 0.000017
Thu May 15 12:57:18.296 [airport]/579 @[1152830.591495] (airportProcessCommand.m:1715) Processed events, count[  1], @[1152830.591476], took 0.000014
Thu May 15 12:57:18.296 [airport]/579 @[1152830.591542] (airportProcessCommand.m:1715) Processed events, count[  1], @[1152830.591516], took 0.000021
Thu May 15 12:57:18.297 [airport]/579 @[1152830.591580] (airportProcessCommand.m:1715) Processed events, count[  1], @[1152830.591562], took 0.000013
Thu May 15 12:57:18.297 [airport]/579 @[1152830.592297] (airportProcessCommand.m:1715) Processed events, count[  1], @[1152830.591599], took 0.000688
Thu May 15 12:57:18.297 [airport]/579 @[1152830.592372] (airportProcessCommand.m:1715) Processed events, count[  1], @[1152830.592339], took 0.000023
Thu May 15 12:57:18.297 [airport]/579 @[1152830.592413] (airportProcessCommand.m:1715) Processed events, count[  1], @[1152830.592393], took 0.000015
Thu May 15 12:57:18.297 [airport]/579 @[1152830.592470] (airportProcessCommand.m:1715) Processed events, count[  1], @[1152830.592451], took 0.000014
Thu May 15 12:57:18.297 [airport]/579 @[1152830.592514] (airportProcessCommand.m:1715) Processed events, count[  1], @[1152830.592490], took 0.000014
Thu May 15 12:57:18.297 [airport]/579 @[1152830.592555] (airportProcessCommand.m:1715) Processed events, count[  1], @[1152830.592534], took 0.000016
Thu May 15 12:57:18.298 [airport]/579 @[1152830.592591] (airportProcessCommand.m:1715) Processed events, count[  1], @[1152830.592573], took 0.000013
Thu May 15 12:57:18.337 [airport]/579 @[1152830.632204] (configdIODriverInterface.m:4687) caps = CPU Net Disk , connection[0x6ac0492c0] token[0x00000000] capabilties[0x000000b9], description:'DarkWake:cpu disk net push ', lastSleepType[0x00000007]/'Deep Idle', hibernateStateFound[1] hibernateState[0x00000000/0] hibernateMode[0x00000003/3]
Thu May 15 12:57:18.343 [airport]/579 @[1152830.638006] (configdIODriverInterface.m:4784) Acknowledging sleep event, connection[0x6ac0492c0] token[0x00000000]
Thu May 15 12:57:18.482 [airport]/579 @[1152830.777224] (configdIODriverInterface.m:1377) driver available (reason=0xe0821803, subreason=0x0, flags=0x0), node:isDriverAvailable=0
Thu May 15 12:57:18.495 Usb Host Notification Apple80211Set: seqNum 3393 Total 0 chg 0 en0
Thu May 15 12:57:18.502 Usb Host Notification metrics: usbChange=0, count=0, noiseDelta=0
Thu May 15 12:57:18.565 Usb Host Notification Apple80211Set: seqNum 3394 Total 0 chg 0 en0
Thu May 15 12:57:18.568 Usb Host Notification metrics: usbChange=0, count=0, noiseDelta=0
Thu May 15 12:57:18.673 [airport]/579 @[1152830.967856] (airportProcessCommand.m:1715) Processed events, count[ 16], @[1152830.965747], took 0.002052
Thu May 15 12:57:23.633 [airport]/579 @[1152835.927934] (configdIODriverInterface.m:4687) caps = , connection[0x6ac0492c0] token[0x04df000d] capabilties[0x00000000], description:'Sleep:<off> ', lastSleepType[0x00000007]/'Deep Idle', hibernateStateFound[1] hibernateState[0x00000000/0] hibernateMode[0x00000003/3]
Thu May 15 12:57:23.635 [airport]/579 @[1152835.930447] (configdIODriverInterface.m:4375) <en0> Scan offloads will be ENABLED (lpas_supported=yes, softap=disabled, wow=disabled, tcpka=active, allow_unassoc_wakes=yes, allow_disconn_sleeps=yes, aj_disabled=no, scan_offload_disabled_until=(null))
Thu May 15 12:57:23.657 [airport]/579 @[1152835.952189] (configdIODriverInterface.m:4450) <en0> Successfully configured scan offloads, aj_disabled=no, PNO count[4]
Thu May 15 12:57:23.658 [airport]/579 @[1152835.952574] (configdIODriverInterface.m:3826) Acknowledging sleep event, connection[0x6ac0492c0] token[0x04df000d], gPMConnection[0x6ac0492c0]
Thu May 15 12:57:25.184 [airport]/579 @[1152837.478628] (configdIODriverInterface.m:1377) driver unavailable (reason=0xe0821804, subreason=0x0, flags=0x0), node:isDriverAvailable=1
Thu May 15 12:57:25.185 Usb Host Notification Error Apple80211Set: Device power is off seqNum 3395 Total 0 chg 0 en0
Thu May 15 12:57:25.195 [airport]/579 @[1152837.490358] (airportProcessCommand.m:1715) Processed events, count[  2], @[1152837.490261], took 0.000077
Thu May 15 12:57:25.196 [airport]/579 @[1152837.490801] (airportProcessCommand.m:1715) Processed events, count[  1], @[1152837.490753], took 0.000035
Thu May 15 12:57:25.196 [airport]/579 @[1152837.491288] (airportProcessCommand.m:1715) Processed events, count[  1], @[1152837.491217], took 0.000060
Thu May 15 12:57:25.197 [airport]/579 @[1152837.491738] (airportProcessCommand.m:1715) Processed events, count[  1], @[1152837.491680], took 0.000047
Thu May 15 12:57:25.197 [airport]/579 @[1152837.492274] (airportProcessCommand.m:1715) Processed events, count[  1], @[1152837.492235], took 0.000029
Thu May 15 12:57:25.198 [airport]/579 @[1152837.492629] (airportProcessCommand.m:1715) Processed events, count[  1], @[1152837.492585], took 0.000034
Thu May 15 12:57:25.198 [airport]/579 @[1152837.492972] (airportProcessCommand.m:1715) Processed events, count[  1], @[1152837.492877], took 0.000045
Thu May 15 12:57:25.199 [airport]/579 @[1152837.494149] (airportProcessCommand.m:1715) Processed events, count[  1], @[1152837.493265], took 0.000870
Thu May 15 12:57:25.199 [airport]/579 @[1152837.494319] (airportProcessCommand.m:1715) Processed events, count[  1], @[1152837.494269], took 0.000022
Thu May 15 12:57:25.199 [airport]/579 @[1152837.494431] (airportProcessCommand.m:1715) Processed events, count[  1], @[1152837.494405], took 0.000019
Thu May 15 12:57:25.200 [airport]/579 @[1152837.494668] (airportProcessCommand.m:1715) Processed events, count[  1], @[1152837.494626], took 0.000035
Thu May 15 12:57:25.200 [airport]/579 @[1152837.494948] (airportProcessCommand.m:1715) Processed events, count[  1], @[1152837.494918], took 0.000023
Thu May 15 12:57:25.200 [airport]/579 @[1152837.495339] (airportProcessCommand.m:1715) Processed events, count[  1], @[1152837.495299], took 0.000033
Thu May 15 12:57:25.201 [airport]/579 @[1152837.495584] (airportProcessCommand.m:1715) Processed events, count[  1], @[1152837.495555], took 0.000021
Thu May 15 12:57:55.577 [airport]/579 @[1152867.871157] (configdIODriverInterface.m:4687) caps = CPU Net Disk Early , connection[0x6ac0492c0] token[0x00000000] capabilties[0x00008019], description:'DarkWake:cpu disk net ', lastSleepType[0x00000007]/'Deep Idle', hibernateStateFound[1] hibernateState[0x00000000/0] hibernateMode[0x00000003/3]
Thu May 15 12:57:55.581 [airport]/579 @[1152867.875386] (configdIODriverInterface.m:4784) Acknowledging sleep event, connection[0x6ac0492c0] token[0x00000000]
Thu May 15 12:57:55.744 [airport]/579 @[1152868.036454] (configdIODriverInterface.m:4687) caps = CPU Net Disk , connection[0x6ac0492c0] token[0x00000000] capabilties[0x000000b9], description:'DarkWake:cpu disk net push ', lastSleepType[0x00000007]/'Deep Idle', hibernateStateFound[1] hibernateState[0x00000000/0] hibernateMode[0x00000003/3]
Thu May 15 12:57:55.746 [airport]/579 @[1152868.040799] (configdIODriverInterface.m:4784) Acknowledging sleep event, connection[0x6ac0492c0] token[0x00000000]
Thu May 15 12:57:55.846 [airport]/579 @[1152868.140087] (configdIODriverInterface.m:1377) driver available (reason=0xe0821803, subreason=0x0, flags=0x0), node:isDriverAvailable=0
Thu May 15 12:57:55.885 Usb Host Notification Apple80211Set: seqNum 3396 Total 0 chg 0 en0
Thu May 15 12:57:55.892 Usb Host Notification metrics: usbChange=0, count=0, noiseDelta=0
Thu May 15 12:57:55.925 Usb Host Notification Apple80211Set: seqNum 3397 Total 0 chg 0 en0
Thu May 15 12:57:55.929 Usb Host Notification metrics: usbChange=0, count=0, noiseDelta=0
Thu May 15 12:57:56.030 [airport]/579 @[1152868.324678] (airportProcessCommand.m:1715) Processed events, count[ 16], @[1152868.323728], took 0.000940
Thu May 15 12:57:58.503 [airport]/579 @[1152870.796917] (airportProcessCommand.m:1715) Processed events, count[  2], @[1152870.796840], took 0.000066
Thu May 15 12:57:58.503 [airport]/579 @[1152870.797376] (airportProcessCommand.m:1715) Processed events, count[  1], @[1152870.797335], took 0.000031
Thu May 15 12:57:58.503 [airport]/579 @[1152870.797716] (airportProcessCommand.m:1715) Processed events, count[  1], @[1152870.797643], took 0.000055
Thu May 15 12:57:58.504 [airport]/579 @[1152870.798046] (airportProcessCommand.m:1715) Processed events, count[  1], @[1152870.798004], took 0.000034
Thu May 15 12:57:58.504 [airport]/579 @[1152870.798306] (airportProcessCommand.m:1715) Processed events, count[  1], @[1152870.798279], took 0.000021
Thu May 15 12:57:58.504 [airport]/579 @[1152870.798548] (airportProcessCommand.m:1715) Processed events, count[  1], @[1152870.798521], took 0.000020
Thu May 15 12:57:58.505 [airport]/579 @[1152870.798819] (airportProcessCommand.m:1715) Processed events, count[  1], @[1152870.798773], took 0.000040
Thu May 15 12:57:58.505 [airport]/579 @[1152870.799037] (airportProcessCommand.m:1715) Processed events, count[  1], @[1152870.799011], took 0.000020
Thu May 15 12:57:58.506 [airport]/579 @[1152870.800042] (airportProcessCommand.m:1715) Processed events, count[  1], @[1152870.799247], took 0.000786
Thu May 15 12:57:58.506 [airport]/579 @[1152870.800208] (airportProcessCommand.m:1715) Processed events, count[  1], @[1152870.800136], took 0.000064
Thu May 15 12:57:58.506 [airport]/579 @[1152870.800319] (airportProcessCommand.m:1715) Processed events, count[  1], @[1152870.800293], took 0.000019
Thu May 15 12:57:58.506 [airport]/579 @[1152870.800409] (airportProcessCommand.m:1715) Processed events, count[  1], @[1152870.800385], took 0.000017
Thu May 15 12:57:58.506 [airport]/579 @[1152870.800489] (airportProcessCommand.m:1715) Processed events, count[  1], @[1152870.800466], took 0.000016
Thu May 15 12:57:58.506 [airport]/579 @[1152870.800775] (airportProcessCommand.m:1715) Processed events, count[  1], @[1152870.800703], took 0.000037
Thu May 15 12:57:58.507 [airport]/579 @[1152870.800995] (airportProcessCommand.m:1715) Processed events, count[  1], @[1152870.800969], took 0.000020
Thu May 15 12:58:00.477 [airport]/579 @[1152872.771456] (airportdMain.m:1730) Health check alive, checkin@[1152872.771410], count[3897] 
Thu May 15 12:58:00.964 [airport]/579 @[1152873.258300] (configdIODriverInterface.m:4687) caps = , connection[0x6ac0492c0] token[0x04e0000d] capabilties[0x00000000], description:'Sleep:<off> ', lastSleepType[0x00000007]/'Deep Idle', hibernateStateFound[1] hibernateState[0x00000000/0] hibernateMode[0x00000003/3]
Thu May 15 12:58:00.966 [airport]/579 @[1152873.260710] (configdIODriverInterface.m:4375) <en0> Scan offloads will be ENABLED (lpas_supported=yes, softap=disabled, wow=disabled, tcpka=active, allow_unassoc_wakes=yes, allow_disconn_sleeps=yes, aj_disabled=no, scan_offload_disabled_until=(null))
Thu May 15 12:58:00.990 [airport]/579 @[1152873.284558] (configdIODriverInterface.m:4450) <en0> Successfully configured scan offloads, aj_disabled=no, PNO count[4]
Thu May 15 12:58:00.991 [airport]/579 @[1152873.285018] (configdIODriverInterface.m:3826) Acknowledging sleep event, connection[0x6ac0492c0] token[0x04e0000d], gPMConnection[0x6ac0492c0]
Thu May 15 12:58:00.995 [airport]/579 @[1152873.289392] (airportProcessCommand.m:1715) Processed events, count[ 16], @[1152873.288393], took 0.000980
Thu May 15 12:58:02.523 [airport]/579 @[1152874.817617] (configdIODriverInterface.m:1377) driver unavailable (reason=0xe0821804, subreason=0x0, flags=0x0), node:isDriverAvailable=1
Thu May 15 12:58:02.526 Usb Host Notification Error Apple80211Set: Device power is off seqNum 3398 Total 0 chg 0 en0
Thu May 15 12:58:02.534 [airport]/579 @[1152874.828176] (airportProcessCommand.m:1715) Processed events, count[  2], @[1152874.828132], took 0.000034
Thu May 15 12:58:02.534 [airport]/579 @[1152874.828524] (airportProcessCommand.m:1715) Processed events, count[  1], @[1152874.828494], took 0.000024
Thu May 15 12:58:02.535 [airport]/579 @[1152874.828838] (airportProcessCommand.m:1715) Processed events, count[  1], @[1152874.828809], took 0.000024
Thu May 15 12:58:02.535 [airport]/579 @[1152874.829332] (airportProcessCommand.m:1715) Processed events, count[  1], @[1152874.829310], took 0.000017
Thu May 15 12:58:02.535 [airport]/579 @[1152874.829662] (airportProcessCommand.m:1715) Processed events, count[  2], @[1152874.829625], took 0.000032
Thu May 15 12:58:02.536 [airport]/579 @[1152874.830071] (airportProcessCommand.m:1715) Processed events, count[  1], @[1152874.830016], took 0.000045
Thu May 15 12:58:02.538 [airport]/579 @[1152874.831837] (airportProcessCommand.m:1715) Processed events, count[  1], @[1152874.830437], took 0.001388
Thu May 15 12:58:02.538 [airport]/579 @[1152874.832031] (airportProcessCommand.m:1715) Processed events, count[  1], @[1152874.831981], took 0.000040
Thu May 15 12:58:02.538 [airport]/579 @[1152874.832179] (airportProcessCommand.m:1715) Processed events, count[  1], @[1152874.832131], took 0.000038
Thu May 15 12:58:02.538 [airport]/579 @[1152874.832315] (airportProcessCommand.m:1715) Processed events, count[  1], @[1152874.832283], took 0.000024
Thu May 15 12:58:02.538 [airport]/579 @[1152874.832591] (airportProcessCommand.m:1715) Processed events, count[  1], @[1152874.832515], took 0.000066
Thu May 15 12:58:02.539 [airport]/579 @[1152874.832972] (airportProcessCommand.m:1715) Processed events, count[  1], @[1152874.832930], took 0.000033
Thu May 15 12:58:02.539 [airport]/579 @[1152874.833683] (airportProcessCommand.m:1715) Processed events, count[  1], @[1152874.833645], took 0.000029
Thu May 15 13:15:27.258 [airport]/579 @[1153919.533182] (configdIODriverInterface.m:4687) caps = CPU Net Disk Early , connection[0x6ac0492c0] token[0x00000000] capabilties[0x00008019], description:'DarkWake:cpu disk net ', lastSleepType[0x00000007]/'Deep Idle', hibernateStateFound[1] hibernateState[0x00000000/0] hibernateMode[0x00000003/3]
Thu May 15 13:15:27.262 [airport]/579 @[1153919.537010] (configdIODriverInterface.m:4784) Acknowledging sleep event, connection[0x6ac0492c0] token[0x00000000]
Thu May 15 13:15:27.268 [airport]/579 @[1153919.542476] (airportProcessCommand.m:1715) Processed events, count[  2], @[1153919.542440], took 0.000030
Thu May 15 13:15:27.268 [airport]/579 @[1153919.542590] (airportProcessCommand.m:1715) Processed events, count[  1], @[1153919.542571], took 0.000014
Thu May 15 13:15:27.268 [airport]/579 @[1153919.542987] (airportProcessCommand.m:1715) Processed events, count[  1], @[1153919.542867], took 0.000115
Thu May 15 13:15:27.269 [airport]/579 @[1153919.543270] (airportProcessCommand.m:1715) Processed events, count[  1], @[1153919.543249], took 0.000016
Thu May 15 13:15:27.269 [airport]/579 @[1153919.543578] (airportProcessCommand.m:1715) Processed events, count[  2], @[1153919.543543], took 0.000028
Thu May 15 13:15:27.270 [airport]/579 @[1153919.544434] (airportProcessCommand.m:1715) Processed events, count[  2], @[1153919.543876], took 0.000551
Thu May 15 13:15:27.270 [airport]/579 @[1153919.544561] (airportProcessCommand.m:1715) Processed events, count[  2], @[1153919.544533], took 0.000023
Thu May 15 13:15:27.270 [airport]/579 @[1153919.544631] (airportProcessCommand.m:1715) Processed events, count[  1], @[1153919.544593], took 0.000031
Thu May 15 13:15:27.270 [airport]/579 @[1153919.544685] (airportProcessCommand.m:1715) Processed events, count[  1], @[1153919.544657], took 0.000022
Thu May 15 13:15:27.270 [airport]/579 @[1153919.544816] (airportProcessCommand.m:1715) Processed events, count[  1], @[1153919.544797], took 0.000014
Thu May 15 13:15:27.270 [airport]/579 @[1153919.545040] (airportProcessCommand.m:1715) Processed events, count[  1], @[1153919.545015], took 0.000020
Thu May 15 13:15:27.367 [airport]/579 @[1153919.641348] (configdIODriverInterface.m:4687) caps = CPU Net Disk , connection[0x6ac0492c0] token[0x00000000] capabilties[0x000000b9], description:'DarkWake:cpu disk net push ', lastSleepType[0x00000007]/'Deep Idle', hibernateStateFound[1] hibernateState[0x00000000/0] hibernateMode[0x00000003/3]
Thu May 15 13:15:27.371 [airport]/579 @[1153919.646051] (configdIODriverInterface.m:4784) Acknowledging sleep event, connection[0x6ac0492c0] token[0x00000000]
Thu May 15 13:15:27.580 [airport]/579 @[1153919.854935] (configdIODriverInterface.m:1377) driver available (reason=0xe0821803, subreason=0x0, flags=0x0), node:isDriverAvailable=0
Thu May 15 13:15:27.595 Usb Host Notification Apple80211Set: seqNum 3399 Total 0 chg 0 en0
Thu May 15 13:15:27.597 Usb Host Notification metrics: usbChange=0, count=0, noiseDelta=0
Thu May 15 13:15:27.722 Usb Host Notification Apple80211Set: seqNum 3400 Total 0 chg 0 en0
Thu May 15 13:15:27.726 Usb Host Notification metrics: usbChange=0, count=0, noiseDelta=0
Thu May 15 13:15:27.783 [airport]/579 @[1153920.058016] (airportProcessCommand.m:1715) Processed events, count[ 16], @[1153920.055448], took 0.002549
Thu May 15 13:15:29.384 [airport]/579 @[1153921.658528] (configdIODriverInterface.m:4687) caps = , connection[0x6ac0492c0] token[0x04e1000d] capabilties[0x00000000], description:'Sleep:<off> ', lastSleepType[0x00000007]/'Deep Idle', hibernateStateFound[1] hibernateState[0x00000000/0] hibernateMode[0x00000003/3]
Thu May 15 13:15:29.386 [airport]/579 @[1153921.660181] (configdIODriverInterface.m:4375) <en0> Scan offloads will be ENABLED (lpas_supported=yes, softap=disabled, wow=disabled, tcpka=active, allow_unassoc_wakes=yes, allow_disconn_sleeps=yes, aj_disabled=no, scan_offload_disabled_until=(null))
Thu May 15 13:15:29.410 [airport]/579 @[1153921.684755] (configdIODriverInterface.m:4450) <en0> Successfully configured scan offloads, aj_disabled=no, PNO count[4]
Thu May 15 13:15:29.411 [airport]/579 @[1153921.685322] (configdIODriverInterface.m:3826) Acknowledging sleep event, connection[0x6ac0492c0] token[0x04e1000d], gPMConnection[0x6ac0492c0]
Thu May 15 13:15:32.292 [airport]/579 @[1153924.567044] (configdIODriverInterface.m:1377) driver unavailable (reason=0xe0821804, subreason=0x0, flags=0x0), node:isDriverAvailable=1
Thu May 15 13:15:32.294 Usb Host Notification Error Apple80211Set: Device power is off seqNum 3401 Total 0 chg 0 en0
Thu May 15 13:15:32.302 [airport]/579 @[1153924.576378] (airportProcessCommand.m:1715) Processed events, count[  2], @[1153924.576279], took 0.000082
Thu May 15 13:15:32.303 [airport]/579 @[1153924.577231] (airportProcessCommand.m:1715) Processed events, count[  1], @[1153924.577153], took 0.000063
Thu May 15 13:15:32.303 [airport]/579 @[1153924.577959] (airportProcessCommand.m:1715) Processed events, count[  1], @[1153924.577898], took 0.000047
Thu May 15 13:15:32.304 [airport]/579 @[1153924.578387] (airportProcessCommand.m:1715) Processed events, count[  1], @[1153924.578325], took 0.000047
Thu May 15 13:15:32.304 [airport]/579 @[1153924.578888] (airportProcessCommand.m:1715) Processed events, count[  1], @[1153924.578804], took 0.000069
Thu May 15 13:15:32.305 [airport]/579 @[1153924.579426] (airportProcessCommand.m:1715) Processed events, count[  1], @[1153924.579346], took 0.000066
Thu May 15 13:15:32.305 [airport]/579 @[1153924.579841] (airportProcessCommand.m:1715) Processed events, count[  1], @[1153924.579801], took 0.000029
Thu May 15 13:15:32.307 [airport]/579 @[1153924.581193] (airportProcessCommand.m:1715) Processed events, count[  1], @[1153924.580105], took 0.001075
Thu May 15 13:15:32.307 [airport]/579 @[1153924.581363] (airportProcessCommand.m:1715) Processed events, count[  1], @[1153924.581312], took 0.000041
Thu May 15 13:15:32.307 [airport]/579 @[1153924.581490] (airportProcessCommand.m:1715) Processed events, count[  1], @[1153924.581444], took 0.000030
Thu May 15 13:15:32.307 [airport]/579 @[1153924.581631] (airportProcessCommand.m:1715) Processed events, count[  1], @[1153924.581595], took 0.000026
Thu May 15 13:15:32.307 [airport]/579 @[1153924.581762] (airportProcessCommand.m:1715) Processed events, count[  1], @[1153924.581727], took 0.000025
Thu May 15 13:15:32.308 [airport]/579 @[1153924.582185] (airportProcessCommand.m:1715) Processed events, count[  1], @[1153924.582145], took 0.000031
Thu May 15 13:15:32.308 [airport]/579 @[1153924.582474] (airportProcessCommand.m:1715) Processed events, count[  1], @[1153924.582419], took 0.000044
Thu May 15 13:32:54.261 [airport]/579 @[1154966.516039] (configdIODriverInterface.m:4687) caps = CPU Net Disk Early , connection[0x6ac0492c0] token[0x00000000] capabilties[0x00008019], description:'DarkWake:cpu disk net ', lastSleepType[0x00000007]/'Deep Idle', hibernateStateFound[1] hibernateState[0x00000000/0] hibernateMode[0x00000003/3]
Thu May 15 13:32:54.275 [airport]/579 @[1154966.530178] (configdIODriverInterface.m:4784) Acknowledging sleep event, connection[0x6ac0492c0] token[0x00000000]
Thu May 15 13:32:54.395 [airport]/579 @[1154966.650508] (configdIODriverInterface.m:4687) caps = CPU Net Disk , connection[0x6ac0492c0] token[0x00000000] capabilties[0x000000b9], description:'DarkWake:cpu disk net push ', lastSleepType[0x00000007]/'Deep Idle', hibernateStateFound[1] hibernateState[0x00000000/0] hibernateMode[0x00000003/3]
Thu May 15 13:32:54.413 [airport]/579 @[1154966.667750] (configdIODriverInterface.m:4784) Acknowledging sleep event, connection[0x6ac0492c0] token[0x00000000]
Thu May 15 13:32:54.522 [airport]/579 @[1154966.776888] (configdIODriverInterface.m:1377) driver available (reason=0xe0821803, subreason=0x0, flags=0x0), node:isDriverAvailable=0
Thu May 15 13:32:54.536 Usb Host Notification Apple80211Set: seqNum 3402 Total 0 chg 0 en0
Thu May 15 13:32:54.542 Usb Host Notification metrics: usbChange=0, count=0, noiseDelta=0
Thu May 15 13:32:54.608 Usb Host Notification Apple80211Set: seqNum 3403 Total 0 chg 0 en0
Thu May 15 13:32:54.609 Usb Host Notification metrics: usbChange=0, count=0, noiseDelta=0
Thu May 15 13:32:54.676 [airport]/579 @[1154966.930874] (airportProcessCommand.m:1715) Processed events, count[ 16], @[1154966.929054], took 0.001800
Thu May 15 13:32:56.418 [airport]/579 @[1154968.673110] (configdIODriverInterface.m:4687) caps = , connection[0x6ac0492c0] token[0x04e2000d] capabilties[0x00000000], description:'Sleep:<off> ', lastSleepType[0x00000007]/'Deep Idle', hibernateStateFound[1] hibernateState[0x00000000/0] hibernateMode[0x00000003/3]
Thu May 15 13:32:56.420 [airport]/579 @[1154968.674982] (configdIODriverInterface.m:4375) <en0> Scan offloads will be ENABLED (lpas_supported=yes, softap=disabled, wow=disabled, tcpka=active, allow_unassoc_wakes=yes, allow_disconn_sleeps=yes, aj_disabled=no, scan_offload_disabled_until=(null))
Thu May 15 13:32:56.444 [airport]/579 @[1154968.699240] (configdIODriverInterface.m:4450) <en0> Successfully configured scan offloads, aj_disabled=no, PNO count[4]
Thu May 15 13:32:56.445 [airport]/579 @[1154968.699746] (configdIODriverInterface.m:3826) Acknowledging sleep event, connection[0x6ac0492c0] token[0x04e2000d], gPMConnection[0x6ac0492c0]
Thu May 15 13:32:59.108 [airport]/579 @[1154971.362827] (airportProcessCommand.m:1715) Processed events, count[  2], @[1154971.362754], took 0.000061
Thu May 15 13:32:59.108 [airport]/579 @[1154971.363272] (airportProcessCommand.m:1715) Processed events, count[  1], @[1154971.363232], took 0.000030
Thu May 15 13:32:59.109 [airport]/579 @[1154971.363622] (airportProcessCommand.m:1715) Processed events, count[  1], @[1154971.363566], took 0.000045
Thu May 15 13:32:59.109 [airport]/579 @[1154971.363907] (airportProcessCommand.m:1715) Processed events, count[  1], @[1154971.363869], took 0.000028
Thu May 15 13:32:59.109 [airport]/579 @[1154971.364212] (airportProcessCommand.m:1715) Processed events, count[  1], @[1154971.364177], took 0.000026
Thu May 15 13:32:59.109 [airport]/579 @[1154971.364509] (airportProcessCommand.m:1715) Processed events, count[  1], @[1154971.364475], took 0.000025
Thu May 15 13:32:59.110 [airport]/579 @[1154971.364870] (airportProcessCommand.m:1715) Processed events, count[  1], @[1154971.364831], took 0.000030
Thu May 15 13:32:59.110 [airport]/579 @[1154971.365150] (airportProcessCommand.m:1715) Processed events, count[  1], @[1154971.365115], took 0.000027
Thu May 15 13:32:59.112 [airport]/579 @[1154971.366701] (airportProcessCommand.m:1715) Processed events, count[  1], @[1154971.365409], took 0.001279
Thu May 15 13:32:59.112 [airport]/579 @[1154971.366933] (airportProcessCommand.m:1715) Processed events, count[  1], @[1154971.366879], took 0.000044
Thu May 15 13:32:59.112 [airport]/579 @[1154971.367099] (airportProcessCommand.m:1715) Processed events, count[  1], @[1154971.367061], took 0.000029
Thu May 15 13:32:59.112 [airport]/579 @[1154971.367216] (airportProcessCommand.m:1715) Processed events, count[  1], @[1154971.367184], took 0.000024
Thu May 15 13:32:59.112 [airport]/579 @[1154971.367321] (airportProcessCommand.m:1715) Processed events, count[  1], @[1154971.367288], took 0.000024
Thu May 15 13:32:59.112 [airport]/579 @[1154971.367570] (airportProcessCommand.m:1715) Processed events, count[  1], @[1154971.367523], took 0.000036
Thu May 15 13:32:59.113 [airport]/579 @[1154971.367871] (airportProcessCommand.m:1715) Processed events, count[  1], @[1154971.367834], took 0.000029
Thu May 15 13:32:59.296 [airport]/579 @[1154971.551416] (configdIODriverInterface.m:1377) driver unavailable (reason=0xe0821804, subreason=0x0, flags=0x0), node:isDriverAvailable=1
Thu May 15 13:32:59.298 Usb Host Notification Error Apple80211Set: Device power is off seqNum 3404 Total 0 chg 0 en0
Thu May 15 13:32:59.305 [airport]/579 @[1154971.559638] (airportProcessCommand.m:1715) Processed events, count[  2], @[1154971.559591], took 0.000039
Thu May 15 13:32:59.305 [airport]/579 @[1154971.560239] (airportProcessCommand.m:1715) Processed events, count[  1], @[1154971.560203], took 0.000030
Thu May 15 13:32:59.305 [airport]/579 @[1154971.560586] (airportProcessCommand.m:1715) Processed events, count[  1], @[1154971.560559], took 0.000020
Thu May 15 13:32:59.306 [airport]/579 @[1154971.560778] (airportProcessCommand.m:1715) Processed events, count[  1], @[1154971.560756], took 0.000016
Thu May 15 13:32:59.306 [airport]/579 @[1154971.561172] (airportProcessCommand.m:1715) Processed events, count[  1], @[1154971.561144], took 0.000023
Thu May 15 13:32:59.306 [airport]/579 @[1154971.561334] (airportProcessCommand.m:1715) Processed events, count[  1], @[1154971.561314], took 0.000014
Thu May 15 13:32:59.307 [airport]/579 @[1154971.561591] (airportProcessCommand.m:1715) Processed events, count[  1], @[1154971.561572], took 0.000014
Thu May 15 13:32:59.307 [airport]/579 @[1154971.562346] (airportProcessCommand.m:1715) Processed events, count[  1], @[1154971.561816], took 0.000523
Thu May 15 13:32:59.307 [airport]/579 @[1154971.562447] (airportProcessCommand.m:1715) Processed events, count[  1], @[1154971.562428], took 0.000014
Thu May 15 13:32:59.307 [airport]/579 @[1154971.562518] (airportProcessCommand.m:1715) Processed events, count[  1], @[1154971.562493], took 0.000013
Thu May 15 13:32:59.307 [airport]/579 @[1154971.562586] (airportProcessCommand.m:1715) Processed events, count[  1], @[1154971.562568], took 0.000012
Thu May 15 13:32:59.308 [airport]/579 @[1154971.562647] (airportProcessCommand.m:1715) Processed events, count[  1], @[1154971.562630], took 0.000012
Thu May 15 13:32:59.308 [airport]/579 @[1154971.563314] (airportProcessCommand.m:1715) Processed events, count[  1], @[1154971.563264], took 0.000040
Thu May 15 13:32:59.308 [airport]/579 @[1154971.563544] (airportProcessCommand.m:1715) Processed events, count[  1], @[1154971.563503], took 0.000032
Thu May 15 13:50:03.287 [airport]/579 @[1155995.523362] (configdIODriverInterface.m:4687) caps = CPU Net Disk Early , connection[0x6ac0492c0] token[0x00000000] capabilties[0x00008019], description:'DarkWake:cpu disk net ', lastSleepType[0x00000007]/'Deep Idle', hibernateStateFound[1] hibernateState[0x00000000/0] hibernateMode[0x00000003/3]
Thu May 15 13:50:03.290 [airport]/579 @[1155995.525605] (configdIODriverInterface.m:4784) Acknowledging sleep event, connection[0x6ac0492c0] token[0x00000000]
Thu May 15 13:50:03.296 [airport]/579 @[1155995.532268] (airportProcessCommand.m:1715) Processed events, count[  2], @[1155995.532105], took 0.000038
Thu May 15 13:50:03.297 [airport]/579 @[1155995.532626] (airportProcessCommand.m:1715) Processed events, count[  1], @[1155995.532605], took 0.000015
Thu May 15 13:50:03.297 [airport]/579 @[1155995.533155] (airportProcessCommand.m:1715) Processed events, count[  1], @[1155995.533107], took 0.000042
Thu May 15 13:50:03.298 [airport]/579 @[1155995.533608] (airportProcessCommand.m:1715) Processed events, count[  1], @[1155995.533578], took 0.000019
Thu May 15 13:50:03.298 [airport]/579 @[1155995.533915] (airportProcessCommand.m:1715) Processed events, count[  1], @[1155995.533893], took 0.000017
Thu May 15 13:50:03.298 [airport]/579 @[1155995.534281] (airportProcessCommand.m:1715) Processed events, count[  1], @[1155995.534252], took 0.000023
Thu May 15 13:50:03.299 [airport]/579 @[1155995.534624] (airportProcessCommand.m:1715) Processed events, count[  1], @[1155995.534479], took 0.000139
Thu May 15 13:50:03.300 [airport]/579 @[1155995.536015] (airportProcessCommand.m:1715) Processed events, count[  1], @[1155995.534930], took 0.001077
Thu May 15 13:50:03.300 [airport]/579 @[1155995.536119] (airportProcessCommand.m:1715) Processed events, count[  1], @[1155995.536090], took 0.000024
Thu May 15 13:50:03.300 [airport]/579 @[1155995.536164] (airportProcessCommand.m:1715) Processed events, count[  1], @[1155995.536145], took 0.000014
Thu May 15 13:50:03.300 [airport]/579 @[1155995.536201] (airportProcessCommand.m:1715) Processed events, count[  1], @[1155995.536184], took 0.000012
Thu May 15 13:50:03.301 [airport]/579 @[1155995.536502] (airportProcessCommand.m:1715) Processed events, count[  1], @[1155995.536481], took 0.000015
Thu May 15 13:50:03.301 [airport]/579 @[1155995.536766] (airportProcessCommand.m:1715) Processed events, count[  1], @[1155995.536746], took 0.000014
Thu May 15 13:50:03.301 [airport]/579 @[1155995.536961] (airportProcessCommand.m:1715) Processed events, count[  1], @[1155995.536938], took 0.000017
Thu May 15 13:50:03.403 [airport]/579 @[1155995.638658] (configdIODriverInterface.m:4687) caps = CPU Net Disk , connection[0x6ac0492c0] token[0x00000000] capabilties[0x000000b9], description:'DarkWake:cpu disk net push ', lastSleepType[0x00000007]/'Deep Idle', hibernateStateFound[1] hibernateState[0x00000000/0] hibernateMode[0x00000003/3]
Thu May 15 13:50:03.410 [airport]/579 @[1155995.645737] (configdIODriverInterface.m:4784) Acknowledging sleep event, connection[0x6ac0492c0] token[0x00000000]
Thu May 15 13:50:03.587 [airport]/579 @[1155995.823155] (configdIODriverInterface.m:1377) driver available (reason=0xe0821803, subreason=0x0, flags=0x0), node:isDriverAvailable=0
Thu May 15 13:50:03.606 Usb Host Notification Apple80211Set: seqNum 3405 Total 0 chg 0 en0
Thu May 15 13:50:03.613 Usb Host Notification metrics: usbChange=0, count=0, noiseDelta=0
Thu May 15 13:50:03.656 Usb Host Notification Apple80211Set: seqNum 3406 Total 0 chg 0 en0
Thu May 15 13:50:03.660 Usb Host Notification metrics: usbChange=0, count=0, noiseDelta=0
Thu May 15 13:50:03.721 [airport]/579 @[1155995.956900] (airportProcessCommand.m:1715) Processed events, count[ 16], @[1155995.956027], took 0.000862
Thu May 15 13:50:05.419 [airport]/579 @[1155997.655346] (configdIODriverInterface.m:4687) caps = , connection[0x6ac0492c0] token[0x04e3000d] capabilties[0x00000000], description:'Sleep:<off> ', lastSleepType[0x00000007]/'Deep Idle', hibernateStateFound[1] hibernateState[0x00000000/0] hibernateMode[0x00000003/3]
Thu May 15 13:50:05.422 [airport]/579 @[1155997.658021] (configdIODriverInterface.m:4375) <en0> Scan offloads will be ENABLED (lpas_supported=yes, softap=disabled, wow=disabled, tcpka=active, allow_unassoc_wakes=yes, allow_disconn_sleeps=yes, aj_disabled=no, scan_offload_disabled_until=(null))
Thu May 15 13:50:05.450 [airport]/579 @[1155997.685794] (configdIODriverInterface.m:4450) <en0> Successfully configured scan offloads, aj_disabled=no, PNO count[4]
Thu May 15 13:50:05.450 [airport]/579 @[1155997.686382] (configdIODriverInterface.m:3826) Acknowledging sleep event, connection[0x6ac0492c0] token[0x04e3000d], gPMConnection[0x6ac0492c0]
Thu May 15 13:50:08.318 [airport]/579 @[1156000.553408] (configdIODriverInterface.m:1377) driver unavailable (reason=0xe0821804, subreason=0x0, flags=0x0), node:isDriverAvailable=1
Thu May 15 13:50:08.319 Usb Host Notification Error Apple80211Set: Device power is off seqNum 3407 Total 0 chg 0 en0
Thu May 15 13:50:08.326 [airport]/579 @[1156000.562312] (airportProcessCommand.m:1715) Processed events, count[  2], @[1156000.562276], took 0.000029
Thu May 15 13:50:08.327 [airport]/579 @[1156000.562655] (airportProcessCommand.m:1715) Processed events, count[  1], @[1156000.562633], took 0.000017
Thu May 15 13:50:08.327 [airport]/579 @[1156000.562790] (airportProcessCommand.m:1715) Processed events, count[  1], @[1156000.562768], took 0.000017
Thu May 15 13:50:08.327 [airport]/579 @[1156000.562948] (airportProcessCommand.m:1715) Processed events, count[  1], @[1156000.562929], took 0.000014
Thu May 15 13:50:08.327 [airport]/579 @[1156000.563084] (airportProcessCommand.m:1715) Processed events, count[  1], @[1156000.563063], took 0.000015
Thu May 15 13:50:08.327 [airport]/579 @[1156000.563333] (airportProcessCommand.m:1715) Processed events, count[  1], @[1156000.563299], took 0.000026
Thu May 15 13:50:08.328 [airport]/579 @[1156000.563571] (airportProcessCommand.m:1715) Processed events, count[  1], @[1156000.563525], took 0.000035
Thu May 15 13:50:08.329 [airport]/579 @[1156000.564458] (airportProcessCommand.m:1715) Processed events, count[  1], @[1156000.563843], took 0.000603
Thu May 15 13:50:08.329 [airport]/579 @[1156000.564595] (airportProcessCommand.m:1715) Processed events, count[  1], @[1156000.564560], took 0.000026
Thu May 15 13:50:08.329 [airport]/579 @[1156000.564686] (airportProcessCommand.m:1715) Processed events, count[  1], @[1156000.564637], took 0.000040
Thu May 15 13:50:08.329 [airport]/579 @[1156000.564816] (airportProcessCommand.m:1715) Processed events, count[  1], @[1156000.564782], took 0.000025
Thu May 15 13:50:08.329 [airport]/579 @[1156000.565202] (airportProcessCommand.m:1715) Processed events, count[  1], @[1156000.565164], took 0.000028
Thu May 15 13:50:08.330 [airport]/579 @[1156000.565537] (airportProcessCommand.m:1715) Processed events, count[  1], @[1156000.565495], took 0.000032
Thu May 15 13:50:08.330 [airport]/579 @[1156000.565766] (airportProcessCommand.m:1715) Processed events, count[  1], @[1156000.565720], took 0.000027
Thu May 15 13:58:19.289 [airport]/579 @[1156491.515424] (configdIODriverInterface.m:4687) caps = CPU Net Disk Early , connection[0x6ac0492c0] token[0x00000000] capabilties[0x00008019], description:'DarkWake:cpu disk net ', lastSleepType[0x00000007]/'Deep Idle', hibernateStateFound[1] hibernateState[0x00000000/0] hibernateMode[0x00000003/3]
Thu May 15 13:58:19.299 [airport]/579 @[1156491.525279] (configdIODriverInterface.m:4784) Acknowledging sleep event, connection[0x6ac0492c0] token[0x00000000]
Thu May 15 13:58:19.404 [airport]/579 @[1156491.630166] (configdIODriverInterface.m:4687) caps = CPU Net Disk , connection[0x6ac0492c0] token[0x00000000] capabilties[0x000000b9], description:'DarkWake:cpu disk net push ', lastSleepType[0x00000007]/'Deep Idle', hibernateStateFound[1] hibernateState[0x00000000/0] hibernateMode[0x00000003/3]
Thu May 15 13:58:19.412 [airport]/579 @[1156491.638603] (configdIODriverInterface.m:4784) Acknowledging sleep event, connection[0x6ac0492c0] token[0x00000000]
Thu May 15 13:58:19.549 [airport]/579 @[1156491.775746] (configdIODriverInterface.m:1377) driver available (reason=0xe0821803, subreason=0x0, flags=0x0), node:isDriverAvailable=0
Thu May 15 13:58:19.562 Usb Host Notification Apple80211Set: seqNum 3408 Total 0 chg 0 en0
Thu May 15 13:58:19.569 Usb Host Notification metrics: usbChange=0, count=0, noiseDelta=0
Thu May 15 13:58:19.607 Usb Host Notification Apple80211Set: seqNum 3409 Total 0 chg 0 en0
Thu May 15 13:58:19.613 Usb Host Notification metrics: usbChange=0, count=0, noiseDelta=0
Thu May 15 13:58:19.671 [airport]/579 @[1156491.897333] (airportProcessCommand.m:1715) Processed events, count[ 16], @[1156491.896641], took 0.000684
Thu May 15 13:58:24.167 [airport]/579 @[1156496.393948] (airportProcessCommand.m:1715) Processed events, count[  1], @[1156496.393835], took 0.000096
Thu May 15 13:58:24.168 [airport]/579 @[1156496.394611] (airportProcessCommand.m:1715) Processed events, count[  1], @[1156496.394576], took 0.000026
Thu May 15 13:58:24.168 [airport]/579 @[1156496.394984] (airportProcessCommand.m:1715) Processed events, count[  2], @[1156496.394933], took 0.000044
Thu May 15 13:58:24.169 [airport]/579 @[1156496.395295] (airportProcessCommand.m:1715) Processed events, count[  1], @[1156496.395242], took 0.000024
Thu May 15 13:58:24.169 [airport]/579 @[1156496.395542] (airportProcessCommand.m:1715) Processed events, count[  1], @[1156496.395514], took 0.000022
Thu May 15 13:58:24.169 [airport]/579 @[1156496.395790] (airportProcessCommand.m:1715) Processed events, count[  1], @[1156496.395764], took 0.000020
Thu May 15 13:58:24.169 [airport]/579 @[1156496.396037] (airportProcessCommand.m:1715) Processed events, count[  1], @[1156496.396010], took 0.000020
Thu May 15 13:58:24.170 [airport]/579 @[1156496.396303] (airportProcessCommand.m:1715) Processed events, count[  1], @[1156496.396258], took 0.000037
Thu May 15 13:58:24.171 [airport]/579 @[1156496.397231] (airportProcessCommand.m:1715) Processed events, count[  1], @[1156496.396482], took 0.000740
Thu May 15 13:58:24.171 [airport]/579 @[1156496.397351] (airportProcessCommand.m:1715) Processed events, count[  1], @[1156496.397326], took 0.000018
Thu May 15 13:58:24.171 [airport]/579 @[1156496.397460] (airportProcessCommand.m:1715) Processed events, count[  1], @[1156496.397415], took 0.000037
Thu May 15 13:58:24.171 [airport]/579 @[1156496.397551] (airportProcessCommand.m:1715) Processed events, count[  1], @[1156496.397528], took 0.000017
Thu May 15 13:58:24.171 [airport]/579 @[1156496.397633] (airportProcessCommand.m:1715) Processed events, count[  1], @[1156496.397610], took 0.000017
Thu May 15 13:58:24.171 [airport]/579 @[1156496.397831] (airportProcessCommand.m:1715) Processed events, count[  1], @[1156496.397799], took 0.000024
Thu May 15 13:58:24.172 [airport]/579 @[1156496.398208] (airportProcessCommand.m:1715) Processed events, count[  1], @[1156496.398160], took 0.000040
Thu May 15 13:58:24.649 [airport]/579 @[1156496.875251] (configdIODriverInterface.m:4687) caps = , connection[0x6ac0492c0] token[0x04e4000d] capabilties[0x00000000], description:'Sleep:<off> ', lastSleepType[0x00000007]/'Deep Idle', hibernateStateFound[1] hibernateState[0x00000000/0] hibernateMode[0x00000003/3]
Thu May 15 13:58:24.666 [airport]/579 @[1156496.892946] (configdIODriverInterface.m:4375) <en0> Scan offloads will be ENABLED (lpas_supported=yes, softap=disabled, wow=disabled, tcpka=active, allow_unassoc_wakes=yes, allow_disconn_sleeps=yes, aj_disabled=no, scan_offload_disabled_until=(null))
Thu May 15 13:58:24.692 [airport]/579 @[1156496.918755] (configdIODriverInterface.m:4450) <en0> Successfully configured scan offloads, aj_disabled=no, PNO count[4]
Thu May 15 13:58:24.693 [airport]/579 @[1156496.919239] (configdIODriverInterface.m:3826) Acknowledging sleep event, connection[0x6ac0492c0] token[0x04e4000d], gPMConnection[0x6ac0492c0]
Thu May 15 13:58:24.698 [airport]/579 @[1156496.924302] (airportProcessCommand.m:1715) Processed events, count[ 16], @[1156496.923135], took 0.001134
Thu May 15 13:58:26.211 [airport]/579 @[1156498.437677] (configdIODriverInterface.m:1377) driver unavailable (reason=0xe0821804, subreason=0x0, flags=0x0), node:isDriverAvailable=1
Thu May 15 13:58:26.213 Usb Host Notification Error Apple80211Set: Device power is off seqNum 3410 Total 0 chg 0 en0
Thu May 15 13:58:26.224 [airport]/579 @[1156498.450980] (airportProcessCommand.m:1715) Processed events, count[  2], @[1156498.450753], took 0.000210
Thu May 15 13:58:26.225 [airport]/579 @[1156498.451442] (airportProcessCommand.m:1715) Processed events, count[  1], @[1156498.451365], took 0.000062
Thu May 15 13:58:26.225 [airport]/579 @[1156498.452023] (airportProcessCommand.m:1715) Processed events, count[  1], @[1156498.451963], took 0.000047
Thu May 15 13:58:26.226 [airport]/579 @[1156498.452799] (airportProcessCommand.m:1715) Processed events, count[  1], @[1156498.452736], took 0.000049
Thu May 15 13:58:26.227 [airport]/579 @[1156498.453195] (airportProcessCommand.m:1715) Processed events, count[  1], @[1156498.453155], took 0.000030
Thu May 15 13:58:26.227 [airport]/579 @[1156498.453553] (airportProcessCommand.m:1715) Processed events, count[  1], @[1156498.453495], took 0.000048
Thu May 15 13:58:26.227 [airport]/579 @[1156498.453827] (airportProcessCommand.m:1715) Processed events, count[  1], @[1156498.453789], took 0.000029
Thu May 15 13:58:26.229 [airport]/579 @[1156498.455114] (airportProcessCommand.m:1715) Processed events, count[  1], @[1156498.454146], took 0.000953
Thu May 15 13:58:26.229 [airport]/579 @[1156498.455278] (airportProcessCommand.m:1715) Processed events, count[  1], @[1156498.455231], took 0.000038
Thu May 15 13:58:26.229 [airport]/579 @[1156498.455404] (airportProcessCommand.m:1715) Processed events, count[  1], @[1156498.455355], took 0.000027
Thu May 15 13:58:26.229 [airport]/579 @[1156498.455526] (airportProcessCommand.m:1715) Processed events, count[  1], @[1156498.455484], took 0.000033
Thu May 15 13:58:26.229 [airport]/579 @[1156498.455839] (airportProcessCommand.m:1715) Processed events, count[  1], @[1156498.455793], took 0.000035
Thu May 15 13:58:26.230 [airport]/579 @[1156498.456150] (airportProcessCommand.m:1715) Processed events, count[  1], @[1156498.456113], took 0.000028
Thu May 15 13:58:26.230 [airport]/579 @[1156498.456553] (airportProcessCommand.m:1715) Processed events, count[  1], @[1156498.456502], took 0.000042
Thu May 15 14:14:34.313 [airport]/579 @[1157466.521501] (configdIODriverInterface.m:4687) caps = CPU Net Disk Early , connection[0x6ac0492c0] token[0x00000000] capabilties[0x00008019], description:'DarkWake:cpu disk net ', lastSleepType[0x00000007]/'Deep Idle', hibernateStateFound[1] hibernateState[0x00000000/0] hibernateMode[0x00000003/3]
Thu May 15 14:14:34.393 [airport]/579 @[1157466.601021] (configdIODriverInterface.m:4784) Acknowledging sleep event, connection[0x6ac0492c0] token[0x00000000]
Thu May 15 14:14:34.408 [airport]/579 @[1157466.616158] (airportProcessCommand.m:1715) Processed events, count[  2], @[1157466.616124], took 0.000028
Thu May 15 14:14:34.409 [airport]/579 @[1157466.617719] (airportProcessCommand.m:1715) Processed events, count[  2], @[1157466.617179], took 0.000532
Thu May 15 14:14:34.410 [airport]/579 @[1157466.618990] (airportProcessCommand.m:1715) Processed events, count[  6], @[1157466.618261], took 0.000723
Thu May 15 14:14:34.411 [airport]/579 @[1157466.619130] (airportProcessCommand.m:1715) Processed events, count[  5], @[1157466.619078], took 0.000047
Thu May 15 14:14:34.428 [airport]/579 @[1157466.635889] (configdIODriverInterface.m:4687) caps = CPU Net Disk , connection[0x6ac0492c0] token[0x00000000] capabilties[0x000000b9], description:'DarkWake:cpu disk net push ', lastSleepType[0x00000007]/'Deep Idle', hibernateStateFound[1] hibernateState[0x00000000/0] hibernateMode[0x00000003/3]
Thu May 15 14:14:34.465 [airport]/579 @[1157466.673506] (configdIODriverInterface.m:4784) Acknowledging sleep event, connection[0x6ac0492c0] token[0x00000000]
Thu May 15 14:14:34.563 [airport]/579 @[1157466.771822] (airportProcessCommand.m:1715) Processed events, count[  2], @[1157466.771756], took 0.000055
Thu May 15 14:14:34.564 [airport]/579 @[1157466.772184] (airportProcessCommand.m:1715) Processed events, count[  1], @[1157466.772142], took 0.000032
Thu May 15 14:14:34.564 [airport]/579 @[1157466.772430] (airportProcessCommand.m:1715) Processed events, count[  1], @[1157466.772381], took 0.000040
Thu May 15 14:14:34.564 [airport]/579 @[1157466.772682] (airportProcessCommand.m:1715) Processed events, count[  1], @[1157466.772645], took 0.000027
Thu May 15 14:14:34.564 [airport]/579 @[1157466.772914] (airportProcessCommand.m:1715) Processed events, count[  1], @[1157466.772876], took 0.000029
Thu May 15 14:14:34.565 [airport]/579 @[1157466.773173] (airportProcessCommand.m:1715) Processed events, count[  1], @[1157466.773135], took 0.000028
Thu May 15 14:14:34.565 [airport]/579 @[1157466.773428] (airportProcessCommand.m:1715) Processed events, count[  1], @[1157466.773391], took 0.000028
Thu May 15 14:14:34.566 [airport]/579 @[1157466.774388] (airportProcessCommand.m:1715) Processed events, count[  1], @[1157466.773660], took 0.000713
Thu May 15 14:14:34.566 [airport]/579 @[1157466.774500] (airportProcessCommand.m:1715) Processed events, count[  1], @[1157466.774465], took 0.000026
Thu May 15 14:14:34.566 [airport]/579 @[1157466.774600] (airportProcessCommand.m:1715) Processed events, count[  1], @[1157466.774537], took 0.000048
Thu May 15 14:14:34.566 [airport]/579 @[1157466.774682] (airportProcessCommand.m:1715) Processed events, count[  1], @[1157466.774647], took 0.000026
Thu May 15 14:14:34.566 [airport]/579 @[1157466.774997] (airportProcessCommand.m:1715) Processed events, count[  2], @[1157466.774953], took 0.000035
Thu May 15 14:14:34.567 [airport]/579 @[1157466.775157] (airportProcessCommand.m:1715) Processed events, count[  1], @[1157466.775123], took 0.000021
Thu May 15 14:14:34.596 [airport]/579 @[1157466.804451] (configdIODriverInterface.m:1377) driver available (reason=0xe0821803, subreason=0x0, flags=0x0), node:isDriverAvailable=0
Thu May 15 14:14:34.610 Usb Host Notification Apple80211Set: seqNum 3411 Total 0 chg 0 en0
Thu May 15 14:14:34.613 Usb Host Notification metrics: usbChange=0, count=0, noiseDelta=0
Thu May 15 14:14:34.659 Usb Host Notification Apple80211Set: seqNum 3412 Total 0 chg 0 en0
Thu May 15 14:14:34.660 Usb Host Notification metrics: usbChange=0, count=0, noiseDelta=0
Thu May 15 14:14:34.741 [airport]/579 @[1157466.949622] (airportProcessCommand.m:1715) Processed events, count[ 16], @[1157466.948873], took 0.000743
Thu May 15 14:14:34.742 [airport]/579 @[1157466.950622] (airportProcessCommand.m:1715) Processed events, count[ 16], @[1157466.949794], took 0.000818
Thu May 15 14:14:36.454 [airport]/579 @[1157468.661997] (configdIODriverInterface.m:4687) caps = , connection[0x6ac0492c0] token[0x04e5000d] capabilties[0x00000000], description:'Sleep:<off> ', lastSleepType[0x00000007]/'Deep Idle', hibernateStateFound[1] hibernateState[0x00000000/0] hibernateMode[0x00000003/3]
Thu May 15 14:14:36.457 [airport]/579 @[1157468.665205] (configdIODriverInterface.m:4375) <en0> Scan offloads will be ENABLED (lpas_supported=yes, softap=disabled, wow=disabled, tcpka=active, allow_unassoc_wakes=yes, allow_disconn_sleeps=yes, aj_disabled=no, scan_offload_disabled_until=(null))
Thu May 15 14:14:36.480 [airport]/579 @[1157468.688772] (configdIODriverInterface.m:4450) <en0> Successfully configured scan offloads, aj_disabled=no, PNO count[4]
Thu May 15 14:14:38.034 [airport]/579 @[1157470.242109] (configdIODriverInterface.m:3826) Acknowledging sleep event, connection[0x6ac0492c0] token[0x04e5000d], gPMConnection[0x6ac0492c0]
Thu May 15 14:14:38.040 [airport]/579 @[1157470.248189] (airportProcessCommand.m:1715) Processed events, count[  3], @[1157470.248092], took 0.000086
Thu May 15 14:14:38.040 [airport]/579 @[1157470.248624] (airportProcessCommand.m:1715) Processed events, count[  2], @[1157470.248581], took 0.000036
Thu May 15 14:14:38.041 [airport]/579 @[1157470.248948] (airportProcessCommand.m:1715) Processed events, count[  1], @[1157470.248918], took 0.000023
Thu May 15 14:14:38.041 [airport]/579 @[1157470.249248] (airportProcessCommand.m:1715) Processed events, count[  1], @[1157470.249214], took 0.000027
Thu May 15 14:14:38.041 [airport]/579 @[1157470.249612] (airportProcessCommand.m:1715) Processed events, count[  1], @[1157470.249536], took 0.000021
Thu May 15 14:14:38.041 [airport]/579 @[1157470.249828] (airportProcessCommand.m:1715) Processed events, count[  1], @[1157470.249806], took 0.000017
Thu May 15 14:14:38.042 [airport]/579 @[1157470.250770] (airportProcessCommand.m:1715) Processed events, count[  1], @[1157470.250047], took 0.000714
Thu May 15 14:14:38.043 [airport]/579 @[1157470.250901] (airportProcessCommand.m:1715) Processed events, count[  1], @[1157470.250878], took 0.000016
Thu May 15 14:14:38.043 [airport]/579 @[1157470.251078] (airportProcessCommand.m:1715) Processed events, count[  1], @[1157470.251033], took 0.000039
Thu May 15 14:14:38.043 [airport]/579 @[1157470.251660] (airportProcessCommand.m:1715) Processed events, count[  1], @[1157470.251636], took 0.000018
Thu May 15 14:14:38.043 [airport]/579 @[1157470.251841] (airportProcessCommand.m:1715) Processed events, count[  1], @[1157470.251750], took 0.000085
Thu May 15 14:14:38.044 [airport]/579 @[1157470.252553] (airportProcessCommand.m:1715) Processed events, count[  2], @[1157470.252496], took 0.000051
Thu May 15 14:14:39.343 [airport]/579 @[1157471.551229] (airportdMain.m:1730) Health check alive, checkin@[1157471.551162], count[3898] 
Thu May 15 14:14:39.347 [airport]/579 @[1157471.555185] (configdIODriverInterface.m:1377) driver unavailable (reason=0xe0821804, subreason=0x0, flags=0x0), node:isDriverAvailable=1
Thu May 15 14:14:39.348 Usb Host Notification Error Apple80211Set: Device power is off seqNum 3413 Total 0 chg 0 en0
Thu May 15 14:14:39.355 [airport]/579 @[1157471.563063] (airportProcessCommand.m:1715) Processed events, count[  2], @[1157471.563015], took 0.000034
Thu May 15 14:14:39.355 [airport]/579 @[1157471.563706] (airportProcessCommand.m:1715) Processed events, count[  1], @[1157471.563644], took 0.000048
Thu May 15 14:14:39.356 [airport]/579 @[1157471.564037] (airportProcessCommand.m:1715) Processed events, count[  1], @[1157471.563982], took 0.000043
Thu May 15 14:14:39.356 [airport]/579 @[1157471.564724] (airportProcessCommand.m:1715) Processed events, count[  1], @[1157471.564613], took 0.000061
Thu May 15 14:14:39.357 [airport]/579 @[1157471.565251] (airportProcessCommand.m:1715) Processed events, count[  1], @[1157471.565190], took 0.000046
Thu May 15 14:14:39.357 [airport]/579 @[1157471.565682] (airportProcessCommand.m:1715) Processed events, count[  1], @[1157471.565625], took 0.000042
Thu May 15 14:14:39.358 [airport]/579 @[1157471.566159] (airportProcessCommand.m:1715) Processed events, count[  1], @[1157471.566101], took 0.000044
Thu May 15 14:14:39.360 [airport]/579 @[1157471.567943] (airportProcessCommand.m:1715) Processed events, count[  1], @[1157471.566729], took 0.001200
Thu May 15 14:14:39.360 [airport]/579 @[1157471.568105] (airportProcessCommand.m:1715) Processed events, count[  1], @[1157471.568058], took 0.000037
Thu May 15 14:14:39.360 [airport]/579 @[1157471.568294] (airportProcessCommand.m:1715) Processed events, count[  1], @[1157471.568254], took 0.000029
Thu May 15 14:14:39.360 [airport]/579 @[1157471.568393] (airportProcessCommand.m:1715) Processed events, count[  1], @[1157471.568360], took 0.000024
Thu May 15 14:14:39.360 [airport]/579 @[1157471.568479] (airportProcessCommand.m:1715) Processed events, count[  1], @[1157471.568444], took 0.000024
Thu May 15 14:14:39.360 [airport]/579 @[1157471.568816] (airportProcessCommand.m:1715) Processed events, count[  1], @[1157471.568780], took 0.000027
Thu May 15 14:14:39.361 [airport]/579 @[1157471.569030] (airportProcessCommand.m:1715) Processed events, count[  1], @[1157471.568990], took 0.000031
Thu May 15 14:32:12.332 [airport]/579 @[1158524.520176] (configdIODriverInterface.m:4687) caps = CPU Net Disk Early , connection[0x6ac0492c0] token[0x00000000] capabilties[0x00008019], description:'DarkWake:cpu disk net ', lastSleepType[0x00000007]/'Deep Idle', hibernateStateFound[1] hibernateState[0x00000000/0] hibernateMode[0x00000003/3]
Thu May 15 14:32:12.340 [airport]/579 @[1158524.529060] (configdIODriverInterface.m:4784) Acknowledging sleep event, connection[0x6ac0492c0] token[0x00000000]
Thu May 15 14:32:12.346 [airport]/579 @[1158524.534444] (airportProcessCommand.m:1715) Processed events, count[  2], @[1158524.534406], took 0.000032
Thu May 15 14:32:12.346 [airport]/579 @[1158524.534895] (airportProcessCommand.m:1715) Processed events, count[  1], @[1158524.534870], took 0.000018
Thu May 15 14:32:12.347 [airport]/579 @[1158524.535575] (airportProcessCommand.m:1715) Processed events, count[  1], @[1158524.535348], took 0.000221
Thu May 15 14:32:12.347 [airport]/579 @[1158524.535802] (airportProcessCommand.m:1715) Processed events, count[  1], @[1158524.535782], took 0.000014
Thu May 15 14:32:12.347 [airport]/579 @[1158524.535982] (airportProcessCommand.m:1715) Processed events, count[  1], @[1158524.535963], took 0.000014
Thu May 15 14:32:12.347 [airport]/579 @[1158524.536140] (airportProcessCommand.m:1715) Processed events, count[  1], @[1158524.536118], took 0.000017
Thu May 15 14:32:12.348 [airport]/579 @[1158524.536326] (airportProcessCommand.m:1715) Processed events, count[  1], @[1158524.536307], took 0.000013
Thu May 15 14:32:12.348 [airport]/579 @[1158524.536954] (airportProcessCommand.m:1715) Processed events, count[  1], @[1158524.536553], took 0.000394
Thu May 15 14:32:12.348 [airport]/579 @[1158524.537045] (airportProcessCommand.m:1715) Processed events, count[  1], @[1158524.537025], took 0.000015
Thu May 15 14:32:12.348 [airport]/579 @[1158524.537085] (airportProcessCommand.m:1715) Processed events, count[  1], @[1158524.537068], took 0.000012
Thu May 15 14:32:12.349 [airport]/579 @[1158524.537325] (airportProcessCommand.m:1715) Processed events, count[  1], @[1158524.537301], took 0.000018
Thu May 15 14:32:12.349 [airport]/579 @[1158524.537809] (airportProcessCommand.m:1715) Processed events, count[  1], @[1158524.537517], took 0.000287
Thu May 15 14:32:12.349 [airport]/579 @[1158524.537895] (airportProcessCommand.m:1715) Processed events, count[  1], @[1158524.537876], took 0.000014
Thu May 15 14:32:12.349 [airport]/579 @[1158524.537994] (airportProcessCommand.m:1715) Processed events, count[  1], @[1158524.537975], took 0.000014
Thu May 15 14:32:12.380 [airport]/579 @[1158524.568397] (airportProcessCommand.m:1715) Processed events, count[  2], @[1158524.568355], took 0.000035
Thu May 15 14:32:12.380 [airport]/579 @[1158524.568552] (airportProcessCommand.m:1715) Processed events, count[  1], @[1158524.568531], took 0.000016
Thu May 15 14:32:12.380 [airport]/579 @[1158524.568680] (airportProcessCommand.m:1715) Processed events, count[  1], @[1158524.568658], took 0.000017
Thu May 15 14:32:12.380 [airport]/579 @[1158524.568816] (airportProcessCommand.m:1715) Processed events, count[  1], @[1158524.568797], took 0.000014
Thu May 15 14:32:12.380 [airport]/579 @[1158524.568975] (airportProcessCommand.m:1715) Processed events, count[  1], @[1158524.568956], took 0.000015
Thu May 15 14:32:12.380 [airport]/579 @[1158524.569186] (airportProcessCommand.m:1715) Processed events, count[  1], @[1158524.569166], took 0.000014
Thu May 15 14:32:12.407 [airport]/579 @[1158524.595335] (airportProcessCommand.m:1715) Processed events, count[  1], @[1158524.595267], took 0.000055
Thu May 15 14:32:12.422 [airport]/579 @[1158524.610915] (airportProcessCommand.m:1715) Processed events, count[  7], @[1158524.609500], took 0.001302
Thu May 15 14:32:12.451 [airport]/579 @[1158524.639093] (configdIODriverInterface.m:4687) caps = CPU Net Disk , connection[0x6ac0492c0] token[0x00000000] capabilties[0x000000b9], description:'DarkWake:cpu disk net push ', lastSleepType[0x00000007]/'Deep Idle', hibernateStateFound[1] hibernateState[0x00000000/0] hibernateMode[0x00000003/3]
Thu May 15 14:32:12.457 [airport]/579 @[1158524.645759] (configdIODriverInterface.m:4784) Acknowledging sleep event, connection[0x6ac0492c0] token[0x00000000]
Thu May 15 14:32:12.645 [airport]/579 @[1158524.833519] (configdIODriverInterface.m:1377) driver available (reason=0xe0821803, subreason=0x0, flags=0x0), node:isDriverAvailable=0
Thu May 15 14:32:12.665 [airport]/579 @[1158524.853741] (airportProcessCommand.m:1715) Processed events, count[ 15], @[1158524.829820], took 0.023734
Thu May 15 14:32:12.797 Usb Host Notification Apple80211Set: seqNum 3414 Total 0 chg 0 en0
Thu May 15 14:32:12.800 Usb Host Notification metrics: usbChange=0, count=0, noiseDelta=0
Thu May 15 14:32:12.835 Usb Host Notification Apple80211Set: seqNum 3415 Total 0 chg 0 en0
Thu May 15 14:32:12.836 Usb Host Notification metrics: usbChange=0, count=0, noiseDelta=0
Thu May 15 14:32:12.909 [airport]/579 @[1158525.097446] (airportProcessCommand.m:1715) Processed events, count[ 16], @[1158525.096277], took 0.001158
Thu May 15 14:32:14.479 [airport]/579 @[1158526.668064] (configdIODriverInterface.m:4687) caps = , connection[0x6ac0492c0] token[0x04e6000d] capabilties[0x00000000], description:'Sleep:<off> ', lastSleepType[0x00000007]/'Deep Idle', hibernateStateFound[1] hibernateState[0x00000000/0] hibernateMode[0x00000003/3]
Thu May 15 14:32:14.489 [airport]/579 @[1158526.677869] (configdIODriverInterface.m:4375) <en0> Scan offloads will be ENABLED (lpas_supported=yes, softap=disabled, wow=disabled, tcpka=active, allow_unassoc_wakes=yes, allow_disconn_sleeps=yes, aj_disabled=no, scan_offload_disabled_until=(null))
Thu May 15 14:32:14.507 [airport]/579 @[1158526.695618] (configdIODriverInterface.m:4450) <en0> Successfully configured scan offloads, aj_disabled=no, PNO count[4]
Thu May 15 14:32:15.871 [airport]/579 @[1158528.060039] (configdIODriverInterface.m:3826) Acknowledging sleep event, connection[0x6ac0492c0] token[0x04e6000d], gPMConnection[0x6ac0492c0]
Thu May 15 14:32:15.879 [airport]/579 @[1158528.067985] (airportProcessCommand.m:1715) Processed events, count[  3], @[1158528.067793], took 0.000174
Thu May 15 14:32:15.880 [airport]/579 @[1158528.068756] (airportProcessCommand.m:1715) Processed events, count[  3], @[1158528.068683], took 0.000063
Thu May 15 14:32:15.880 [airport]/579 @[1158528.069146] (airportProcessCommand.m:1715) Processed events, count[  1], @[1158528.069086], took 0.000050
Thu May 15 14:32:15.881 [airport]/579 @[1158528.069510] (airportProcessCommand.m:1715) Processed events, count[  1], @[1158528.069479], took 0.000024
Thu May 15 14:32:15.881 [airport]/579 @[1158528.069807] (airportProcessCommand.m:1715) Processed events, count[  1], @[1158528.069779], took 0.000022
Thu May 15 14:32:15.882 [airport]/579 @[1158528.071017] (airportProcessCommand.m:1715) Processed events, count[  1], @[1158528.070075], took 0.000926
Thu May 15 14:32:15.883 [airport]/579 @[1158528.071197] (airportProcessCommand.m:1715) Processed events, count[  1], @[1158528.071152], took 0.000038
Thu May 15 14:32:15.883 [airport]/579 @[1158528.071395] (airportProcessCommand.m:1715) Processed events, count[  1], @[1158528.071365], took 0.000023
Thu May 15 14:32:15.883 [airport]/579 @[1158528.071507] (airportProcessCommand.m:1715) Processed events, count[  1], @[1158528.071483], took 0.000017
Thu May 15 14:32:15.883 [airport]/579 @[1158528.071942] (airportProcessCommand.m:1715) Processed events, count[  2], @[1158528.071871], took 0.000039
Thu May 15 14:32:15.884 [airport]/579 @[1158528.072194] (airportProcessCommand.m:1715) Processed events, count[  1], @[1158528.072167], took 0.000020
Thu May 15 14:32:17.367 [airport]/579 @[1158529.556050] (configdIODriverInterface.m:1377) driver unavailable (reason=0xe0821804, subreason=0x0, flags=0x0), node:isDriverAvailable=1
Thu May 15 14:32:17.369 Usb Host Notification Error Apple80211Set: Device power is off seqNum 3416 Total 0 chg 0 en0
Thu May 15 14:32:17.377 [airport]/579 @[1158529.565274] (airportProcessCommand.m:1715) Processed events, count[  2], @[1158529.564955], took 0.000076
Thu May 15 14:32:17.377 [airport]/579 @[1158529.566072] (airportProcessCommand.m:1715) Processed events, count[  1], @[1158529.565871], took 0.000048
Thu May 15 14:32:17.378 [airport]/579 @[1158529.566474] (airportProcessCommand.m:1715) Processed events, count[  1], @[1158529.566428], took 0.000035
Thu May 15 14:32:17.378 [airport]/579 @[1158529.566694] (airportProcessCommand.m:1715) Processed events, count[  1], @[1158529.566657], took 0.000028
Thu May 15 14:32:17.379 [airport]/579 @[1158529.567206] (airportProcessCommand.m:1715) Processed events, count[  1], @[1158529.567167], took 0.000029
Thu May 15 14:32:17.379 [airport]/579 @[1158529.567792] (airportProcessCommand.m:1715) Processed events, count[  1], @[1158529.567753], took 0.000029
Thu May 15 14:32:17.379 [airport]/579 @[1158529.568132] (airportProcessCommand.m:1715) Processed events, count[  1], @[1158529.568095], took 0.000028
Thu May 15 14:32:17.381 [airport]/579 @[1158529.569468] (airportProcessCommand.m:1715) Processed events, count[  1], @[1158529.568421], took 0.001034
Thu May 15 14:32:17.381 [airport]/579 @[1158529.569626] (airportProcessCommand.m:1715) Processed events, count[  1], @[1158529.569580], took 0.000037
Thu May 15 14:32:17.381 [airport]/579 @[1158529.569736] (airportProcessCommand.m:1715) Processed events, count[  1], @[1158529.569701], took 0.000027
Thu May 15 14:32:17.381 [airport]/579 @[1158529.569836] (airportProcessCommand.m:1715) Processed events, count[  1], @[1158529.569803], took 0.000024
Thu May 15 14:32:17.381 [airport]/579 @[1158529.570099] (airportProcessCommand.m:1715) Processed events, count[  1], @[1158529.570064], took 0.000026
Thu May 15 14:32:17.382 [airport]/579 @[1158529.570567] (airportProcessCommand.m:1715) Processed events, count[  2], @[1158529.570513], took 0.000045
Thu May 15 14:48:03.351 [airport]/579 @[1159475.521153] (configdIODriverInterface.m:4687) caps = CPU Net Disk Early , connection[0x6ac0492c0] token[0x00000000] capabilties[0x00008019], description:'DarkWake:cpu disk net ', lastSleepType[0x00000007]/'Deep Idle', hibernateStateFound[1] hibernateState[0x00000000/0] hibernateMode[0x00000003/3]
Thu May 15 14:48:03.357 [airport]/579 @[1159475.527892] (configdIODriverInterface.m:4784) Acknowledging sleep event, connection[0x6ac0492c0] token[0x00000000]
Thu May 15 14:48:03.364 [airport]/579 @[1159475.534547] (airportProcessCommand.m:1715) Processed events, count[  2], @[1159475.534510], took 0.000031
Thu May 15 14:48:03.364 [airport]/579 @[1159475.535092] (airportProcessCommand.m:1715) Processed events, count[  1], @[1159475.535067], took 0.000019
Thu May 15 14:48:03.364 [airport]/579 @[1159475.535232] (airportProcessCommand.m:1715) Processed events, count[  1], @[1159475.535206], took 0.000021
Thu May 15 14:48:03.364 [airport]/579 @[1159475.535386] (airportProcessCommand.m:1715) Processed events, count[  1], @[1159475.535366], took 0.000015
Thu May 15 14:48:03.365 [airport]/579 @[1159475.535536] (airportProcessCommand.m:1715) Processed events, count[  1], @[1159475.535515], took 0.000015
Thu May 15 14:48:03.365 [airport]/579 @[1159475.535813] (airportProcessCommand.m:1715) Processed events, count[  1], @[1159475.535789], took 0.000018
Thu May 15 14:48:03.365 [airport]/579 @[1159475.536157] (airportProcessCommand.m:1715) Processed events, count[  1], @[1159475.536134], took 0.000017
Thu May 15 14:48:03.366 [airport]/579 @[1159475.536669] (airportProcessCommand.m:1715) Processed events, count[  2], @[1159475.536249], took 0.000414
Thu May 15 14:48:03.366 [airport]/579 @[1159475.536783] (airportProcessCommand.m:1715) Processed events, count[  1], @[1159475.536746], took 0.000031
Thu May 15 14:48:03.366 [airport]/579 @[1159475.536844] (airportProcessCommand.m:1715) Processed events, count[  1], @[1159475.536824], took 0.000015
Thu May 15 14:48:03.366 [airport]/579 @[1159475.537335] (airportProcessCommand.m:1715) Processed events, count[  1], @[1159475.537279], took 0.000050
Thu May 15 14:48:03.367 [airport]/579 @[1159475.537617] (airportProcessCommand.m:1715) Processed events, count[  1], @[1159475.537557], took 0.000055
Thu May 15 14:48:03.367 [airport]/579 @[1159475.537744] (airportProcessCommand.m:1715) Processed events, count[  1], @[1159475.537711], took 0.000027
Thu May 15 14:48:03.397 [airport]/579 @[1159475.567660] (airportProcessCommand.m:1715) Processed events, count[  2], @[1159475.567620], took 0.000033
Thu May 15 14:48:03.397 [airport]/579 @[1159475.567890] (airportProcessCommand.m:1715) Processed events, count[  1], @[1159475.567865], took 0.000019
Thu May 15 14:48:03.397 [airport]/579 @[1159475.568000] (airportProcessCommand.m:1715) Processed events, count[  1], @[1159475.567979], took 0.000016
Thu May 15 14:48:03.397 [airport]/579 @[1159475.568163] (airportProcessCommand.m:1715) Processed events, count[  1], @[1159475.568132], took 0.000024
Thu May 15 14:48:03.397 [airport]/579 @[1159475.568369] (airportProcessCommand.m:1715) Processed events, count[  1], @[1159475.568348], took 0.000016
Thu May 15 14:48:03.398 [airport]/579 @[1159475.568531] (airportProcessCommand.m:1715) Processed events, count[  1], @[1159475.568510], took 0.000015
Thu May 15 14:48:03.398 [airport]/579 @[1159475.568666] (airportProcessCommand.m:1715) Processed events, count[  1], @[1159475.568647], took 0.000014
Thu May 15 14:48:03.398 [airport]/579 @[1159475.569355] (airportProcessCommand.m:1715) Processed events, count[  1], @[1159475.568778], took 0.000570
Thu May 15 14:48:03.398 [airport]/579 @[1159475.569422] (airportProcessCommand.m:1715) Processed events, count[  1], @[1159475.569403], took 0.000014
Thu May 15 14:48:03.398 [airport]/579 @[1159475.569464] (airportProcessCommand.m:1715) Processed events, count[  1], @[1159475.569443], took 0.000013
Thu May 15 14:48:03.398 [airport]/579 @[1159475.569503] (airportProcessCommand.m:1715) Processed events, count[  1], @[1159475.569486], took 0.000012
Thu May 15 14:48:03.399 [airport]/579 @[1159475.569537] (airportProcessCommand.m:1715) Processed events, count[  1], @[1159475.569521], took 0.000012
Thu May 15 14:48:03.399 [airport]/579 @[1159475.569573] (airportProcessCommand.m:1715) Processed events, count[  1], @[1159475.569555], took 0.000012
Thu May 15 14:48:03.399 [airport]/579 @[1159475.569646] (airportProcessCommand.m:1715) Processed events, count[  1], @[1159475.569625], took 0.000016
Thu May 15 14:48:03.463 [airport]/579 @[1159475.634210] (configdIODriverInterface.m:4687) caps = CPU Net Disk , connection[0x6ac0492c0] token[0x00000000] capabilties[0x000000b9], description:'DarkWake:cpu disk net push ', lastSleepType[0x00000007]/'Deep Idle', hibernateStateFound[1] hibernateState[0x00000000/0] hibernateMode[0x00000003/3]
Thu May 15 14:48:03.470 [airport]/579 @[1159475.640730] (configdIODriverInterface.m:4784) Acknowledging sleep event, connection[0x6ac0492c0] token[0x00000000]
Thu May 15 14:48:03.609 [airport]/579 @[1159475.779816] (configdIODriverInterface.m:1377) driver available (reason=0xe0821803, subreason=0x0, flags=0x0), node:isDriverAvailable=0
Thu May 15 14:48:03.621 Usb Host Notification Apple80211Set: seqNum 3417 Total 0 chg 0 en0
Thu May 15 14:48:03.627 Usb Host Notification metrics: usbChange=0, count=0, noiseDelta=0
Thu May 15 14:48:03.675 Usb Host Notification Apple80211Set: seqNum 3418 Total 0 chg 0 en0
Thu May 15 14:48:03.676 Usb Host Notification metrics: usbChange=0, count=0, noiseDelta=0
Thu May 15 14:48:03.743 [airport]/579 @[1159475.913869] (airportProcessCommand.m:1715) Processed events, count[ 16], @[1159475.912519], took 0.001343
Thu May 15 14:48:05.481 [airport]/579 @[1159477.651801] (configdIODriverInterface.m:4687) caps = , connection[0x6ac0492c0] token[0x04e7000d] capabilties[0x00000000], description:'Sleep:<off> ', lastSleepType[0x00000007]/'Deep Idle', hibernateStateFound[1] hibernateState[0x00000000/0] hibernateMode[0x00000003/3]
Thu May 15 14:48:05.484 [airport]/579 @[1159477.654604] (configdIODriverInterface.m:4375) <en0> Scan offloads will be ENABLED (lpas_supported=yes, softap=disabled, wow=disabled, tcpka=active, allow_unassoc_wakes=yes, allow_disconn_sleeps=yes, aj_disabled=no, scan_offload_disabled_until=(null))
Thu May 15 14:48:05.507 [airport]/579 @[1159477.677814] (configdIODriverInterface.m:4450) <en0> Successfully configured scan offloads, aj_disabled=no, PNO count[4]
Thu May 15 14:48:06.951 [airport]/579 @[1159479.121609] (configdIODriverInterface.m:3826) Acknowledging sleep event, connection[0x6ac0492c0] token[0x04e7000d], gPMConnection[0x6ac0492c0]
Thu May 15 14:48:06.956 [airport]/579 @[1159479.126927] (airportProcessCommand.m:1715) Processed events, count[  3], @[1159479.126829], took 0.000061
Thu May 15 14:48:06.956 [airport]/579 @[1159479.127336] (airportProcessCommand.m:1715) Processed events, count[  1], @[1159479.127299], took 0.000029
Thu May 15 14:48:06.957 [airport]/579 @[1159479.127661] (airportProcessCommand.m:1715) Processed events, count[  1], @[1159479.127631], took 0.000022
Thu May 15 14:48:06.957 [airport]/579 @[1159479.127962] (airportProcessCommand.m:1715) Processed events, count[  1], @[1159479.127931], took 0.000024
Thu May 15 14:48:06.957 [airport]/579 @[1159479.128289] (airportProcessCommand.m:1715) Processed events, count[  1], @[1159479.128261], took 0.000021
Thu May 15 14:48:06.958 [airport]/579 @[1159479.128632] (airportProcessCommand.m:1715) Processed events, count[  1], @[1159479.128601], took 0.000024
Thu May 15 14:48:06.958 [airport]/579 @[1159479.128952] (airportProcessCommand.m:1715) Processed events, count[  1], @[1159479.128926], took 0.000020
Thu May 15 14:48:06.959 [airport]/579 @[1159479.129955] (airportProcessCommand.m:1715) Processed events, count[  1], @[1159479.129185], took 0.000762
Thu May 15 14:48:06.959 [airport]/579 @[1159479.130087] (airportProcessCommand.m:1715) Processed events, count[  1], @[1159479.130067], took 0.000015
Thu May 15 14:48:06.959 [airport]/579 @[1159479.130368] (airportProcessCommand.m:1715) Processed events, count[  1], @[1159479.130172], took 0.000189
Thu May 15 14:48:06.960 [airport]/579 @[1159479.130714] (airportProcessCommand.m:1715) Processed events, count[  1], @[1159479.130658], took 0.000050
Thu May 15 14:48:06.960 [airport]/579 @[1159479.131180] (airportProcessCommand.m:1715) Processed events, count[  3], @[1159479.131137], took 0.000038
Thu May 15 14:48:08.387 [airport]/579 @[1159480.558197] (configdIODriverInterface.m:1377) driver unavailable (reason=0xe0821804, subreason=0x0, flags=0x0), node:isDriverAvailable=1
Thu May 15 14:48:08.389 Usb Host Notification Error Apple80211Set: Device power is off seqNum 3419 Total 0 chg 0 en0
Thu May 15 14:48:08.395 [airport]/579 @[1159480.566151] (airportProcessCommand.m:1715) Processed events, count[  2], @[1159480.566062], took 0.000073
Thu May 15 14:48:08.396 [airport]/579 @[1159480.566780] (airportProcessCommand.m:1715) Processed events, count[  1], @[1159480.566722], took 0.000044
Thu May 15 14:48:08.396 [airport]/579 @[1159480.567171] (airportProcessCommand.m:1715) Processed events, count[  1], @[1159480.567110], took 0.000046
Thu May 15 14:48:08.397 [airport]/579 @[1159480.567592] (airportProcessCommand.m:1715) Processed events, count[  1], @[1159480.567531], took 0.000038
Thu May 15 14:48:08.397 [airport]/579 @[1159480.568008] (airportProcessCommand.m:1715) Processed events, count[  1], @[1159480.567940], took 0.000055
Thu May 15 14:48:08.398 [airport]/579 @[1159480.568418] (airportProcessCommand.m:1715) Processed events, count[  1], @[1159480.568359], took 0.000045
Thu May 15 14:48:08.398 [airport]/579 @[1159480.568876] (airportProcessCommand.m:1715) Processed events, count[  1], @[1159480.568835], took 0.000031
Thu May 15 14:48:08.399 [airport]/579 @[1159480.569782] (airportProcessCommand.m:1715) Processed events, count[  1], @[1159480.569223], took 0.000546
Thu May 15 14:48:08.399 [airport]/579 @[1159480.569963] (airportProcessCommand.m:1715) Processed events, count[  1], @[1159480.569913], took 0.000041
Thu May 15 14:48:08.399 [airport]/579 @[1159480.570038] (airportProcessCommand.m:1715) Processed events, count[  1], @[1159480.570007], took 0.000023
Thu May 15 14:48:08.399 [airport]/579 @[1159480.570158] (airportProcessCommand.m:1715) Processed events, count[  1], @[1159480.570118], took 0.000030
Thu May 15 14:48:08.400 [airport]/579 @[1159480.570559] (airportProcessCommand.m:1715) Processed events, count[  1], @[1159480.570501], took 0.000049
Thu May 15 14:48:08.400 [airport]/579 @[1159480.570795] (airportProcessCommand.m:1715) Processed events, count[  1], @[1159480.570758], took 0.000028
Thu May 15 14:48:08.400 [airport]/579 @[1159480.571118] (airportProcessCommand.m:1715) Processed events, count[  1], @[1159480.571077], took 0.000031
Thu May 15 14:59:20.358 [airport]/579 @[1160152.516045] (configdIODriverInterface.m:4687) caps = CPU Net Disk Early , connection[0x6ac0492c0] token[0x00000000] capabilties[0x00008019], description:'DarkWake:cpu disk net ', lastSleepType[0x00000007]/'Deep Idle', hibernateStateFound[1] hibernateState[0x00000000/0] hibernateMode[0x00000003/3]
Thu May 15 14:59:20.365 [airport]/579 @[1160152.522976] (configdIODriverInterface.m:4784) Acknowledging sleep event, connection[0x6ac0492c0] token[0x00000000]
Thu May 15 14:59:20.372 [airport]/579 @[1160152.530827] (airportProcessCommand.m:1715) Processed events, count[  2], @[1160152.530770], took 0.000051
Thu May 15 14:59:20.373 [airport]/579 @[1160152.531403] (airportProcessCommand.m:1715) Processed events, count[  1], @[1160152.531371], took 0.000021
Thu May 15 14:59:20.373 [airport]/579 @[1160152.531584] (airportProcessCommand.m:1715) Processed events, count[  2], @[1160152.531552], took 0.000025
Thu May 15 14:59:20.373 [airport]/579 @[1160152.531775] (airportProcessCommand.m:1715) Processed events, count[  1], @[1160152.531755], took 0.000014
Thu May 15 14:59:20.374 [airport]/579 @[1160152.531984] (airportProcessCommand.m:1715) Processed events, count[  1], @[1160152.531965], took 0.000014
Thu May 15 14:59:20.374 [airport]/579 @[1160152.532152] (airportProcessCommand.m:1715) Processed events, count[  1], @[1160152.532132], took 0.000015
Thu May 15 14:59:20.374 [airport]/579 @[1160152.532703] (airportProcessCommand.m:1715) Processed events, count[  1], @[1160152.532298], took 0.000399
Thu May 15 14:59:20.374 [airport]/579 @[1160152.532790] (airportProcessCommand.m:1715) Processed events, count[  1], @[1160152.532771], took 0.000014
Thu May 15 14:59:20.374 [airport]/579 @[1160152.532826] (airportProcessCommand.m:1715) Processed events, count[  1], @[1160152.532809], took 0.000012
Thu May 15 14:59:20.375 [airport]/579 @[1160152.533158] (airportProcessCommand.m:1715) Processed events, count[  1], @[1160152.532968], took 0.000016
Thu May 15 14:59:20.375 [airport]/579 @[1160152.533332] (airportProcessCommand.m:1715) Processed events, count[  1], @[1160152.533312], took 0.000015
Thu May 15 14:59:20.375 [airport]/579 @[1160152.533740] (airportProcessCommand.m:1715) Processed events, count[  1], @[1160152.533714], took 0.000015
Thu May 15 14:59:20.376 [airport]/579 @[1160152.533888] (airportProcessCommand.m:1715) Processed events, count[  1], @[1160152.533867], took 0.000015
Thu May 15 14:59:20.398 [airport]/579 @[1160152.556162] (airportProcessCommand.m:1715) Processed events, count[  2], @[1160152.556115], took 0.000040
Thu May 15 14:59:20.398 [airport]/579 @[1160152.556350] (airportProcessCommand.m:1715) Processed events, count[  1], @[1160152.556328], took 0.000016
Thu May 15 14:59:20.398 [airport]/579 @[1160152.556507] (airportProcessCommand.m:1715) Processed events, count[  1], @[1160152.556481], took 0.000020
Thu May 15 14:59:20.398 [airport]/579 @[1160152.556657] (airportProcessCommand.m:1715) Processed events, count[  1], @[1160152.556636], took 0.000016
Thu May 15 14:59:20.398 [airport]/579 @[1160152.556810] (airportProcessCommand.m:1715) Processed events, count[  1], @[1160152.556789], took 0.000016
Thu May 15 14:59:20.399 [airport]/579 @[1160152.556968] (airportProcessCommand.m:1715) Processed events, count[  1], @[1160152.556948], took 0.000015
Thu May 15 14:59:20.399 [airport]/579 @[1160152.557140] (airportProcessCommand.m:1715) Processed events, count[  1], @[1160152.557121], took 0.000015
Thu May 15 14:59:20.399 [airport]/579 @[1160152.557702] (airportProcessCommand.m:1715) Processed events, count[  1], @[1160152.557263], took 0.000431
Thu May 15 14:59:20.399 [airport]/579 @[1160152.557779] (airportProcessCommand.m:1715) Processed events, count[  1], @[1160152.557754], took 0.000020
Thu May 15 14:59:20.399 [airport]/579 @[1160152.557815] (airportProcessCommand.m:1715) Processed events, count[  1], @[1160152.557798], took 0.000012
Thu May 15 14:59:20.399 [airport]/579 @[1160152.557850] (airportProcessCommand.m:1715) Processed events, count[  1], @[1160152.557832], took 0.000013
Thu May 15 14:59:20.400 [airport]/579 @[1160152.557882] (airportProcessCommand.m:1715) Processed events, count[  1], @[1160152.557865], took 0.000012
Thu May 15 14:59:20.400 [airport]/579 @[1160152.558099] (airportProcessCommand.m:1715) Processed events, count[  1], @[1160152.558081], took 0.000013
Thu May 15 14:59:20.400 [airport]/579 @[1160152.558242] (airportProcessCommand.m:1715) Processed events, count[  1], @[1160152.558224], took 0.000013
Thu May 15 14:59:20.475 [airport]/579 @[1160152.632272] (configdIODriverInterface.m:4687) caps = CPU Net Disk , connection[0x6ac0492c0] token[0x00000000] capabilties[0x000000b9], description:'DarkWake:cpu disk net push ', lastSleepType[0x00000007]/'Deep Idle', hibernateStateFound[1] hibernateState[0x00000000/0] hibernateMode[0x00000003/3]
Thu May 15 14:59:20.480 [airport]/579 @[1160152.637909] (configdIODriverInterface.m:4784) Acknowledging sleep event, connection[0x6ac0492c0] token[0x00000000]
Thu May 15 14:59:20.617 [airport]/579 @[1160152.775039] (configdIODriverInterface.m:1377) driver available (reason=0xe0821803, subreason=0x0, flags=0x0), node:isDriverAvailable=0
Thu May 15 14:59:20.632 Usb Host Notification Apple80211Set: seqNum 3420 Total 0 chg 0 en0
Thu May 15 14:59:20.639 Usb Host Notification metrics: usbChange=0, count=0, noiseDelta=0
Thu May 15 14:59:20.680 Usb Host Notification Apple80211Set: seqNum 3421 Total 0 chg 0 en0
Thu May 15 14:59:20.681 Usb Host Notification metrics: usbChange=0, count=0, noiseDelta=0
Thu May 15 14:59:20.750 [airport]/579 @[1160152.908700] (airportProcessCommand.m:1715) Processed events, count[ 16], @[1160152.907485], took 0.001198
Thu May 15 14:59:20.751 [airport]/579 @[1160152.909574] (airportProcessCommand.m:1715) Processed events, count[ 16], @[1160152.908833], took 0.000733
Thu May 15 14:59:24.107 [airport]/579 @[1160156.265556] (airportProcessCommand.m:1715) Processed events, count[  2], @[1160156.265488], took 0.000061
Thu May 15 14:59:24.108 [airport]/579 @[1160156.266172] (airportProcessCommand.m:1715) Processed events, count[  2], @[1160156.266094], took 0.000072
Thu May 15 14:59:24.108 [airport]/579 @[1160156.266491] (airportProcessCommand.m:1715) Processed events, count[  1], @[1160156.266451], took 0.000033
Thu May 15 14:59:24.109 [airport]/579 @[1160156.266958] (airportProcessCommand.m:1715) Processed events, count[  2], @[1160156.266901], took 0.000052
Thu May 15 14:59:24.109 [airport]/579 @[1160156.267443] (airportProcessCommand.m:1715) Processed events, count[  2], @[1160156.267415], took 0.000023
Thu May 15 14:59:24.111 [airport]/579 @[1160156.269748] (airportProcessCommand.m:1715) Processed events, count[  1], @[1160156.267746], took 0.001993
Thu May 15 14:59:24.112 [airport]/579 @[1160156.269884] (airportProcessCommand.m:1715) Processed events, count[  1], @[1160156.269853], took 0.000026
Thu May 15 14:59:24.112 [airport]/579 @[1160156.269978] (airportProcessCommand.m:1715) Processed events, count[  2], @[1160156.269947], took 0.000026
Thu May 15 14:59:24.112 [airport]/579 @[1160156.270062] (airportProcessCommand.m:1715) Processed events, count[  3], @[1160156.270028], took 0.000029
Thu May 15 14:59:25.723 [airport]/579 @[1160157.880969] (configdIODriverInterface.m:4687) caps = , connection[0x6ac0492c0] token[0x04e8000d] capabilties[0x00000000], description:'Sleep:<off> ', lastSleepType[0x00000007]/'Deep Idle', hibernateStateFound[1] hibernateState[0x00000000/0] hibernateMode[0x00000003/3]
Thu May 15 14:59:25.726 [airport]/579 @[1160157.883839] (configdIODriverInterface.m:4375) <en0> Scan offloads will be ENABLED (lpas_supported=yes, softap=disabled, wow=disabled, tcpka=active, allow_unassoc_wakes=yes, allow_disconn_sleeps=yes, aj_disabled=no, scan_offload_disabled_until=(null))
Thu May 15 14:59:25.751 [airport]/579 @[1160157.909065] (configdIODriverInterface.m:4450) <en0> Successfully configured scan offloads, aj_disabled=no, PNO count[4]
Thu May 15 14:59:25.751 [airport]/579 @[1160157.909659] (configdIODriverInterface.m:3826) Acknowledging sleep event, connection[0x6ac0492c0] token[0x04e8000d], gPMConnection[0x6ac0492c0]
Thu May 15 14:59:25.756 [airport]/579 @[1160157.914460] (airportProcessCommand.m:1715) Processed events, count[ 16], @[1160157.913745], took 0.000705
Thu May 15 14:59:27.286 [airport]/579 @[1160159.444364] (configdIODriverInterface.m:1377) driver unavailable (reason=0xe0821804, subreason=0x0, flags=0x0), node:isDriverAvailable=1
Thu May 15 14:59:27.288 Usb Host Notification Error Apple80211Set: Device power is off seqNum 3422 Total 0 chg 0 en0
Thu May 15 14:59:27.300 [airport]/579 @[1160159.457913] (airportProcessCommand.m:1715) Processed events, count[  2], @[1160159.457840], took 0.000061
Thu May 15 14:59:27.300 [airport]/579 @[1160159.458534] (airportProcessCommand.m:1715) Processed events, count[  1], @[1160159.458488], took 0.000035
Thu May 15 14:59:27.301 [airport]/579 @[1160159.458922] (airportProcessCommand.m:1715) Processed events, count[  1], @[1160159.458891], took 0.000024
Thu May 15 14:59:27.301 [airport]/579 @[1160159.459124] (airportProcessCommand.m:1715) Processed events, count[  1], @[1160159.459084], took 0.000021
Thu May 15 14:59:27.301 [airport]/579 @[1160159.459489] (airportProcessCommand.m:1715) Processed events, count[  1], @[1160159.459358], took 0.000124
Thu May 15 14:59:27.301 [airport]/579 @[1160159.459606] (airportProcessCommand.m:1715) Processed events, count[  1], @[1160159.459578], took 0.000021
Thu May 15 14:59:27.302 [airport]/579 @[1160159.459872] (airportProcessCommand.m:1715) Processed events, count[  1], @[1160159.459841], took 0.000023
Thu May 15 14:59:27.302 [airport]/579 @[1160159.460578] (airportProcessCommand.m:1715) Processed events, count[  1], @[1160159.460115], took 0.000454
Thu May 15 14:59:27.302 [airport]/579 @[1160159.460702] (airportProcessCommand.m:1715) Processed events, count[  1], @[1160159.460675], took 0.000020
Thu May 15 14:59:27.303 [airport]/579 @[1160159.460829] (airportProcessCommand.m:1715) Processed events, count[  1], @[1160159.460744], took 0.000078
Thu May 15 14:59:27.303 [airport]/579 @[1160159.460909] (airportProcessCommand.m:1715) Processed events, count[  1], @[1160159.460868], took 0.000034
Thu May 15 14:59:27.303 [airport]/579 @[1160159.461112] (airportProcessCommand.m:1715) Processed events, count[  1], @[1160159.461081], took 0.000019
Thu May 15 14:59:27.303 [airport]/579 @[1160159.461324] (airportProcessCommand.m:1715) Processed events, count[  1], @[1160159.461279], took 0.000023
Thu May 15 14:59:27.303 [airport]/579 @[1160159.461511] (airportProcessCommand.m:1715) Processed events, count[  1], @[1160159.461481], took 0.000022
Thu May 15 15:16:28.385 [airport]/579 @[1161180.523742] (configdIODriverInterface.m:4687) caps = CPU Net Disk Early , connection[0x6ac0492c0] token[0x00000000] capabilties[0x00008019], description:'DarkWake:cpu disk net ', lastSleepType[0x00000007]/'Deep Idle', hibernateStateFound[1] hibernateState[0x00000000/0] hibernateMode[0x00000003/3]
Thu May 15 15:16:28.388 [airport]/579 @[1161180.526899] (configdIODriverInterface.m:4784) Acknowledging sleep event, connection[0x6ac0492c0] token[0x00000000]
Thu May 15 15:16:28.395 [airport]/579 @[1161180.533897] (airportProcessCommand.m:1715) Processed events, count[  2], @[1161180.533847], took 0.000042
Thu May 15 15:16:28.395 [airport]/579 @[1161180.534131] (airportProcessCommand.m:1715) Processed events, count[  1], @[1161180.534109], took 0.000017
Thu May 15 15:16:28.395 [airport]/579 @[1161180.534480] (airportProcessCommand.m:1715) Processed events, count[  1], @[1161180.534458], took 0.000017
Thu May 15 15:16:28.396 [airport]/579 @[1161180.534890] (airportProcessCommand.m:1715) Processed events, count[  1], @[1161180.534862], took 0.000022
Thu May 15 15:16:28.396 [airport]/579 @[1161180.535066] (airportProcessCommand.m:1715) Processed events, count[  1], @[1161180.535045], took 0.000016
Thu May 15 15:16:28.396 [airport]/579 @[1161180.535305] (airportProcessCommand.m:1715) Processed events, count[  1], @[1161180.535286], took 0.000014
Thu May 15 15:16:28.396 [airport]/579 @[1161180.535443] (airportProcessCommand.m:1715) Processed events, count[  1], @[1161180.535421], took 0.000016
Thu May 15 15:16:28.397 [airport]/579 @[1161180.536315] (airportProcessCommand.m:1715) Processed events, count[  1], @[1161180.535629], took 0.000679
Thu May 15 15:16:28.397 [airport]/579 @[1161180.536443] (airportProcessCommand.m:1715) Processed events, count[  1], @[1161180.536417], took 0.000021
Thu May 15 15:16:28.397 [airport]/579 @[1161180.536492] (airportProcessCommand.m:1715) Processed events, count[  1], @[1161180.536474], took 0.000013
Thu May 15 15:16:28.398 [airport]/579 @[1161180.536719] (airportProcessCommand.m:1715) Processed events, count[  1], @[1161180.536690], took 0.000023
Thu May 15 15:16:28.398 [airport]/579 @[1161180.536889] (airportProcessCommand.m:1715) Processed events, count[  1], @[1161180.536869], took 0.000014
Thu May 15 15:16:28.398 [airport]/579 @[1161180.537053] (airportProcessCommand.m:1715) Processed events, count[  1], @[1161180.537030], took 0.000018
Thu May 15 15:16:28.398 [airport]/579 @[1161180.537354] (airportProcessCommand.m:1715) Processed events, count[  1], @[1161180.537302], took 0.000046
Thu May 15 15:16:28.422 [airport]/579 @[1161180.561282] (airportProcessCommand.m:1715) Processed events, count[  2], @[1161180.561236], took 0.000038
Thu May 15 15:16:28.422 [airport]/579 @[1161180.561469] (airportProcessCommand.m:1715) Processed events, count[  1], @[1161180.561449], took 0.000015
Thu May 15 15:16:28.422 [airport]/579 @[1161180.561599] (airportProcessCommand.m:1715) Processed events, count[  1], @[1161180.561577], took 0.000017
Thu May 15 15:16:28.423 [airport]/579 @[1161180.561782] (airportProcessCommand.m:1715) Processed events, count[  1], @[1161180.561764], took 0.000014
Thu May 15 15:16:28.423 [airport]/579 @[1161180.561945] (airportProcessCommand.m:1715) Processed events, count[  1], @[1161180.561922], took 0.000018
Thu May 15 15:16:28.423 [airport]/579 @[1161180.562138] (airportProcessCommand.m:1715) Processed events, count[  1], @[1161180.562118], took 0.000015
Thu May 15 15:16:28.423 [airport]/579 @[1161180.562275] (airportProcessCommand.m:1715) Processed events, count[  1], @[1161180.562256], took 0.000014
Thu May 15 15:16:28.424 [airport]/579 @[1161180.562840] (airportProcessCommand.m:1715) Processed events, count[  1], @[1161180.562404], took 0.000430
Thu May 15 15:16:28.424 [airport]/579 @[1161180.562928] (airportProcessCommand.m:1715) Processed events, count[  1], @[1161180.562909], took 0.000014
Thu May 15 15:16:28.424 [airport]/579 @[1161180.562966] (airportProcessCommand.m:1715) Processed events, count[  1], @[1161180.562948], took 0.000012
Thu May 15 15:16:28.424 [airport]/579 @[1161180.563004] (airportProcessCommand.m:1715) Processed events, count[  1], @[1161180.562985], took 0.000013
Thu May 15 15:16:28.424 [airport]/579 @[1161180.563043] (airportProcessCommand.m:1715) Processed events, count[  1], @[1161180.563022], took 0.000017
Thu May 15 15:16:28.424 [airport]/579 @[1161180.563222] (airportProcessCommand.m:1715) Processed events, count[  1], @[1161180.563202], took 0.000015
Thu May 15 15:16:28.424 [airport]/579 @[1161180.563346] (airportProcessCommand.m:1715) Processed events, count[  1], @[1161180.563327], took 0.000014
Thu May 15 15:16:28.521 [airport]/579 @[1161180.660096] (configdIODriverInterface.m:4687) caps = CPU Net Disk , connection[0x6ac0492c0] token[0x00000000] capabilties[0x000000b9], description:'DarkWake:cpu disk net push ', lastSleepType[0x00000007]/'Deep Idle', hibernateStateFound[1] hibernateState[0x00000000/0] hibernateMode[0x00000003/3]
Thu May 15 15:16:28.525 [airport]/579 @[1161180.664407] (configdIODriverInterface.m:4784) Acknowledging sleep event, connection[0x6ac0492c0] token[0x00000000]
Thu May 15 15:16:28.690 [airport]/579 @[1161180.829331] (configdIODriverInterface.m:1377) driver available (reason=0xe0821803, subreason=0x0, flags=0x0), node:isDriverAvailable=0
Thu May 15 15:16:28.712 Usb Host Notification Apple80211Set: seqNum 3423 Total 0 chg 0 en0
Thu May 15 15:16:28.718 Usb Host Notification metrics: usbChange=0, count=0, noiseDelta=0
Thu May 15 15:16:28.761 Usb Host Notification Apple80211Set: seqNum 3424 Total 0 chg 0 en0
Thu May 15 15:16:28.761 Usb Host Notification metrics: usbChange=0, count=0, noiseDelta=0
Thu May 15 15:16:28.831 [airport]/579 @[1161180.969976] (airportProcessCommand.m:1715) Processed events, count[ 16], @[1161180.968458], took 0.001501
Thu May 15 15:16:30.544 [airport]/579 @[1161182.682631] (configdIODriverInterface.m:4687) caps = , connection[0x6ac0492c0] token[0x04e9000d] capabilties[0x00000000], description:'Sleep:<off> ', lastSleepType[0x00000007]/'Deep Idle', hibernateStateFound[1] hibernateState[0x00000000/0] hibernateMode[0x00000003/3]
Thu May 15 15:16:30.547 [airport]/579 @[1161182.685703] (configdIODriverInterface.m:4375) <en0> Scan offloads will be ENABLED (lpas_supported=yes, softap=disabled, wow=disabled, tcpka=active, allow_unassoc_wakes=yes, allow_disconn_sleeps=yes, aj_disabled=no, scan_offload_disabled_until=(null))
Thu May 15 15:16:30.570 [airport]/579 @[1161182.708702] (configdIODriverInterface.m:4450) <en0> Successfully configured scan offloads, aj_disabled=no, PNO count[4]
Thu May 15 15:16:32.082 [airport]/579 @[1161184.220954] (configdIODriverInterface.m:3826) Acknowledging sleep event, connection[0x6ac0492c0] token[0x04e9000d], gPMConnection[0x6ac0492c0]
Thu May 15 15:16:32.087 [airport]/579 @[1161184.225639] (airportProcessCommand.m:1715) Processed events, count[ 16], @[1161184.225126], took 0.000506
Thu May 15 15:16:33.415 [airport]/579 @[1161185.553797] (configdIODriverInterface.m:1377) driver unavailable (reason=0xe0821804, subreason=0x0, flags=0x0), node:isDriverAvailable=1
Thu May 15 15:16:33.416 Usb Host Notification Error Apple80211Set: Device power is off seqNum 3425 Total 0 chg 0 en0
Thu May 15 15:16:33.427 [airport]/579 @[1161185.566097] (airportProcessCommand.m:1715) Processed events, count[  2], @[1161185.565995], took 0.000089
Thu May 15 15:16:33.427 [airport]/579 @[1161185.566453] (airportProcessCommand.m:1715) Processed events, count[  1], @[1161185.566409], took 0.000033
Thu May 15 15:16:33.428 [airport]/579 @[1161185.566859] (airportProcessCommand.m:1715) Processed events, count[  1], @[1161185.566806], took 0.000041
Thu May 15 15:16:33.428 [airport]/579 @[1161185.567565] (airportProcessCommand.m:1715) Processed events, count[  1], @[1161185.567460], took 0.000093
Thu May 15 15:16:33.429 [airport]/579 @[1161185.567899] (airportProcessCommand.m:1715) Processed events, count[  1], @[1161185.567860], took 0.000030
Thu May 15 15:16:33.429 [airport]/579 @[1161185.568281] (airportProcessCommand.m:1715) Processed events, count[  1], @[1161185.568244], took 0.000028
Thu May 15 15:16:33.430 [airport]/579 @[1161185.568754] (airportProcessCommand.m:1715) Processed events, count[  1], @[1161185.568715], took 0.000029
Thu May 15 15:16:33.431 [airport]/579 @[1161185.570226] (airportProcessCommand.m:1715) Processed events, count[  1], @[1161185.568993], took 0.001222
Thu May 15 15:16:33.431 [airport]/579 @[1161185.570398] (airportProcessCommand.m:1715) Processed events, count[  1], @[1161185.570357], took 0.000033
Thu May 15 15:16:33.431 [airport]/579 @[1161185.570506] (airportProcessCommand.m:1715) Processed events, count[  1], @[1161185.570478], took 0.000021
Thu May 15 15:16:33.432 [airport]/579 @[1161185.570599] (airportProcessCommand.m:1715) Processed events, count[  1], @[1161185.570575], took 0.000018
Thu May 15 15:16:33.432 [airport]/579 @[1161185.570691] (airportProcessCommand.m:1715) Processed events, count[  1], @[1161185.570666], took 0.000018
Thu May 15 15:16:33.432 [airport]/579 @[1161185.571170] (airportProcessCommand.m:1715) Processed events, count[  1], @[1161185.571137], took 0.000026
Thu May 15 15:16:33.432 [airport]/579 @[1161185.571355] (airportProcessCommand.m:1715) Processed events, count[  1], @[1161185.571327], took 0.000021
Thu May 15 15:34:02.398 [airport]/579 @[1162234.517752] (configdIODriverInterface.m:4687) caps = CPU Net Disk Early , connection[0x6ac0492c0] token[0x00000000] capabilties[0x00008019], description:'DarkWake:cpu disk net ', lastSleepType[0x00000007]/'Deep Idle', hibernateStateFound[1] hibernateState[0x00000000/0] hibernateMode[0x00000003/3]
Thu May 15 15:34:02.403 [airport]/579 @[1162234.522387] (configdIODriverInterface.m:4784) Acknowledging sleep event, connection[0x6ac0492c0] token[0x00000000]
Thu May 15 15:34:02.490 [airport]/579 @[1162234.609294] (airportProcessCommand.m:1715) Processed events, count[  2], @[1162234.609254], took 0.000032
Thu May 15 15:34:02.490 [airport]/579 @[1162234.609972] (airportProcessCommand.m:1715) Processed events, count[  1], @[1162234.609945], took 0.000016
Thu May 15 15:34:02.491 [airport]/579 @[1162234.610068] (airportProcessCommand.m:1715) Processed events, count[  2], @[1162234.610043], took 0.000019
Thu May 15 15:34:02.491 [airport]/579 @[1162234.610342] (airportProcessCommand.m:1715) Processed events, count[  1], @[1162234.610323], took 0.000014
Thu May 15 15:34:02.491 [airport]/579 @[1162234.610777] (airportProcessCommand.m:1715) Processed events, count[  1], @[1162234.610751], took 0.000016
Thu May 15 15:34:02.491 [airport]/579 @[1162234.610988] (airportProcessCommand.m:1715) Processed events, count[  1], @[1162234.610970], took 0.000013
Thu May 15 15:34:02.492 [airport]/579 @[1162234.611621] (airportProcessCommand.m:1715) Processed events, count[  1], @[1162234.611133], took 0.000481
Thu May 15 15:34:02.492 [airport]/579 @[1162234.611731] (airportProcessCommand.m:1715) Processed events, count[  1], @[1162234.611711], took 0.000015
Thu May 15 15:34:02.492 [airport]/579 @[1162234.611775] (airportProcessCommand.m:1715) Processed events, count[  1], @[1162234.611756], took 0.000014
Thu May 15 15:34:02.492 [airport]/579 @[1162234.611812] (airportProcessCommand.m:1715) Processed events, count[  1], @[1162234.611795], took 0.000012
Thu May 15 15:34:02.492 [airport]/579 @[1162234.611847] (airportProcessCommand.m:1715) Processed events, count[  1], @[1162234.611830], took 0.000012
Thu May 15 15:34:02.493 [airport]/579 @[1162234.612070] (airportProcessCommand.m:1715) Processed events, count[  1], @[1162234.612045], took 0.000019
Thu May 15 15:34:02.493 [airport]/579 @[1162234.612209] (airportProcessCommand.m:1715) Processed events, count[  1], @[1162234.612186], took 0.000017
Thu May 15 15:34:02.519 [airport]/579 @[1162234.637996] (configdIODriverInterface.m:4687) caps = CPU Net Disk , connection[0x6ac0492c0] token[0x00000000] capabilties[0x000000b9], description:'DarkWake:cpu disk net push ', lastSleepType[0x00000007]/'Deep Idle', hibernateStateFound[1] hibernateState[0x00000000/0] hibernateMode[0x00000003/3]
Thu May 15 15:34:02.527 [airport]/579 @[1162234.646226] (configdIODriverInterface.m:4784) Acknowledging sleep event, connection[0x6ac0492c0] token[0x00000000]
Thu May 15 15:34:02.665 [airport]/579 @[1162234.784425] (configdIODriverInterface.m:1377) driver available (reason=0xe0821803, subreason=0x0, flags=0x0), node:isDriverAvailable=0
Thu May 15 15:34:02.681 Usb Host Notification Apple80211Set: seqNum 3426 Total 0 chg 0 en0
Thu May 15 15:34:02.684 Usb Host Notification metrics: usbChange=0, count=0, noiseDelta=0
Thu May 15 15:34:02.849 Usb Host Notification Apple80211Set: seqNum 3427 Total 0 chg 0 en0
Thu May 15 15:34:02.849 Usb Host Notification metrics: usbChange=0, count=0, noiseDelta=0
Thu May 15 15:34:02.903 [airport]/579 @[1162235.022279] (airportProcessCommand.m:1715) Processed events, count[ 16], @[1162235.021574], took 0.000697
Thu May 15 15:34:03.131 [airport]/579 @[1162235.250750] (airportProcessCommand.m:1715) Processed events, count[  2], @[1162235.250711], took 0.000032
Thu May 15 15:34:03.132 [airport]/579 @[1162235.251072] (airportProcessCommand.m:1715) Processed events, count[  1], @[1162235.251049], took 0.000017
Thu May 15 15:34:03.132 [airport]/579 @[1162235.251258] (airportProcessCommand.m:1715) Processed events, count[  2], @[1162235.251227], took 0.000025
Thu May 15 15:34:03.132 [airport]/579 @[1162235.251401] (airportProcessCommand.m:1715) Processed events, count[  1], @[1162235.251381], took 0.000015
Thu May 15 15:34:03.132 [airport]/579 @[1162235.251561] (airportProcessCommand.m:1715) Processed events, count[  1], @[1162235.251536], took 0.000019
Thu May 15 15:34:03.132 [airport]/579 @[1162235.251738] (airportProcessCommand.m:1715) Processed events, count[  1], @[1162235.251715], took 0.000017
Thu May 15 15:34:03.132 [airport]/579 @[1162235.251894] (airportProcessCommand.m:1715) Processed events, count[  1], @[1162235.251871], took 0.000017
Thu May 15 15:34:03.133 [airport]/579 @[1162235.252592] (airportProcessCommand.m:1715) Processed events, count[  1], @[1162235.252090], took 0.000495
Thu May 15 15:34:03.133 [airport]/579 @[1162235.252695] (airportProcessCommand.m:1715) Processed events, count[  1], @[1162235.252675], took 0.000015
Thu May 15 15:34:03.133 [airport]/579 @[1162235.252738] (airportProcessCommand.m:1715) Processed events, count[  1], @[1162235.252719], took 0.000013
Thu May 15 15:34:03.133 [airport]/579 @[1162235.252903] (airportProcessCommand.m:1715) Processed events, count[  1], @[1162235.252757], took 0.000016
Thu May 15 15:34:03.133 [airport]/579 @[1162235.252971] (airportProcessCommand.m:1715) Processed events, count[  1], @[1162235.252948], took 0.000017
Thu May 15 15:34:03.134 [airport]/579 @[1162235.253030] (airportProcessCommand.m:1715) Processed events, count[  1], @[1162235.253011], took 0.000014
Thu May 15 15:34:03.134 [airport]/579 @[1162235.253282] (airportProcessCommand.m:1715) Processed events, count[  1], @[1162235.253260], took 0.000016
Thu May 15 15:34:04.542 [airport]/579 @[1162236.661062] (configdIODriverInterface.m:4687) caps = , connection[0x6ac0492c0] token[0x04ea000d] capabilties[0x00000000], description:'Sleep:<off> ', lastSleepType[0x00000007]/'Deep Idle', hibernateStateFound[1] hibernateState[0x00000000/0] hibernateMode[0x00000003/3]
Thu May 15 15:34:04.544 [airport]/579 @[1162236.663902] (configdIODriverInterface.m:4375) <en0> Scan offloads will be ENABLED (lpas_supported=yes, softap=disabled, wow=disabled, tcpka=active, allow_unassoc_wakes=yes, allow_disconn_sleeps=yes, aj_disabled=no, scan_offload_disabled_until=(null))
Thu May 15 15:34:04.570 [airport]/579 @[1162236.689911] (configdIODriverInterface.m:4450) <en0> Successfully configured scan offloads, aj_disabled=no, PNO count[4]
Thu May 15 15:34:04.571 [airport]/579 @[1162236.690477] (configdIODriverInterface.m:3826) Acknowledging sleep event, connection[0x6ac0492c0] token[0x04ea000d], gPMConnection[0x6ac0492c0]
Thu May 15 15:34:04.576 [airport]/579 @[1162236.694926] (airportProcessCommand.m:1715) Processed events, count[ 16], @[1162236.693961], took 0.000946
Thu May 15 15:34:07.429 [airport]/579 @[1162239.548167] (configdIODriverInterface.m:1377) driver unavailable (reason=0xe0821804, subreason=0x0, flags=0x0), node:isDriverAvailable=1
Thu May 15 15:34:07.431 Usb Host Notification Error Apple80211Set: Device power is off seqNum 3428 Total 0 chg 0 en0
Thu May 15 15:34:07.439 [airport]/579 @[1162239.558476] (airportProcessCommand.m:1715) Processed events, count[  2], @[1162239.558411], took 0.000053
Thu May 15 15:34:07.440 [airport]/579 @[1162239.559063] (airportProcessCommand.m:1715) Processed events, count[  1], @[1162239.559010], took 0.000035
Thu May 15 15:34:07.440 [airport]/579 @[1162239.559469] (airportProcessCommand.m:1715) Processed events, count[  1], @[1162239.559420], took 0.000038
Thu May 15 15:34:07.440 [airport]/579 @[1162239.559739] (airportProcessCommand.m:1715) Processed events, count[  1], @[1162239.559697], took 0.000030
Thu May 15 15:34:07.441 [airport]/579 @[1162239.560050] (airportProcessCommand.m:1715) Processed events, count[  1], @[1162239.560009], took 0.000032
Thu May 15 15:34:07.441 [airport]/579 @[1162239.560344] (airportProcessCommand.m:1715) Processed events, count[  1], @[1162239.560303], took 0.000031
Thu May 15 15:34:07.441 [airport]/579 @[1162239.560591] (airportProcessCommand.m:1715) Processed events, count[  1], @[1162239.560552], took 0.000030
Thu May 15 15:34:07.442 [airport]/579 @[1162239.561395] (airportProcessCommand.m:1715) Processed events, count[  1], @[1162239.560804], took 0.000579
Thu May 15 15:34:07.442 [airport]/579 @[1162239.561674] (airportProcessCommand.m:1715) Processed events, count[  1], @[1162239.561547], took 0.000119
Thu May 15 15:34:07.442 [airport]/579 @[1162239.561742] (airportProcessCommand.m:1715) Processed events, count[  1], @[1162239.561716], took 0.000019
Thu May 15 15:34:07.442 [airport]/579 @[1162239.561892] (airportProcessCommand.m:1715) Processed events, count[  1], @[1162239.561859], took 0.000021
Thu May 15 15:34:07.443 [airport]/579 @[1162239.562134] (airportProcessCommand.m:1715) Processed events, count[  1], @[1162239.562106], took 0.000021
Thu May 15 15:34:07.443 [airport]/579 @[1162239.562374] (airportProcessCommand.m:1715) Processed events, count[  1], @[1162239.562344], took 0.000023
Thu May 15 15:34:07.443 [airport]/579 @[1162239.562604] (airportProcessCommand.m:1715) Processed events, count[  1], @[1162239.562573], took 0.000024
Thu May 15 15:49:26.420 [airport]/579 @[1163158.521848] (configdIODriverInterface.m:4687) caps = CPU Net Disk Early , connection[0x6ac0492c0] token[0x00000000] capabilties[0x00008019], description:'DarkWake:cpu disk net ', lastSleepType[0x00000007]/'Deep Idle', hibernateStateFound[1] hibernateState[0x00000000/0] hibernateMode[0x00000003/3]
Thu May 15 15:49:26.425 [airport]/579 @[1163158.527382] (configdIODriverInterface.m:4784) Acknowledging sleep event, connection[0x6ac0492c0] token[0x00000000]
Thu May 15 15:49:26.434 [airport]/579 @[1163158.535806] (airportProcessCommand.m:1715) Processed events, count[  2], @[1163158.535720], took 0.000079
Thu May 15 15:49:26.434 [airport]/579 @[1163158.536045] (airportProcessCommand.m:1715) Processed events, count[  1], @[1163158.536023], took 0.000016
Thu May 15 15:49:26.434 [airport]/579 @[1163158.536391] (airportProcessCommand.m:1715) Processed events, count[  1], @[1163158.536367], took 0.000018
Thu May 15 15:49:26.434 [airport]/579 @[1163158.536631] (airportProcessCommand.m:1715) Processed events, count[  2], @[1163158.536605], took 0.000021
Thu May 15 15:49:26.435 [airport]/579 @[1163158.536925] (airportProcessCommand.m:1715) Processed events, count[  1], @[1163158.536902], took 0.000018
Thu May 15 15:49:26.435 [airport]/579 @[1163158.537348] (airportProcessCommand.m:1715) Processed events, count[  1], @[1163158.537323], took 0.000019
Thu May 15 15:49:26.436 [airport]/579 @[1163158.538008] (airportProcessCommand.m:1715) Processed events, count[  1], @[1163158.537430], took 0.000572
Thu May 15 15:49:26.436 [airport]/579 @[1163158.538151] (airportProcessCommand.m:1715) Processed events, count[  1], @[1163158.538105], took 0.000040
Thu May 15 15:49:26.436 [airport]/579 @[1163158.538197] (airportProcessCommand.m:1715) Processed events, count[  1], @[1163158.538178], took 0.000014
Thu May 15 15:49:26.436 [airport]/579 @[1163158.538414] (airportProcessCommand.m:1715) Processed events, count[  1], @[1163158.538394], took 0.000014
Thu May 15 15:49:26.436 [airport]/579 @[1163158.538574] (airportProcessCommand.m:1715) Processed events, count[  1], @[1163158.538552], took 0.000016
Thu May 15 15:49:26.437 [airport]/579 @[1163158.538817] (airportProcessCommand.m:1715) Processed events, count[  1], @[1163158.538791], took 0.000021
Thu May 15 15:49:26.437 [airport]/579 @[1163158.539084] (airportProcessCommand.m:1715) Processed events, count[  1], @[1163158.539016], took 0.000063
Thu May 15 15:49:26.535 [airport]/579 @[1163158.637434] (configdIODriverInterface.m:4687) caps = CPU Net Disk , connection[0x6ac0492c0] token[0x00000000] capabilties[0x000000b9], description:'DarkWake:cpu disk net push ', lastSleepType[0x00000007]/'Deep Idle', hibernateStateFound[1] hibernateState[0x00000000/0] hibernateMode[0x00000003/3]
Thu May 15 15:49:26.540 [airport]/579 @[1163158.642267] (configdIODriverInterface.m:4784) Acknowledging sleep event, connection[0x6ac0492c0] token[0x00000000]
Thu May 15 15:49:26.724 [airport]/579 @[1163158.825737] (configdIODriverInterface.m:1377) driver available (reason=0xe0821803, subreason=0x0, flags=0x0), node:isDriverAvailable=0
Thu May 15 15:49:26.738 Usb Host Notification Apple80211Set: seqNum 3429 Total 0 chg 0 en0
Thu May 15 15:49:26.745 Usb Host Notification metrics: usbChange=0, count=0, noiseDelta=0
Thu May 15 15:49:26.784 Usb Host Notification Apple80211Set: seqNum 3430 Total 0 chg 0 en0
Thu May 15 15:49:26.788 Usb Host Notification metrics: usbChange=0, count=0, noiseDelta=0
Thu May 15 15:49:26.851 [airport]/579 @[1163158.953594] (airportProcessCommand.m:1715) Processed events, count[ 16], @[1163158.952726], took 0.000861
Thu May 15 15:49:28.415 [airport]/579 @[1163160.517442] (airportdMain.m:1730) Health check alive, checkin@[1163160.517360], count[3899] 
Thu May 15 15:49:28.550 [airport]/579 @[1163160.652548] (configdIODriverInterface.m:4687) caps = , connection[0x6ac0492c0] token[0x04eb000d] capabilties[0x00000000], description:'Sleep:<off> ', lastSleepType[0x00000007]/'Deep Idle', hibernateStateFound[1] hibernateState[0x00000000/0] hibernateMode[0x00000003/3]
Thu May 15 15:49:28.553 [airport]/579 @[1163160.655144] (configdIODriverInterface.m:4375) <en0> Scan offloads will be ENABLED (lpas_supported=yes, softap=disabled, wow=disabled, tcpka=active, allow_unassoc_wakes=yes, allow_disconn_sleeps=yes, aj_disabled=no, scan_offload_disabled_until=(null))
Thu May 15 15:49:28.580 [airport]/579 @[1163160.681675] (configdIODriverInterface.m:4450) <en0> Successfully configured scan offloads, aj_disabled=no, PNO count[4]
Thu May 15 15:49:28.580 [airport]/579 @[1163160.682167] (configdIODriverInterface.m:3826) Acknowledging sleep event, connection[0x6ac0492c0] token[0x04eb000d], gPMConnection[0x6ac0492c0]
Thu May 15 15:49:31.449 [airport]/579 @[1163163.551553] (configdIODriverInterface.m:1377) driver unavailable (reason=0xe0821804, subreason=0x0, flags=0x0), node:isDriverAvailable=1
Thu May 15 15:49:31.451 Usb Host Notification Error Apple80211Set: Device power is off seqNum 3431 Total 0 chg 0 en0
Thu May 15 15:49:31.459 [airport]/579 @[1163163.561154] (airportProcessCommand.m:1715) Processed events, count[  2], @[1163163.561041], took 0.000101
Thu May 15 15:49:31.460 [airport]/579 @[1163163.561698] (airportProcessCommand.m:1715) Processed events, count[  1], @[1163163.561655], took 0.000032
Thu May 15 15:49:31.460 [airport]/579 @[1163163.562178] (airportProcessCommand.m:1715) Processed events, count[  1], @[1163163.562119], took 0.000049
Thu May 15 15:49:31.460 [airport]/579 @[1163163.562485] (airportProcessCommand.m:1715) Processed events, count[  1], @[1163163.562438], took 0.000036
Thu May 15 15:49:31.461 [airport]/579 @[1163163.562994] (airportProcessCommand.m:1715) Processed events, count[  1], @[1163163.562953], took 0.000031
Thu May 15 15:49:31.461 [airport]/579 @[1163163.563353] (airportProcessCommand.m:1715) Processed events, count[  1], @[1163163.563313], took 0.000030
Thu May 15 15:49:31.462 [airport]/579 @[1163163.563705] (airportProcessCommand.m:1715) Processed events, count[  1], @[1163163.563668], took 0.000028
Thu May 15 15:49:31.463 [airport]/579 @[1163163.564648] (airportProcessCommand.m:1715) Processed events, count[  1], @[1163163.563971], took 0.000664
Thu May 15 15:49:31.463 [airport]/579 @[1163163.564816] (airportProcessCommand.m:1715) Processed events, count[  1], @[1163163.564776], took 0.000029
Thu May 15 15:49:31.463 [airport]/579 @[1163163.564933] (airportProcessCommand.m:1715) Processed events, count[  1], @[1163163.564898], took 0.000026
Thu May 15 15:49:31.463 [airport]/579 @[1163163.565144] (airportProcessCommand.m:1715) Processed events, count[  1], @[1163163.565080], took 0.000054
Thu May 15 15:49:31.463 [airport]/579 @[1163163.565575] (airportProcessCommand.m:1715) Processed events, count[  1], @[1163163.565523], took 0.000042
Thu May 15 15:49:31.464 [airport]/579 @[1163163.566007] (airportProcessCommand.m:1715) Processed events, count[  1], @[1163163.565978], took 0.000022
Thu May 15 15:49:31.464 [airport]/579 @[1163163.566249] (airportProcessCommand.m:1715) Processed events, count[  1], @[1163163.566220], took 0.000020
Thu May 15 16:00:21.425 [airport]/579 @[1163813.514720] (configdIODriverInterface.m:4687) caps = CPU Net Disk Early , connection[0x6ac0492c0] token[0x00000000] capabilties[0x00008019], description:'DarkWake:cpu disk net ', lastSleepType[0x00000007]/'Deep Idle', hibernateStateFound[1] hibernateState[0x00000000/0] hibernateMode[0x00000003/3]
Thu May 15 16:00:21.434 [airport]/579 @[1163813.524430] (configdIODriverInterface.m:4784) Acknowledging sleep event, connection[0x6ac0492c0] token[0x00000000]
Thu May 15 16:00:21.551 [airport]/579 @[1163813.640694] (configdIODriverInterface.m:4687) caps = CPU Net Disk , connection[0x6ac0492c0] token[0x00000000] capabilties[0x000000b9], description:'DarkWake:cpu disk net push ', lastSleepType[0x00000007]/'Deep Idle', hibernateStateFound[1] hibernateState[0x00000000/0] hibernateMode[0x00000003/3]
Thu May 15 16:00:21.558 [airport]/579 @[1163813.648427] (configdIODriverInterface.m:4784) Acknowledging sleep event, connection[0x6ac0492c0] token[0x00000000]
Thu May 15 16:00:21.686 [airport]/579 @[1163813.775480] (configdIODriverInterface.m:1377) driver available (reason=0xe0821803, subreason=0x0, flags=0x0), node:isDriverAvailable=0
Thu May 15 16:00:21.699 Usb Host Notification Apple80211Set: seqNum 3432 Total 0 chg 0 en0
Thu May 15 16:00:21.704 Usb Host Notification metrics: usbChange=0, count=0, noiseDelta=0
Thu May 15 16:00:21.740 Usb Host Notification Apple80211Set: seqNum 3433 Total 0 chg 0 en0
Thu May 15 16:00:21.746 Usb Host Notification metrics: usbChange=0, count=0, noiseDelta=0
Thu May 15 16:00:21.810 [airport]/579 @[1163813.899867] (airportProcessCommand.m:1715) Processed events, count[ 16], @[1163813.898718], took 0.001133
Thu May 15 16:00:26.302 [airport]/579 @[1163818.391628] (airportProcessCommand.m:1715) Processed events, count[  2], @[1163818.391570], took 0.000050
Thu May 15 16:00:26.302 [airport]/579 @[1163818.392072] (airportProcessCommand.m:1715) Processed events, count[  1], @[1163818.392014], took 0.000050
Thu May 15 16:00:26.302 [airport]/579 @[1163818.392323] (airportProcessCommand.m:1715) Processed events, count[  1], @[1163818.392288], took 0.000028
Thu May 15 16:00:26.303 [airport]/579 @[1163818.392580] (airportProcessCommand.m:1715) Processed events, count[  1], @[1163818.392552], took 0.000021
Thu May 15 16:00:26.303 [airport]/579 @[1163818.392853] (airportProcessCommand.m:1715) Processed events, count[  1], @[1163818.392825], took 0.000021
Thu May 15 16:00:26.303 [airport]/579 @[1163818.393121] (airportProcessCommand.m:1715) Processed events, count[  1], @[1163818.393090], took 0.000024
Thu May 15 16:00:26.303 [airport]/579 @[1163818.393375] (airportProcessCommand.m:1715) Processed events, count[  1], @[1163818.393347], took 0.000021
Thu May 15 16:00:26.304 [airport]/579 @[1163818.393649] (airportProcessCommand.m:1715) Processed events, count[  1], @[1163818.393621], took 0.000021
Thu May 15 16:00:26.305 [airport]/579 @[1163818.394647] (airportProcessCommand.m:1715) Processed events, count[  1], @[1163818.393861], took 0.000776
Thu May 15 16:00:26.305 [airport]/579 @[1163818.394775] (airportProcessCommand.m:1715) Processed events, count[  1], @[1163818.394749], took 0.000020
Thu May 15 16:00:26.305 [airport]/579 @[1163818.394876] (airportProcessCommand.m:1715) Processed events, count[  1], @[1163818.394851], took 0.000018
Thu May 15 16:00:26.305 [airport]/579 @[1163818.394966] (airportProcessCommand.m:1715) Processed events, count[  1], @[1163818.394940], took 0.000018
Thu May 15 16:00:26.305 [airport]/579 @[1163818.395070] (airportProcessCommand.m:1715) Processed events, count[  1], @[1163818.395030], took 0.000033
Thu May 15 16:00:26.305 [airport]/579 @[1163818.395315] (airportProcessCommand.m:1715) Processed events, count[  1], @[1163818.395285], took 0.000023
Thu May 15 16:00:26.306 [airport]/579 @[1163818.395547] (airportProcessCommand.m:1715) Processed events, count[  1], @[1163818.395513], took 0.000026
Thu May 15 16:00:26.796 [airport]/579 @[1163818.885940] (configdIODriverInterface.m:4687) caps = , connection[0x6ac0492c0] token[0x04ec000d] capabilties[0x00000000], description:'Sleep:<off> ', lastSleepType[0x00000007]/'Deep Idle', hibernateStateFound[1] hibernateState[0x00000000/0] hibernateMode[0x00000003/3]
Thu May 15 16:00:26.805 [airport]/579 @[1163818.894617] (configdIODriverInterface.m:4375) <en0> Scan offloads will be ENABLED (lpas_supported=yes, softap=disabled, wow=disabled, tcpka=active, allow_unassoc_wakes=yes, allow_disconn_sleeps=yes, aj_disabled=no, scan_offload_disabled_until=(null))
Thu May 15 16:00:26.831 [airport]/579 @[1163818.921134] (configdIODriverInterface.m:4450) <en0> Successfully configured scan offloads, aj_disabled=no, PNO count[4]
Thu May 15 16:00:26.832 [airport]/579 @[1163818.921659] (configdIODriverInterface.m:3826) Acknowledging sleep event, connection[0x6ac0492c0] token[0x04ec000d], gPMConnection[0x6ac0492c0]
Thu May 15 16:00:26.837 [airport]/579 @[1163818.927366] (airportProcessCommand.m:1715) Processed events, count[ 16], @[1163818.926352], took 0.000992
Thu May 15 16:00:28.347 [airport]/579 @[1163820.437257] (configdIODriverInterface.m:1377) driver unavailable (reason=0xe0821804, subreason=0x0, flags=0x0), node:isDriverAvailable=1
Thu May 15 16:00:28.349 Usb Host Notification Error Apple80211Set: Device power is off seqNum 3434 Total 0 chg 0 en0
Thu May 15 16:00:28.359 [airport]/579 @[1163820.449271] (airportProcessCommand.m:1715) Processed events, count[  2], @[1163820.449195], took 0.000064
Thu May 15 16:00:28.360 [airport]/579 @[1163820.449797] (airportProcessCommand.m:1715) Processed events, count[  1], @[1163820.449748], took 0.000039
Thu May 15 16:00:28.360 [airport]/579 @[1163820.450124] (airportProcessCommand.m:1715) Processed events, count[  1], @[1163820.450049], took 0.000062
Thu May 15 16:00:28.361 [airport]/579 @[1163820.450598] (airportProcessCommand.m:1715) Processed events, count[  1], @[1163820.450558], took 0.000031
Thu May 15 16:00:28.362 [airport]/579 @[1163820.451379] (airportProcessCommand.m:1715) Processed events, count[  1], @[1163820.451339], took 0.000030
Thu May 15 16:00:28.362 [airport]/579 @[1163820.452080] (airportProcessCommand.m:1715) Processed events, count[  1], @[1163820.451996], took 0.000032
Thu May 15 16:00:28.364 [airport]/579 @[1163820.453506] (airportProcessCommand.m:1715) Processed events, count[  2], @[1163820.452545], took 0.000952
Thu May 15 16:00:28.364 [airport]/579 @[1163820.453674] (airportProcessCommand.m:1715) Processed events, count[  1], @[1163820.453631], took 0.000037
Thu May 15 16:00:28.364 [airport]/579 @[1163820.453797] (airportProcessCommand.m:1715) Processed events, count[  1], @[1163820.453770], took 0.000021
Thu May 15 16:00:28.364 [airport]/579 @[1163820.453904] (airportProcessCommand.m:1715) Processed events, count[  1], @[1163820.453880], took 0.000018
Thu May 15 16:00:28.364 [airport]/579 @[1163820.454049] (airportProcessCommand.m:1715) Processed events, count[  1], @[1163820.454002], took 0.000018
Thu May 15 16:00:28.364 [airport]/579 @[1163820.454360] (airportProcessCommand.m:1715) Processed events, count[  1], @[1163820.454329], took 0.000023
Thu May 15 16:00:28.365 [airport]/579 @[1163820.454705] (airportProcessCommand.m:1715) Processed events, count[  1], @[1163820.454672], took 0.000022
Thu May 15 16:16:29.446 [airport]/579 @[1164781.517740] (configdIODriverInterface.m:4687) caps = CPU Net Disk Early , connection[0x6ac0492c0] token[0x00000000] capabilties[0x00008019], description:'DarkWake:cpu disk net ', lastSleepType[0x00000007]/'Deep Idle', hibernateStateFound[1] hibernateState[0x00000000/0] hibernateMode[0x00000003/3]
Thu May 15 16:16:29.452 [airport]/579 @[1164781.523714] (configdIODriverInterface.m:4784) Acknowledging sleep event, connection[0x6ac0492c0] token[0x00000000]
Thu May 15 16:16:29.460 [airport]/579 @[1164781.532086] (airportProcessCommand.m:1715) Processed events, count[  2], @[1164781.532033], took 0.000046
Thu May 15 16:16:29.462 [airport]/579 @[1164781.534417] (airportProcessCommand.m:1715) Processed events, count[  1], @[1164781.534378], took 0.000031
Thu May 15 16:16:29.463 [airport]/579 @[1164781.534696] (airportProcessCommand.m:1715) Processed events, count[  1], @[1164781.534673], took 0.000017
Thu May 15 16:16:29.463 [airport]/579 @[1164781.534831] (airportProcessCommand.m:1715) Processed events, count[  1], @[1164781.534811], took 0.000015
Thu May 15 16:16:29.463 [airport]/579 @[1164781.535001] (airportProcessCommand.m:1715) Processed events, count[  1], @[1164781.534975], took 0.000020
Thu May 15 16:16:29.463 [airport]/579 @[1164781.535153] (airportProcessCommand.m:1715) Processed events, count[  1], @[1164781.535132], took 0.000016
Thu May 15 16:16:29.463 [airport]/579 @[1164781.535328] (airportProcessCommand.m:1715) Processed events, count[  1], @[1164781.535309], took 0.000014
Thu May 15 16:16:29.464 [airport]/579 @[1164781.536041] (airportProcessCommand.m:1715) Processed events, count[  1], @[1164781.535470], took 0.000564
Thu May 15 16:16:29.464 [airport]/579 @[1164781.536161] (airportProcessCommand.m:1715) Processed events, count[  1], @[1164781.536137], took 0.000018
Thu May 15 16:16:29.464 [airport]/579 @[1164781.536203] (airportProcessCommand.m:1715) Processed events, count[  1], @[1164781.536184], took 0.000013
Thu May 15 16:16:29.465 [airport]/579 @[1164781.536460] (airportProcessCommand.m:1715) Processed events, count[  1], @[1164781.536436], took 0.000019
Thu May 15 16:16:29.465 [airport]/579 @[1164781.537014] (airportProcessCommand.m:1715) Processed events, count[  1], @[1164781.536826], took 0.000182
Thu May 15 16:16:29.465 [airport]/579 @[1164781.537166] (airportProcessCommand.m:1715) Processed events, count[  1], @[1164781.537147], took 0.000015
Thu May 15 16:16:29.466 [airport]/579 @[1164781.537922] (airportProcessCommand.m:1715) Processed events, count[  1], @[1164781.537898], took 0.000018
Thu May 15 16:16:29.574 [airport]/579 @[1164781.645493] (configdIODriverInterface.m:4687) caps = CPU Net Disk , connection[0x6ac0492c0] token[0x00000000] capabilties[0x000000b9], description:'DarkWake:cpu disk net push ', lastSleepType[0x00000007]/'Deep Idle', hibernateStateFound[1] hibernateState[0x00000000/0] hibernateMode[0x00000003/3]
Thu May 15 16:16:29.580 [airport]/579 @[1164781.652342] (configdIODriverInterface.m:4784) Acknowledging sleep event, connection[0x6ac0492c0] token[0x00000000]
Thu May 15 16:16:29.724 [airport]/579 @[1164781.796104] (configdIODriverInterface.m:1377) driver available (reason=0xe0821803, subreason=0x0, flags=0x0), node:isDriverAvailable=0
Thu May 15 16:16:29.742 Usb Host Notification Apple80211Set: seqNum 3435 Total 0 chg 0 en0
Thu May 15 16:16:29.745 Usb Host Notification metrics: usbChange=0, count=0, noiseDelta=0
Thu May 15 16:16:29.823 Usb Host Notification Apple80211Set: seqNum 3436 Total 0 chg 0 en0
Thu May 15 16:16:29.824 Usb Host Notification metrics: usbChange=0, count=0, noiseDelta=0
Thu May 15 16:16:29.902 [airport]/579 @[1164781.973532] (airportProcessCommand.m:1715) Processed events, count[ 16], @[1164781.970736], took 0.002760
Thu May 15 16:16:31.597 [airport]/579 @[1164783.668825] (configdIODriverInterface.m:4687) caps = , connection[0x6ac0492c0] token[0x04ed000d] capabilties[0x00000000], description:'Sleep:<off> ', lastSleepType[0x00000007]/'Deep Idle', hibernateStateFound[1] hibernateState[0x00000000/0] hibernateMode[0x00000003/3]
Thu May 15 16:16:31.599 [airport]/579 @[1164783.670581] (configdIODriverInterface.m:4375) <en0> Scan offloads will be ENABLED (lpas_supported=yes, softap=disabled, wow=disabled, tcpka=active, allow_unassoc_wakes=yes, allow_disconn_sleeps=yes, aj_disabled=no, scan_offload_disabled_until=(null))
Thu May 15 16:16:31.624 [airport]/579 @[1164783.695597] (configdIODriverInterface.m:4450) <en0> Successfully configured scan offloads, aj_disabled=no, PNO count[4]
Thu May 15 16:16:31.624 [airport]/579 @[1164783.696224] (configdIODriverInterface.m:3826) Acknowledging sleep event, connection[0x6ac0492c0] token[0x04ed000d], gPMConnection[0x6ac0492c0]
Thu May 15 16:16:34.478 [airport]/579 @[1164786.549443] (configdIODriverInterface.m:1377) driver unavailable (reason=0xe0821804, subreason=0x0, flags=0x0), node:isDriverAvailable=1
Thu May 15 16:16:34.479 Usb Host Notification Error Apple80211Set: Device power is off seqNum 3437 Total 0 chg 0 en0
Thu May 15 16:16:34.490 [airport]/579 @[1164786.561451] (airportProcessCommand.m:1715) Processed events, count[  2], @[1164786.561379], took 0.000060
Thu May 15 16:16:34.490 [airport]/579 @[1164786.562037] (airportProcessCommand.m:1715) Processed events, count[  1], @[1164786.561996], took 0.000031
Thu May 15 16:16:34.491 [airport]/579 @[1164786.562622] (airportProcessCommand.m:1715) Processed events, count[  1], @[1164786.562578], took 0.000035
Thu May 15 16:16:34.491 [airport]/579 @[1164786.563049] (airportProcessCommand.m:1715) Processed events, count[  1], @[1164786.563012], took 0.000028
Thu May 15 16:16:34.492 [airport]/579 @[1164786.563767] (airportProcessCommand.m:1715) Processed events, count[  1], @[1164786.563712], took 0.000044
Thu May 15 16:16:34.492 [airport]/579 @[1164786.564108] (airportProcessCommand.m:1715) Processed events, count[  1], @[1164786.564069], took 0.000029
Thu May 15 16:16:34.493 [airport]/579 @[1164786.564545] (airportProcessCommand.m:1715) Processed events, count[  1], @[1164786.564498], took 0.000036
Thu May 15 16:16:34.494 [airport]/579 @[1164786.565803] (airportProcessCommand.m:1715) Processed events, count[  1], @[1164786.564891], took 0.000902
Thu May 15 16:16:34.494 [airport]/579 @[1164786.565955] (airportProcessCommand.m:1715) Processed events, count[  1], @[1164786.565918], took 0.000031
Thu May 15 16:16:34.494 [airport]/579 @[1164786.566058] (airportProcessCommand.m:1715) Processed events, count[  1], @[1164786.566029], took 0.000023
Thu May 15 16:16:34.494 [airport]/579 @[1164786.566167] (airportProcessCommand.m:1715) Processed events, count[  1], @[1164786.566125], took 0.000035
Thu May 15 16:16:34.494 [airport]/579 @[1164786.566262] (airportProcessCommand.m:1715) Processed events, count[  1], @[1164786.566234], took 0.000021
Thu May 15 16:16:34.495 [airport]/579 @[1164786.566517] (airportProcessCommand.m:1715) Processed events, count[  1], @[1164786.566492], took 0.000019
Thu May 15 16:16:34.495 [airport]/579 @[1164786.566865] (airportProcessCommand.m:1715) Processed events, count[  1], @[1164786.566828], took 0.000030
Thu May 15 16:32:30.461 [airport]/579 @[1165742.514642] (configdIODriverInterface.m:4687) caps = CPU Net Disk Early , connection[0x6ac0492c0] token[0x00000000] capabilties[0x00008019], description:'DarkWake:cpu disk net ', lastSleepType[0x00000007]/'Deep Idle', hibernateStateFound[1] hibernateState[0x00000000/0] hibernateMode[0x00000003/3]
Thu May 15 16:32:30.470 [airport]/579 @[1165742.524110] (configdIODriverInterface.m:4784) Acknowledging sleep event, connection[0x6ac0492c0] token[0x00000000]
Thu May 15 16:32:30.604 [airport]/579 @[1165742.658068] (configdIODriverInterface.m:4687) caps = CPU Net Disk , connection[0x6ac0492c0] token[0x00000000] capabilties[0x000000b9], description:'DarkWake:cpu disk net push ', lastSleepType[0x00000007]/'Deep Idle', hibernateStateFound[1] hibernateState[0x00000000/0] hibernateMode[0x00000003/3]
Thu May 15 16:32:30.609 [airport]/579 @[1165742.663368] (configdIODriverInterface.m:4784) Acknowledging sleep event, connection[0x6ac0492c0] token[0x00000000]
Thu May 15 16:32:30.772 [airport]/579 @[1165742.825743] (configdIODriverInterface.m:1377) driver available (reason=0xe0821803, subreason=0x0, flags=0x0), node:isDriverAvailable=0
Thu May 15 16:32:30.788 Usb Host Notification Apple80211Set: seqNum 3438 Total 0 chg 0 en0
Thu May 15 16:32:30.793 Usb Host Notification metrics: usbChange=0, count=0, noiseDelta=0
Thu May 15 16:32:30.863 Usb Host Notification Apple80211Set: seqNum 3439 Total 0 chg 0 en0
Thu May 15 16:32:30.866 Usb Host Notification metrics: usbChange=0, count=0, noiseDelta=0
Thu May 15 16:32:30.966 [airport]/579 @[1165743.020262] (airportProcessCommand.m:1715) Processed events, count[ 16], @[1165743.018862], took 0.001371
Thu May 15 16:32:32.618 [airport]/579 @[1165744.672338] (configdIODriverInterface.m:4687) caps = , connection[0x6ac0492c0] token[0x04ee000d] capabilties[0x00000000], description:'Sleep:<off> ', lastSleepType[0x00000007]/'Deep Idle', hibernateStateFound[1] hibernateState[0x00000000/0] hibernateMode[0x00000003/3]
Thu May 15 16:32:32.620 [airport]/579 @[1165744.674331] (configdIODriverInterface.m:4375) <en0> Scan offloads will be ENABLED (lpas_supported=yes, softap=disabled, wow=disabled, tcpka=active, allow_unassoc_wakes=yes, allow_disconn_sleeps=yes, aj_disabled=no, scan_offload_disabled_until=(null))
Thu May 15 16:32:32.642 [airport]/579 @[1165744.696321] (configdIODriverInterface.m:4450) <en0> Successfully configured scan offloads, aj_disabled=no, PNO count[4]
Thu May 15 16:32:32.643 [airport]/579 @[1165744.696866] (configdIODriverInterface.m:3826) Acknowledging sleep event, connection[0x6ac0492c0] token[0x04ee000d], gPMConnection[0x6ac0492c0]
Thu May 15 16:32:35.353 [airport]/579 @[1165747.406924] (airportProcessCommand.m:1715) Processed events, count[  1], @[1165747.406863], took 0.000050
Thu May 15 16:32:35.354 [airport]/579 @[1165747.407601] (airportProcessCommand.m:1715) Processed events, count[  2], @[1165747.407550], took 0.000043
Thu May 15 16:32:35.354 [airport]/579 @[1165747.407932] (airportProcessCommand.m:1715) Processed events, count[  1], @[1165747.407888], took 0.000036
Thu May 15 16:32:35.354 [airport]/579 @[1165747.408177] (airportProcessCommand.m:1715) Processed events, count[  1], @[1165747.408142], took 0.000027
Thu May 15 16:32:35.355 [airport]/579 @[1165747.408449] (airportProcessCommand.m:1715) Processed events, count[  1], @[1165747.408420], took 0.000022
Thu May 15 16:32:35.355 [airport]/579 @[1165747.408713] (airportProcessCommand.m:1715) Processed events, count[  1], @[1165747.408686], took 0.000020
Thu May 15 16:32:35.355 [airport]/579 @[1165747.408996] (airportProcessCommand.m:1715) Processed events, count[  1], @[1165747.408967], took 0.000022
Thu May 15 16:32:35.355 [airport]/579 @[1165747.409268] (airportProcessCommand.m:1715) Processed events, count[  1], @[1165747.409241], took 0.000020
Thu May 15 16:32:35.356 [airport]/579 @[1165747.410259] (airportProcessCommand.m:1715) Processed events, count[  1], @[1165747.409485], took 0.000767
Thu May 15 16:32:35.356 [airport]/579 @[1165747.410402] (airportProcessCommand.m:1715) Processed events, count[  1], @[1165747.410379], took 0.000017
Thu May 15 16:32:35.357 [airport]/579 @[1165747.410500] (airportProcessCommand.m:1715) Processed events, count[  1], @[1165747.410480], took 0.000014
Thu May 15 16:32:35.357 [airport]/579 @[1165747.410650] (airportProcessCommand.m:1715) Processed events, count[  1], @[1165747.410629], took 0.000015
Thu May 15 16:32:35.357 [airport]/579 @[1165747.410737] (airportProcessCommand.m:1715) Processed events, count[  1], @[1165747.410718], took 0.000013
Thu May 15 16:32:35.357 [airport]/579 @[1165747.410825] (airportProcessCommand.m:1715) Processed events, count[  1], @[1165747.410806], took 0.000014
Thu May 15 16:32:35.357 [airport]/579 @[1165747.411157] (airportProcessCommand.m:1715) Processed events, count[  1], @[1165747.411136], took 0.000015
Thu May 15 16:32:35.493 [airport]/579 @[1165747.546385] (configdIODriverInterface.m:1377) driver unavailable (reason=0xe0821804, subreason=0x0, flags=0x0), node:isDriverAvailable=1
Thu May 15 16:32:35.495 Usb Host Notification Error Apple80211Set: Device power is off seqNum 3440 Total 0 chg 0 en0
Thu May 15 16:32:35.505 [airport]/579 @[1165747.558774] (airportProcessCommand.m:1715) Processed events, count[  2], @[1165747.558693], took 0.000069
Thu May 15 16:32:35.506 [airport]/579 @[1165747.559459] (airportProcessCommand.m:1715) Processed events, count[  1], @[1165747.559395], took 0.000049
Thu May 15 16:32:35.506 [airport]/579 @[1165747.560042] (airportProcessCommand.m:1715) Processed events, count[  1], @[1165747.559969], took 0.000057
Thu May 15 16:32:35.507 [airport]/579 @[1165747.560770] (airportProcessCommand.m:1715) Processed events, count[  1], @[1165747.560713], took 0.000043
Thu May 15 16:32:35.508 [airport]/579 @[1165747.561407] (airportProcessCommand.m:1715) Processed events, count[  1], @[1165747.561366], took 0.000031
Thu May 15 16:32:35.508 [airport]/579 @[1165747.561890] (airportProcessCommand.m:1715) Processed events, count[  1], @[1165747.561847], took 0.000034
Thu May 15 16:32:35.509 [airport]/579 @[1165747.562428] (airportProcessCommand.m:1715) Processed events, count[  1], @[1165747.562386], took 0.000032
Thu May 15 16:32:35.510 [airport]/579 @[1165747.563812] (airportProcessCommand.m:1715) Processed events, count[  1], @[1165747.562764], took 0.001035
Thu May 15 16:32:35.510 [airport]/579 @[1165747.564020] (airportProcessCommand.m:1715) Processed events, count[  1], @[1165747.563944], took 0.000066
Thu May 15 16:32:35.510 [airport]/579 @[1165747.564165] (airportProcessCommand.m:1715) Processed events, count[  1], @[1165747.564125], took 0.000031
Thu May 15 16:32:35.510 [airport]/579 @[1165747.564285] (airportProcessCommand.m:1715) Processed events, count[  1], @[1165747.564247], took 0.000029
Thu May 15 16:32:35.510 [airport]/579 @[1165747.564397] (airportProcessCommand.m:1715) Processed events, count[  1], @[1165747.564364], took 0.000023
Thu May 15 16:32:35.511 [airport]/579 @[1165747.564962] (airportProcessCommand.m:1715) Processed events, count[  1], @[1165747.564811], took 0.000037
Thu May 15 16:32:35.511 [airport]/579 @[1165747.565351] (airportProcessCommand.m:1715) Processed events, count[  1], @[1165747.565296], took 0.000045
Thu May 15 16:48:13.483 [airport]/579 @[1166685.519226] (configdIODriverInterface.m:4687) caps = CPU Net Disk Early , connection[0x6ac0492c0] token[0x00000000] capabilties[0x00008019], description:'DarkWake:cpu disk net ', lastSleepType[0x00000007]/'Deep Idle', hibernateStateFound[1] hibernateState[0x00000000/0] hibernateMode[0x00000003/3]
Thu May 15 16:48:13.486 [airport]/579 @[1166685.522405] (configdIODriverInterface.m:4784) Acknowledging sleep event, connection[0x6ac0492c0] token[0x00000000]
Thu May 15 16:48:13.494 [airport]/579 @[1166685.530049] (airportProcessCommand.m:1715) Processed events, count[  2], @[1166685.530006], took 0.000036
Thu May 15 16:48:13.494 [airport]/579 @[1166685.530286] (airportProcessCommand.m:1715) Processed events, count[  1], @[1166685.530256], took 0.000023
Thu May 15 16:48:13.496 [airport]/579 @[1166685.532796] (airportProcessCommand.m:1715) Processed events, count[  1], @[1166685.532760], took 0.000028
Thu May 15 16:48:13.497 [airport]/579 @[1166685.533138] (airportProcessCommand.m:1715) Processed events, count[  1], @[1166685.533111], took 0.000021
Thu May 15 16:48:13.497 [airport]/579 @[1166685.533324] (airportProcessCommand.m:1715) Processed events, count[  1], @[1166685.533297], took 0.000020
Thu May 15 16:48:13.497 [airport]/579 @[1166685.533613] (airportProcessCommand.m:1715) Processed events, count[  1], @[1166685.533590], took 0.000017
Thu May 15 16:48:13.497 [airport]/579 @[1166685.533812] (airportProcessCommand.m:1715) Processed events, count[  1], @[1166685.533783], took 0.000019
Thu May 15 16:48:13.498 [airport]/579 @[1166685.534300] (airportProcessCommand.m:1715) Processed events, count[  1], @[1166685.533934], took 0.000359
Thu May 15 16:48:13.498 [airport]/579 @[1166685.534393] (airportProcessCommand.m:1715) Processed events, count[  1], @[1166685.534373], took 0.000015
Thu May 15 16:48:13.498 [airport]/579 @[1166685.534439] (airportProcessCommand.m:1715) Processed events, count[  1], @[1166685.534416], took 0.000018
Thu May 15 16:48:13.498 [airport]/579 @[1166685.534563] (airportProcessCommand.m:1715) Processed events, count[  1], @[1166685.534542], took 0.000015
Thu May 15 16:48:13.498 [airport]/579 @[1166685.534788] (airportProcessCommand.m:1715) Processed events, count[  1], @[1166685.534767], took 0.000016
Thu May 15 16:48:13.499 [airport]/579 @[1166685.535162] (airportProcessCommand.m:1715) Processed events, count[  1], @[1166685.535140], took 0.000017
Thu May 15 16:48:13.499 [airport]/579 @[1166685.535335] (airportProcessCommand.m:1715) Processed events, count[  1], @[1166685.535312], took 0.000017
Thu May 15 16:48:13.597 [airport]/579 @[1166685.632899] (configdIODriverInterface.m:4687) caps = CPU Net Disk , connection[0x6ac0492c0] token[0x00000000] capabilties[0x000000b9], description:'DarkWake:cpu disk net push ', lastSleepType[0x00000007]/'Deep Idle', hibernateStateFound[1] hibernateState[0x00000000/0] hibernateMode[0x00000003/3]
Thu May 15 16:48:13.604 [airport]/579 @[1166685.640126] (configdIODriverInterface.m:4784) Acknowledging sleep event, connection[0x6ac0492c0] token[0x00000000]
Thu May 15 16:48:13.740 [airport]/579 @[1166685.776780] (configdIODriverInterface.m:1377) driver available (reason=0xe0821803, subreason=0x0, flags=0x0), node:isDriverAvailable=0
Thu May 15 16:48:13.753 Usb Host Notification Apple80211Set: seqNum 3441 Total 0 chg 0 en0
Thu May 15 16:48:13.759 Usb Host Notification metrics: usbChange=0, count=0, noiseDelta=0
Thu May 15 16:48:13.792 Usb Host Notification Apple80211Set: seqNum 3442 Total 0 chg 0 en0
Thu May 15 16:48:13.795 Usb Host Notification metrics: usbChange=0, count=0, noiseDelta=0
Thu May 15 16:48:13.854 [airport]/579 @[1166685.890397] (airportProcessCommand.m:1715) Processed events, count[ 16], @[1166685.889364], took 0.001015
Thu May 15 16:48:15.619 [airport]/579 @[1166687.654905] (configdIODriverInterface.m:4687) caps = , connection[0x6ac0492c0] token[0x04ef000d] capabilties[0x00000000], description:'Sleep:<off> ', lastSleepType[0x00000007]/'Deep Idle', hibernateStateFound[1] hibernateState[0x00000000/0] hibernateMode[0x00000003/3]
Thu May 15 16:48:15.621 [airport]/579 @[1166687.657551] (configdIODriverInterface.m:4375) <en0> Scan offloads will be ENABLED (lpas_supported=yes, softap=disabled, wow=disabled, tcpka=active, allow_unassoc_wakes=yes, allow_disconn_sleeps=yes, aj_disabled=no, scan_offload_disabled_until=(null))
Thu May 15 16:48:15.646 [airport]/579 @[1166687.682511] (configdIODriverInterface.m:4450) <en0> Successfully configured scan offloads, aj_disabled=no, PNO count[4]
Thu May 15 16:48:15.647 [airport]/579 @[1166687.683140] (configdIODriverInterface.m:3826) Acknowledging sleep event, connection[0x6ac0492c0] token[0x04ef000d], gPMConnection[0x6ac0492c0]
Thu May 15 16:48:18.514 [airport]/579 @[1166690.550273] (configdIODriverInterface.m:1377) driver unavailable (reason=0xe0821804, subreason=0x0, flags=0x0), node:isDriverAvailable=1
Thu May 15 16:48:18.516 Usb Host Notification Error Apple80211Set: Device power is off seqNum 3443 Total 0 chg 0 en0
Thu May 15 16:48:18.524 [airport]/579 @[1166690.560489] (airportProcessCommand.m:1715) Processed events, count[  2], @[1166690.560336], took 0.000138
Thu May 15 16:48:18.525 [airport]/579 @[1166690.561045] (airportProcessCommand.m:1715) Processed events, count[  1], @[1166690.560969], took 0.000043
Thu May 15 16:48:18.525 [airport]/579 @[1166690.561574] (airportProcessCommand.m:1715) Processed events, count[  1], @[1166690.561515], took 0.000046
Thu May 15 16:48:18.526 [airport]/579 @[1166690.562272] (airportProcessCommand.m:1715) Processed events, count[  1], @[1166690.561876], took 0.000387
Thu May 15 16:48:18.526 [airport]/579 @[1166690.562658] (airportProcessCommand.m:1715) Processed events, count[  1], @[1166690.562620], took 0.000030
Thu May 15 16:48:18.527 [airport]/579 @[1166690.563075] (airportProcessCommand.m:1715) Processed events, count[  1], @[1166690.563037], took 0.000028
Thu May 15 16:48:18.527 [airport]/579 @[1166690.563444] (airportProcessCommand.m:1715) Processed events, count[  1], @[1166690.563404], took 0.000031
Thu May 15 16:48:18.529 [airport]/579 @[1166690.564862] (airportProcessCommand.m:1715) Processed events, count[  1], @[1166690.563725], took 0.001123
Thu May 15 16:48:18.529 [airport]/579 @[1166690.565030] (airportProcessCommand.m:1715) Processed events, count[  1], @[1166690.564983], took 0.000038
Thu May 15 16:48:18.529 [airport]/579 @[1166690.565213] (airportProcessCommand.m:1715) Processed events, count[  1], @[1166690.565136], took 0.000067
Thu May 15 16:48:18.529 [airport]/579 @[1166690.565359] (airportProcessCommand.m:1715) Processed events, count[  1], @[1166690.565321], took 0.000028
Thu May 15 16:48:18.529 [airport]/579 @[1166690.565603] (airportProcessCommand.m:1715) Processed events, count[  1], @[1166690.565564], took 0.000029
Thu May 15 16:48:18.530 [airport]/579 @[1166690.566105] (airportProcessCommand.m:1715) Processed events, count[  1], @[1166690.566057], took 0.000036
Thu May 15 16:48:18.530 [airport]/579 @[1166690.566390] (airportProcessCommand.m:1715) Processed events, count[  1], @[1166690.566351], took 0.000030
Thu May 15 17:01:22.491 [airport]/579 @[1167474.512471] (configdIODriverInterface.m:4687) caps = CPU Net Disk Early , connection[0x6ac0492c0] token[0x00000000] capabilties[0x00008019], description:'DarkWake:cpu disk net ', lastSleepType[0x00000007]/'Deep Idle', hibernateStateFound[1] hibernateState[0x00000000/0] hibernateMode[0x00000003/3]
Thu May 15 17:01:22.505 [airport]/579 @[1167474.527111] (configdIODriverInterface.m:4784) Acknowledging sleep event, connection[0x6ac0492c0] token[0x00000000]
Thu May 15 17:01:22.609 [airport]/579 @[1167474.630895] (configdIODriverInterface.m:4687) caps = CPU Net Disk , connection[0x6ac0492c0] token[0x00000000] capabilties[0x000000b9], description:'DarkWake:cpu disk net push ', lastSleepType[0x00000007]/'Deep Idle', hibernateStateFound[1] hibernateState[0x00000000/0] hibernateMode[0x00000003/3]
Thu May 15 17:01:22.619 [airport]/579 @[1167474.640507] (configdIODriverInterface.m:4784) Acknowledging sleep event, connection[0x6ac0492c0] token[0x00000000]
Thu May 15 17:01:22.757 [airport]/579 @[1167474.778764] (configdIODriverInterface.m:1377) driver available (reason=0xe0821803, subreason=0x0, flags=0x0), node:isDriverAvailable=0
Thu May 15 17:01:22.773 Usb Host Notification Apple80211Set: seqNum 3444 Total 0 chg 0 en0
Thu May 15 17:01:22.779 Usb Host Notification metrics: usbChange=0, count=0, noiseDelta=0
Thu May 15 17:01:22.840 Usb Host Notification Apple80211Set: seqNum 3445 Total 0 chg 0 en0
Thu May 15 17:01:22.843 Usb Host Notification metrics: usbChange=0, count=0, noiseDelta=0
Thu May 15 17:01:22.956 [airport]/579 @[1167474.977358] (airportProcessCommand.m:1715) Processed events, count[ 16], @[1167474.975653], took 0.001677
Thu May 15 17:01:26.591 [airport]/579 @[1167478.612343] (airportdMain.m:1730) Health check alive, checkin@[1167478.612299], count[3900] 
Thu May 15 17:01:27.415 [airport]/579 @[1167479.436703] (airportProcessCommand.m:1715) Processed events, count[  1], @[1167479.436626], took 0.000062
Thu May 15 17:01:27.416 [airport]/579 @[1167479.437480] (airportProcessCommand.m:1715) Processed events, count[  2], @[1167479.437417], took 0.000052
Thu May 15 17:01:27.416 [airport]/579 @[1167479.437835] (airportProcessCommand.m:1715) Processed events, count[  1], @[1167479.437780], took 0.000045
Thu May 15 17:01:27.417 [airport]/579 @[1167479.438145] (airportProcessCommand.m:1715) Processed events, count[  1], @[1167479.438098], took 0.000037
Thu May 15 17:01:27.417 [airport]/579 @[1167479.438474] (airportProcessCommand.m:1715) Processed events, count[  1], @[1167479.438435], took 0.000030
Thu May 15 17:01:27.417 [airport]/579 @[1167479.438820] (airportProcessCommand.m:1715) Processed events, count[  1], @[1167479.438758], took 0.000027
Thu May 15 17:01:27.418 [airport]/579 @[1167479.439136] (airportProcessCommand.m:1715) Processed events, count[  1], @[1167479.439110], took 0.000020
Thu May 15 17:01:27.418 [airport]/579 @[1167479.439387] (airportProcessCommand.m:1715) Processed events, count[  1], @[1167479.439361], took 0.000019
Thu May 15 17:01:27.419 [airport]/579 @[1167479.440370] (airportProcessCommand.m:1715) Processed events, count[  1], @[1167479.439608], took 0.000752
Thu May 15 17:01:27.419 [airport]/579 @[1167479.440496] (airportProcessCommand.m:1715) Processed events, count[  1], @[1167479.440471], took 0.000019
Thu May 15 17:01:27.419 [airport]/579 @[1167479.440578] (airportProcessCommand.m:1715) Processed events, count[  1], @[1167479.440554], took 0.000017
Thu May 15 17:01:27.419 [airport]/579 @[1167479.440652] (airportProcessCommand.m:1715) Processed events, count[  1], @[1167479.440629], took 0.000017
Thu May 15 17:01:27.419 [airport]/579 @[1167479.440790] (airportProcessCommand.m:1715) Processed events, count[  1], @[1167479.440772], took 0.000013
Thu May 15 17:01:27.419 [airport]/579 @[1167479.440980] (airportProcessCommand.m:1715) Processed events, count[  1], @[1167479.440955], took 0.000016
Thu May 15 17:01:27.420 [airport]/579 @[1167479.441177] (airportProcessCommand.m:1715) Processed events, count[  1], @[1167479.441158], took 0.000014
Thu May 15 17:01:27.899 [airport]/579 @[1167479.920973] (configdIODriverInterface.m:4687) caps = , connection[0x6ac0492c0] token[0x04f0000d] capabilties[0x00000000], description:'Sleep:<off> ', lastSleepType[0x00000007]/'Deep Idle', hibernateStateFound[1] hibernateState[0x00000000/0] hibernateMode[0x00000003/3]
Thu May 15 17:01:27.919 [airport]/579 @[1167479.940413] (configdIODriverInterface.m:4375) <en0> Scan offloads will be ENABLED (lpas_supported=yes, softap=disabled, wow=disabled, tcpka=active, allow_unassoc_wakes=yes, allow_disconn_sleeps=yes, aj_disabled=no, scan_offload_disabled_until=(null))
Thu May 15 17:01:27.942 [airport]/579 @[1167479.963633] (configdIODriverInterface.m:4450) <en0> Successfully configured scan offloads, aj_disabled=no, PNO count[4]
Thu May 15 17:01:27.943 [airport]/579 @[1167479.964056] (configdIODriverInterface.m:3826) Acknowledging sleep event, connection[0x6ac0492c0] token[0x04f0000d], gPMConnection[0x6ac0492c0]
Thu May 15 17:01:27.947 [airport]/579 @[1167479.968194] (airportProcessCommand.m:1715) Processed events, count[ 16], @[1167479.967185], took 0.000987
Thu May 15 17:01:29.453 [airport]/579 @[1167481.474071] (configdIODriverInterface.m:1377) driver unavailable (reason=0xe0821804, subreason=0x0, flags=0x0), node:isDriverAvailable=1
Thu May 15 17:01:29.455 Usb Host Notification Error Apple80211Set: Device power is off seqNum 3446 Total 0 chg 0 en0
Thu May 15 17:01:29.465 [airport]/579 @[1167481.486259] (airportProcessCommand.m:1715) Processed events, count[  2], @[1167481.486183], took 0.000056
Thu May 15 17:01:29.465 [airport]/579 @[1167481.486670] (airportProcessCommand.m:1715) Processed events, count[  1], @[1167481.486621], took 0.000037
Thu May 15 17:01:29.466 [airport]/579 @[1167481.487080] (airportProcessCommand.m:1715) Processed events, count[  1], @[1167481.487035], took 0.000035
Thu May 15 17:01:29.466 [airport]/579 @[1167481.487508] (airportProcessCommand.m:1715) Processed events, count[  1], @[1167481.487468], took 0.000030
Thu May 15 17:01:29.466 [airport]/579 @[1167481.487979] (airportProcessCommand.m:1715) Processed events, count[  1], @[1167481.487809], took 0.000136
Thu May 15 17:01:29.467 [airport]/579 @[1167481.488345] (airportProcessCommand.m:1715) Processed events, count[  1], @[1167481.488301], took 0.000033
Thu May 15 17:01:29.467 [airport]/579 @[1167481.488780] (airportProcessCommand.m:1715) Processed events, count[  1], @[1167481.488716], took 0.000035
Thu May 15 17:01:29.469 [airport]/579 @[1167481.490062] (airportProcessCommand.m:1715) Processed events, count[  1], @[1167481.489131], took 0.000917
Thu May 15 17:01:29.469 [airport]/579 @[1167481.490327] (airportProcessCommand.m:1715) Processed events, count[  1], @[1167481.490277], took 0.000041
Thu May 15 17:01:29.469 [airport]/579 @[1167481.490470] (airportProcessCommand.m:1715) Processed events, count[  1], @[1167481.490422], took 0.000023
Thu May 15 17:01:29.469 [airport]/579 @[1167481.490741] (airportProcessCommand.m:1715) Processed events, count[  1], @[1167481.490713], took 0.000021
Thu May 15 17:01:29.470 [airport]/579 @[1167481.491369] (airportProcessCommand.m:1715) Processed events, count[  1], @[1167481.491340], took 0.000022
Thu May 15 17:01:29.470 [airport]/579 @[1167481.492002] (airportProcessCommand.m:1715) Processed events, count[  1], @[1167481.491947], took 0.000048
Thu May 15 17:01:29.471 [airport]/579 @[1167481.492275] (airportProcessCommand.m:1715) Processed events, count[  1], @[1167481.492246], took 0.000022
Thu May 15 17:16:33.512 [airport]/579 @[1168385.516863] (configdIODriverInterface.m:4687) caps = CPU Net Disk Early , connection[0x6ac0492c0] token[0x00000000] capabilties[0x00008019], description:'DarkWake:cpu disk net ', lastSleepType[0x00000007]/'Deep Idle', hibernateStateFound[1] hibernateState[0x00000000/0] hibernateMode[0x00000003/3]
Thu May 15 17:16:33.518 [airport]/579 @[1168385.522612] (configdIODriverInterface.m:4784) Acknowledging sleep event, connection[0x6ac0492c0] token[0x00000000]
Thu May 15 17:16:33.525 [airport]/579 @[1168385.530034] (airportProcessCommand.m:1715) Processed events, count[  2], @[1168385.529994], took 0.000033
Thu May 15 17:16:33.527 [airport]/579 @[1168385.531241] (airportProcessCommand.m:1715) Processed events, count[  1], @[1168385.531210], took 0.000019
Thu May 15 17:16:33.527 [airport]/579 @[1168385.531420] (airportProcessCommand.m:1715) Processed events, count[  1], @[1168385.531399], took 0.000016
Thu May 15 17:16:33.527 [airport]/579 @[1168385.531666] (airportProcessCommand.m:1715) Processed events, count[  1], @[1168385.531644], took 0.000017
Thu May 15 17:16:33.527 [airport]/579 @[1168385.531843] (airportProcessCommand.m:1715) Processed events, count[  1], @[1168385.531823], took 0.000015
Thu May 15 17:16:33.527 [airport]/579 @[1168385.532090] (airportProcessCommand.m:1715) Processed events, count[  1], @[1168385.532069], took 0.000016
Thu May 15 17:16:33.528 [airport]/579 @[1168385.532314] (airportProcessCommand.m:1715) Processed events, count[  1], @[1168385.532296], took 0.000014
Thu May 15 17:16:33.529 [airport]/579 @[1168385.533171] (airportProcessCommand.m:1715) Processed events, count[  1], @[1168385.532486], took 0.000678
Thu May 15 17:16:33.529 [airport]/579 @[1168385.533299] (airportProcessCommand.m:1715) Processed events, count[  1], @[1168385.533261], took 0.000032
Thu May 15 17:16:33.529 [airport]/579 @[1168385.533343] (airportProcessCommand.m:1715) Processed events, count[  1], @[1168385.533325], took 0.000013
Thu May 15 17:16:33.529 [airport]/579 @[1168385.533633] (airportProcessCommand.m:1715) Processed events, count[  1], @[1168385.533610], took 0.000018
Thu May 15 17:16:33.529 [airport]/579 @[1168385.533840] (airportProcessCommand.m:1715) Processed events, count[  1], @[1168385.533816], took 0.000018
Thu May 15 17:16:33.529 [airport]/579 @[1168385.534055] (airportProcessCommand.m:1715) Processed events, count[  1], @[1168385.534032], took 0.000017
Thu May 15 17:16:33.530 [airport]/579 @[1168385.534415] (airportProcessCommand.m:1715) Processed events, count[  1], @[1168385.534393], took 0.000016
Thu May 15 17:16:33.669 [airport]/579 @[1168385.673411] (configdIODriverInterface.m:4687) caps = CPU Net Disk , connection[0x6ac0492c0] token[0x00000000] capabilties[0x000000b9], description:'DarkWake:cpu disk net push ', lastSleepType[0x00000007]/'Deep Idle', hibernateStateFound[1] hibernateState[0x00000000/0] hibernateMode[0x00000003/3]
Thu May 15 17:16:33.670 [airport]/579 @[1168385.674962] (configdIODriverInterface.m:4784) Acknowledging sleep event, connection[0x6ac0492c0] token[0x00000000]
Thu May 15 17:16:33.806 [airport]/579 @[1168385.810125] (configdIODriverInterface.m:1377) driver available (reason=0xe0821803, subreason=0x0, flags=0x0), node:isDriverAvailable=0
Thu May 15 17:16:33.825 Usb Host Notification Apple80211Set: seqNum 3447 Total 0 chg 0 en0
Thu May 15 17:16:33.834 Usb Host Notification metrics: usbChange=0, count=0, noiseDelta=0
Thu May 15 17:16:33.893 Usb Host Notification Apple80211Set: seqNum 3448 Total 0 chg 0 en0
Thu May 15 17:16:33.894 Usb Host Notification metrics: usbChange=0, count=0, noiseDelta=0
Thu May 15 17:16:33.957 [airport]/579 @[1168385.961592] (airportProcessCommand.m:1715) Processed events, count[ 16], @[1168385.959679], took 0.001895
Thu May 15 17:16:35.668 [airport]/579 @[1168387.672790] (configdIODriverInterface.m:4687) caps = , connection[0x6ac0492c0] token[0x04f1000d] capabilties[0x00000000], description:'Sleep:<off> ', lastSleepType[0x00000007]/'Deep Idle', hibernateStateFound[1] hibernateState[0x00000000/0] hibernateMode[0x00000003/3]
Thu May 15 17:16:35.671 [airport]/579 @[1168387.675664] (configdIODriverInterface.m:4375) <en0> Scan offloads will be ENABLED (lpas_supported=yes, softap=disabled, wow=disabled, tcpka=active, allow_unassoc_wakes=yes, allow_disconn_sleeps=yes, aj_disabled=no, scan_offload_disabled_until=(null))
Thu May 15 17:16:35.696 [airport]/579 @[1168387.700082] (configdIODriverInterface.m:4450) <en0> Successfully configured scan offloads, aj_disabled=no, PNO count[4]
Thu May 15 17:16:35.696 [airport]/579 @[1168387.700690] (configdIODriverInterface.m:3826) Acknowledging sleep event, connection[0x6ac0492c0] token[0x04f1000d], gPMConnection[0x6ac0492c0]
Thu May 15 17:16:38.546 [airport]/579 @[1168390.550270] (configdIODriverInterface.m:1377) driver unavailable (reason=0xe0821804, subreason=0x0, flags=0x0), node:isDriverAvailable=1
Thu May 15 17:16:38.548 Usb Host Notification Error Apple80211Set: Device power is off seqNum 3449 Total 0 chg 0 en0
Thu May 15 17:16:38.558 [airport]/579 @[1168390.562661] (airportProcessCommand.m:1715) Processed events, count[  2], @[1168390.562586], took 0.000062
Thu May 15 17:16:38.559 [airport]/579 @[1168390.563359] (airportProcessCommand.m:1715) Processed events, count[  1], @[1168390.563283], took 0.000047
Thu May 15 17:16:38.559 [airport]/579 @[1168390.563778] (airportProcessCommand.m:1715) Processed events, count[  1], @[1168390.563726], took 0.000041
Thu May 15 17:16:38.560 [airport]/579 @[1168390.564437] (airportProcessCommand.m:1715) Processed events, count[  1], @[1168390.564394], took 0.000033
Thu May 15 17:16:38.560 [airport]/579 @[1168390.564909] (airportProcessCommand.m:1715) Processed events, count[  1], @[1168390.564838], took 0.000032
Thu May 15 17:16:38.561 [airport]/579 @[1168390.565411] (airportProcessCommand.m:1715) Processed events, count[  1], @[1168390.565373], took 0.000029
Thu May 15 17:16:38.561 [airport]/579 @[1168390.565853] (airportProcessCommand.m:1715) Processed events, count[  1], @[1168390.565825], took 0.000021
Thu May 15 17:16:38.563 [airport]/579 @[1168390.567093] (airportProcessCommand.m:1715) Processed events, count[  1], @[1168390.566173], took 0.000910
Thu May 15 17:16:38.563 [airport]/579 @[1168390.567276] (airportProcessCommand.m:1715) Processed events, count[  1], @[1168390.567236], took 0.000033
Thu May 15 17:16:38.563 [airport]/579 @[1168390.567389] (airportProcessCommand.m:1715) Processed events, count[  1], @[1168390.567361], took 0.000022
Thu May 15 17:16:38.563 [airport]/579 @[1168390.567482] (airportProcessCommand.m:1715) Processed events, count[  1], @[1168390.567457], took 0.000018
Thu May 15 17:16:38.563 [airport]/579 @[1168390.567570] (airportProcessCommand.m:1715) Processed events, count[  1], @[1168390.567545], took 0.000018
Thu May 15 17:16:38.563 [airport]/579 @[1168390.567953] (airportProcessCommand.m:1715) Processed events, count[  1], @[1168390.567923], took 0.000022
Thu May 15 17:16:38.564 [airport]/579 @[1168390.568318] (airportProcessCommand.m:1715) Processed events, count[  1], @[1168390.568271], took 0.000039
Thu May 15 17:18:03.509 [airport]/579 @[1168475.512087] (configdIODriverInterface.m:4687) caps = CPU Net Disk Early , connection[0x6ac0492c0] token[0x00000000] capabilties[0x00008019], description:'DarkWake:cpu disk net ', lastSleepType[0x00000007]/'Deep Idle', hibernateStateFound[1] hibernateState[0x00000000/0] hibernateMode[0x00000003/3]
Thu May 15 17:18:03.515 [airport]/579 @[1168475.517712] (configdIODriverInterface.m:4784) Acknowledging sleep event, connection[0x6ac0492c0] token[0x00000000]
Thu May 15 17:18:03.667 [airport]/579 @[1168475.669505] (configdIODriverInterface.m:4687) caps = CPU Net Disk , connection[0x6ac0492c0] token[0x00000000] capabilties[0x000000b9], description:'DarkWake:cpu disk net push ', lastSleepType[0x00000007]/'Deep Idle', hibernateStateFound[1] hibernateState[0x00000000/0] hibernateMode[0x00000003/3]
Thu May 15 17:18:03.668 [airport]/579 @[1168475.670603] (configdIODriverInterface.m:4784) Acknowledging sleep event, connection[0x6ac0492c0] token[0x00000000]
Thu May 15 17:18:03.773 [airport]/579 @[1168475.775600] (configdIODriverInterface.m:1377) driver available (reason=0xe0821803, subreason=0x0, flags=0x0), node:isDriverAvailable=0
Thu May 15 17:18:03.783 Usb Host Notification Apple80211Set: seqNum 3450 Total 0 chg 0 en0
Thu May 15 17:18:03.789 Usb Host Notification metrics: usbChange=0, count=0, noiseDelta=0
Thu May 15 17:18:03.828 Usb Host Notification Apple80211Set: seqNum 3451 Total 0 chg 0 en0
Thu May 15 17:18:03.831 Usb Host Notification metrics: usbChange=0, count=0, noiseDelta=0
Thu May 15 17:18:03.886 [airport]/579 @[1168475.888909] (airportProcessCommand.m:1715) Processed events, count[ 16], @[1168475.887836], took 0.001061
Thu May 15 17:18:08.478 [airport]/579 @[1168480.481228] (airportProcessCommand.m:1715) Processed events, count[  2], @[1168480.481099], took 0.000082
Thu May 15 17:18:08.479 [airport]/579 @[1168480.481618] (airportProcessCommand.m:1715) Processed events, count[  1], @[1168480.481561], took 0.000043
Thu May 15 17:18:08.479 [airport]/579 @[1168480.482036] (airportProcessCommand.m:1715) Processed events, count[  1], @[1168480.481977], took 0.000047
Thu May 15 17:18:08.480 [airport]/579 @[1168480.482498] (airportProcessCommand.m:1715) Processed events, count[  1], @[1168480.482446], took 0.000039
Thu May 15 17:18:08.480 [airport]/579 @[1168480.482928] (airportProcessCommand.m:1715) Processed events, count[  1], @[1168480.482849], took 0.000066
Thu May 15 17:18:08.480 [airport]/579 @[1168480.483318] (airportProcessCommand.m:1715) Processed events, count[  1], @[1168480.483269], took 0.000038
Thu May 15 17:18:08.481 [airport]/579 @[1168480.483736] (airportProcessCommand.m:1715) Processed events, count[  1], @[1168480.483686], took 0.000038
Thu May 15 17:18:08.481 [airport]/579 @[1168480.484156] (airportProcessCommand.m:1715) Processed events, count[  1], @[1168480.484107], took 0.000038
Thu May 15 17:18:08.493 [airport]/579 @[1168480.495856] (airportProcessCommand.m:1715) Processed events, count[  1], @[1168480.484549], took 0.011282
Thu May 15 17:18:08.493 [airport]/579 @[1168480.496120] (airportProcessCommand.m:1715) Processed events, count[  1], @[1168480.496049], took 0.000055
Thu May 15 17:18:08.493 [airport]/579 @[1168480.496297] (airportProcessCommand.m:1715) Processed events, count[  1], @[1168480.496246], took 0.000038
Thu May 15 17:18:08.494 [airport]/579 @[1168480.496431] (airportProcessCommand.m:1715) Processed events, count[  1], @[1168480.496386], took 0.000033
Thu May 15 17:18:08.494 [airport]/579 @[1168480.496555] (airportProcessCommand.m:1715) Processed events, count[  1], @[1168480.496509], took 0.000034
Thu May 15 17:18:08.494 [airport]/579 @[1168480.496675] (airportProcessCommand.m:1715) Processed events, count[  1], @[1168480.496631], took 0.000033
Thu May 15 17:18:08.494 [airport]/579 @[1168480.496816] (airportProcessCommand.m:1715) Processed events, count[  1], @[1168480.496753], took 0.000031
Thu May 15 17:18:08.882 [airport]/579 @[1168480.884669] (configdIODriverInterface.m:4687) caps = , connection[0x6ac0492c0] token[0x04f2000d] capabilties[0x00000000], description:'Sleep:<off> ', lastSleepType[0x00000007]/'Deep Idle', hibernateStateFound[1] hibernateState[0x00000000/0] hibernateMode[0x00000003/3]
Thu May 15 17:18:08.886 [airport]/579 @[1168480.889049] (configdIODriverInterface.m:4375) <en0> Scan offloads will be ENABLED (lpas_supported=yes, softap=disabled, wow=disabled, tcpka=active, allow_unassoc_wakes=yes, allow_disconn_sleeps=yes, aj_disabled=no, scan_offload_disabled_until=(null))
Thu May 15 17:18:08.908 [airport]/579 @[1168480.910517] (configdIODriverInterface.m:4450) <en0> Successfully configured scan offloads, aj_disabled=no, PNO count[4]
Thu May 15 17:18:08.908 [airport]/579 @[1168480.910942] (configdIODriverInterface.m:3826) Acknowledging sleep event, connection[0x6ac0492c0] token[0x04f2000d], gPMConnection[0x6ac0492c0]
Thu May 15 17:18:08.911 [airport]/579 @[1168480.914102] (airportProcessCommand.m:1715) Processed events, count[ 16], @[1168480.912967], took 0.001111
Thu May 15 17:18:10.436 [airport]/579 @[1168482.438650] (configdIODriverInterface.m:1377) driver unavailable (reason=0xe0821804, subreason=0x0, flags=0x0), node:isDriverAvailable=1
Thu May 15 17:18:10.438 Usb Host Notification Error Apple80211Set: Device power is off seqNum 3452 Total 0 chg 0 en0
Thu May 15 17:18:10.448 [airport]/579 @[1168482.450400] (airportProcessCommand.m:1715) Processed events, count[  2], @[1168482.450325], took 0.000063
Thu May 15 17:18:10.448 [airport]/579 @[1168482.450989] (airportProcessCommand.m:1715) Processed events, count[  1], @[1168482.450948], took 0.000031
Thu May 15 17:18:10.449 [airport]/579 @[1168482.451477] (airportProcessCommand.m:1715) Processed events, count[  1], @[1168482.451325], took 0.000142
Thu May 15 17:18:10.449 [airport]/579 @[1168482.451829] (airportProcessCommand.m:1715) Processed events, count[  1], @[1168482.451785], took 0.000033
Thu May 15 17:18:10.450 [airport]/579 @[1168482.452402] (airportProcessCommand.m:1715) Processed events, count[  1], @[1168482.452360], took 0.000032
Thu May 15 17:18:10.450 [airport]/579 @[1168482.452938] (airportProcessCommand.m:1715) Processed events, count[  1], @[1168482.452898], took 0.000030
Thu May 15 17:18:10.450 [airport]/579 @[1168482.453300] (airportProcessCommand.m:1715) Processed events, count[  1], @[1168482.453264], took 0.000027
Thu May 15 17:18:10.452 [airport]/579 @[1168482.454508] (airportProcessCommand.m:1715) Processed events, count[  1], @[1168482.453622], took 0.000876
Thu May 15 17:18:10.452 [airport]/579 @[1168482.454668] (airportProcessCommand.m:1715) Processed events, count[  1], @[1168482.454631], took 0.000030
Thu May 15 17:18:10.452 [airport]/579 @[1168482.454874] (airportProcessCommand.m:1715) Processed events, count[  1], @[1168482.454840], took 0.000026
Thu May 15 17:18:10.452 [airport]/579 @[1168482.455013] (airportProcessCommand.m:1715) Processed events, count[  1], @[1168482.454986], took 0.000019
Thu May 15 17:18:10.453 [airport]/579 @[1168482.455356] (airportProcessCommand.m:1715) Processed events, count[  1], @[1168482.455327], took 0.000022
Thu May 15 17:18:10.453 [airport]/579 @[1168482.455696] (airportProcessCommand.m:1715) Processed events, count[  1], @[1168482.455669], took 0.000021
Thu May 15 17:18:10.453 [airport]/579 @[1168482.455938] (airportProcessCommand.m:1715) Processed events, count[  1], @[1168482.455911], took 0.000020
Thu May 15 17:34:16.530 [airport]/579 @[1169448.515110] (configdIODriverInterface.m:4687) caps = CPU Net Disk Early , connection[0x6ac0492c0] token[0x00000000] capabilties[0x00008019], description:'DarkWake:cpu disk net ', lastSleepType[0x00000007]/'Deep Idle', hibernateStateFound[1] hibernateState[0x00000000/0] hibernateMode[0x00000003/3]
Thu May 15 17:34:16.536 [airport]/579 @[1169448.520638] (configdIODriverInterface.m:4784) Acknowledging sleep event, connection[0x6ac0492c0] token[0x00000000]
Thu May 15 17:34:16.613 [airport]/579 @[1169448.597764] (airportProcessCommand.m:1715) Processed events, count[  2], @[1169448.597673], took 0.000075
Thu May 15 17:34:16.615 [airport]/579 @[1169448.599414] (airportProcessCommand.m:1715) Processed events, count[  1], @[1169448.599353], took 0.000046
Thu May 15 17:34:16.615 [airport]/579 @[1169448.599749] (airportProcessCommand.m:1715) Processed events, count[  1], @[1169448.599692], took 0.000043
Thu May 15 17:34:16.617 [airport]/579 @[1169448.601947] (airportProcessCommand.m:1715) Processed events, count[  1], @[1169448.601882], took 0.000052
Thu May 15 17:34:16.618 [airport]/579 @[1169448.602385] (airportProcessCommand.m:1715) Processed events, count[  1], @[1169448.602346], took 0.000029
Thu May 15 17:34:16.618 [airport]/579 @[1169448.602613] (airportProcessCommand.m:1715) Processed events, count[  1], @[1169448.602576], took 0.000027
Thu May 15 17:34:16.618 [airport]/579 @[1169448.603010] (airportProcessCommand.m:1715) Processed events, count[  1], @[1169448.602969], took 0.000031
Thu May 15 17:34:16.620 [airport]/579 @[1169448.604753] (airportProcessCommand.m:1715) Processed events, count[  1], @[1169448.603529], took 0.001210
Thu May 15 17:34:16.620 [airport]/579 @[1169448.605003] (airportProcessCommand.m:1715) Processed events, count[  1], @[1169448.604868], took 0.000128
Thu May 15 17:34:16.621 [airport]/579 @[1169448.605069] (airportProcessCommand.m:1715) Processed events, count[  1], @[1169448.605043], took 0.000020
Thu May 15 17:34:16.621 [airport]/579 @[1169448.605540] (airportProcessCommand.m:1715) Processed events, count[  1], @[1169448.605478], took 0.000055
Thu May 15 17:34:16.622 [airport]/579 @[1169448.607275] (airportProcessCommand.m:1715) Processed events, count[  1], @[1169448.607235], took 0.000032
Thu May 15 17:34:16.624 [airport]/579 @[1169448.608697] (airportProcessCommand.m:1715) Processed events, count[  1], @[1169448.608658], took 0.000030
Thu May 15 17:34:16.625 [airport]/579 @[1169448.609478] (airportProcessCommand.m:1715) Processed events, count[  1], @[1169448.609446], took 0.000024
Thu May 15 17:34:16.652 [airport]/579 @[1169448.634012] (configdIODriverInterface.m:4687) caps = CPU Net Disk , connection[0x6ac0492c0] token[0x00000000] capabilties[0x000000b9], description:'DarkWake:cpu disk net push ', lastSleepType[0x00000007]/'Deep Idle', hibernateStateFound[1] hibernateState[0x00000000/0] hibernateMode[0x00000003/3]
Thu May 15 17:34:16.657 [airport]/579 @[1169448.641926] (configdIODriverInterface.m:4784) Acknowledging sleep event, connection[0x6ac0492c0] token[0x00000000]
Thu May 15 17:34:16.757 [airport]/579 @[1169448.742047] (airportProcessCommand.m:1715) Processed events, count[  1], @[1169448.741988], took 0.000048
Thu May 15 17:34:16.758 [airport]/579 @[1169448.742727] (airportProcessCommand.m:1715) Processed events, count[  2], @[1169448.742682], took 0.000038
Thu May 15 17:34:16.758 [airport]/579 @[1169448.743001] (airportProcessCommand.m:1715) Processed events, count[  1], @[1169448.742970], took 0.000024
Thu May 15 17:34:16.758 [airport]/579 @[1169448.743283] (airportProcessCommand.m:1715) Processed events, count[  1], @[1169448.743238], took 0.000034
Thu May 15 17:34:16.759 [airport]/579 @[1169448.743703] (airportProcessCommand.m:1715) Processed events, count[  1], @[1169448.743679], took 0.000018
Thu May 15 17:34:16.759 [airport]/579 @[1169448.744048] (airportProcessCommand.m:1715) Processed events, count[  1], @[1169448.744021], took 0.000021
Thu May 15 17:34:16.760 [airport]/579 @[1169448.744393] (airportProcessCommand.m:1715) Processed events, count[  1], @[1169448.744368], took 0.000019
Thu May 15 17:34:16.761 [airport]/579 @[1169448.745642] (airportProcessCommand.m:1715) Processed events, count[  1], @[1169448.744610], took 0.001022
Thu May 15 17:34:16.761 [airport]/579 @[1169448.745932] (airportProcessCommand.m:1715) Processed events, count[  1], @[1169448.745809], took 0.000114
Thu May 15 17:34:16.761 [airport]/579 @[1169448.746092] (airportProcessCommand.m:1715) Processed events, count[  1], @[1169448.746055], took 0.000028
Thu May 15 17:34:16.761 [airport]/579 @[1169448.746214] (airportProcessCommand.m:1715) Processed events, count[  1], @[1169448.746179], took 0.000025
Thu May 15 17:34:16.762 [airport]/579 @[1169448.746349] (airportProcessCommand.m:1715) Processed events, count[  1], @[1169448.746290], took 0.000050
Thu May 15 17:34:16.762 [airport]/579 @[1169448.746791] (airportProcessCommand.m:1715) Processed events, count[  2], @[1169448.746728], took 0.000052
Thu May 15 17:34:16.821 [airport]/579 @[1169448.805564] (airportProcessCommand.m:1715) Processed events, count[  2], @[1169448.805477], took 0.000073
Thu May 15 17:34:16.821 [airport]/579 @[1169448.806044] (airportProcessCommand.m:1715) Processed events, count[  2], @[1169448.805940], took 0.000099
Thu May 15 17:34:16.822 [airport]/579 @[1169448.806332] (airportProcessCommand.m:1715) Processed events, count[  1], @[1169448.806270], took 0.000056
Thu May 15 17:34:16.823 [airport]/579 @[1169448.808005] (airportProcessCommand.m:1715) Processed events, count[  1], @[1169448.807964], took 0.000019
Thu May 15 17:34:16.825 [airport]/579 @[1169448.809605] (configdIODriverInterface.m:1377) driver available (reason=0xe0821803, subreason=0x0, flags=0x0), node:isDriverAvailable=0
Thu May 15 17:34:16.825 [airport]/579 @[1169448.810179] (airportProcessCommand.m:1715) Processed events, count[  5], @[1169448.808750], took 0.001423
Thu May 15 17:34:16.826 [airport]/579 @[1169448.810386] (airportProcessCommand.m:1715) Processed events, count[  4], @[1169448.810271], took 0.000107
Thu May 15 17:34:16.837 Usb Host Notification Apple80211Set: seqNum 3453 Total 0 chg 0 en0
Thu May 15 17:34:16.843 Usb Host Notification metrics: usbChange=0, count=0, noiseDelta=0
Thu May 15 17:34:16.881 Usb Host Notification Apple80211Set: seqNum 3454 Total 0 chg 0 en0
Thu May 15 17:34:16.884 Usb Host Notification metrics: usbChange=0, count=0, noiseDelta=0
Thu May 15 17:34:17.078 [airport]/579 @[1169449.062658] (airportProcessCommand.m:1715) Processed events, count[ 16], @[1169449.061069], took 0.001561
Thu May 15 17:34:18.676 [airport]/579 @[1169450.660729] (configdIODriverInterface.m:4687) caps = , connection[0x6ac0492c0] token[0x04f3000d] capabilties[0x00000000], description:'Sleep:<off> ', lastSleepType[0x00000007]/'Deep Idle', hibernateStateFound[1] hibernateState[0x00000000/0] hibernateMode[0x00000003/3]
Thu May 15 17:34:18.678 [airport]/579 @[1169450.662669] (configdIODriverInterface.m:4375) <en0> Scan offloads will be ENABLED (lpas_supported=yes, softap=disabled, wow=disabled, tcpka=active, allow_unassoc_wakes=yes, allow_disconn_sleeps=yes, aj_disabled=no, scan_offload_disabled_until=(null))
Thu May 15 17:34:18.700 [airport]/579 @[1169450.684991] (configdIODriverInterface.m:4450) <en0> Successfully configured scan offloads, aj_disabled=no, PNO count[4]
Thu May 15 17:34:20.050 [airport]/579 @[1169452.034970] (airportProcessCommand.m:1715) Processed events, count[  3], @[1169452.034907], took 0.000053
Thu May 15 17:34:20.051 [airport]/579 @[1169452.035356] (airportProcessCommand.m:1715) Processed events, count[  1], @[1169452.035318], took 0.000032
Thu May 15 17:34:20.051 [airport]/579 @[1169452.035738] (configdIODriverInterface.m:3826) Acknowledging sleep event, connection[0x6ac0492c0] token[0x04f3000d], gPMConnection[0x6ac0492c0]
Thu May 15 17:34:20.051 [airport]/579 @[1169452.035764] (airportProcessCommand.m:1715) Processed events, count[  1], @[1169452.035737], took 0.000021
Thu May 15 17:34:20.054 [airport]/579 @[1169452.038950] (airportProcessCommand.m:1715) Processed events, count[ 11], @[1169452.038336], took 0.000607
Thu May 15 17:34:21.565 [airport]/579 @[1169453.549454] (configdIODriverInterface.m:1377) driver unavailable (reason=0xe0821804, subreason=0x0, flags=0x0), node:isDriverAvailable=1
Thu May 15 17:34:21.566 Usb Host Notification Error Apple80211Set: Device power is off seqNum 3455 Total 0 chg 0 en0
Thu May 15 17:34:21.588 [airport]/579 @[1169453.572909] (airportProcessCommand.m:1715) Processed events, count[  2], @[1169453.572844], took 0.000054
Thu May 15 17:34:21.589 [airport]/579 @[1169453.573274] (airportProcessCommand.m:1715) Processed events, count[  2], @[1169453.573229], took 0.000038
Thu May 15 17:34:21.589 [airport]/579 @[1169453.573598] (airportProcessCommand.m:1715) Processed events, count[  1], @[1169453.573552], took 0.000039
Thu May 15 17:34:21.589 [airport]/579 @[1169453.574166] (airportProcessCommand.m:1715) Processed events, count[  1], @[1169453.574137], took 0.000022
Thu May 15 17:34:21.590 [airport]/579 @[1169453.574428] (airportProcessCommand.m:1715) Processed events, count[  1], @[1169453.574391], took 0.000030
Thu May 15 17:34:21.590 [airport]/579 @[1169453.574722] (airportProcessCommand.m:1715) Processed events, count[  1], @[1169453.574698], took 0.000018
Thu May 15 17:34:21.591 [airport]/579 @[1169453.575571] (airportProcessCommand.m:1715) Processed events, count[  1], @[1169453.574941], took 0.000621
Thu May 15 17:34:21.591 [airport]/579 @[1169453.575736] (airportProcessCommand.m:1715) Processed events, count[  1], @[1169453.575711], took 0.000019
Thu May 15 17:34:21.591 [airport]/579 @[1169453.575974] (airportProcessCommand.m:1715) Processed events, count[  1], @[1169453.575953], took 0.000016
Thu May 15 17:34:21.592 [airport]/579 @[1169453.576504] (airportProcessCommand.m:1715) Processed events, count[  2], @[1169453.576455], took 0.000029
Thu May 15 17:34:21.592 [airport]/579 @[1169453.576770] (airportProcessCommand.m:1715) Processed events, count[  1], @[1169453.576748], took 0.000016
Thu May 15 17:34:21.592 [airport]/579 @[1169453.577053] (airportProcessCommand.m:1715) Processed events, count[  1], @[1169453.577028], took 0.000019
Thu May 15 17:36:26.583 [airport]/579 @[1169578.565280] (configdIODriverInterface.m:4687) caps = CPU Net Disk Early , connection[0x6ac0492c0] token[0x00000000] capabilties[0x00008019], description:'DarkWake:cpu disk net ', lastSleepType[0x00000007]/'Deep Idle', hibernateStateFound[1] hibernateState[0x00000000/0] hibernateMode[0x00000003/3]
Thu May 15 17:36:26.589 [airport]/579 @[1169578.571742] (configdIODriverInterface.m:4784) Acknowledging sleep event, connection[0x6ac0492c0] token[0x00000000]
Thu May 15 17:36:26.597 [airport]/579 @[1169578.579794] (airportProcessCommand.m:1715) Processed events, count[  2], @[1169578.579740], took 0.000046
Thu May 15 17:36:26.598 [airport]/579 @[1169578.580006] (airportProcessCommand.m:1715) Processed events, count[  1], @[1169578.579982], took 0.000018
Thu May 15 17:36:26.599 [airport]/579 @[1169578.581681] (airportProcessCommand.m:1715) Processed events, count[  1], @[1169578.581324], took 0.000347
Thu May 15 17:36:26.600 [airport]/579 @[1169578.582014] (airportProcessCommand.m:1715) Processed events, count[  1], @[1169578.581982], took 0.000026
Thu May 15 17:36:26.600 [airport]/579 @[1169578.582216] (airportProcessCommand.m:1715) Processed events, count[  1], @[1169578.582193], took 0.000018
Thu May 15 17:36:26.600 [airport]/579 @[1169578.582384] (airportProcessCommand.m:1715) Processed events, count[  1], @[1169578.582359], took 0.000020
Thu May 15 17:36:26.600 [airport]/579 @[1169578.582522] (airportProcessCommand.m:1715) Processed events, count[  1], @[1169578.582501], took 0.000016
Thu May 15 17:36:26.601 [airport]/579 @[1169578.583139] (airportProcessCommand.m:1715) Processed events, count[  1], @[1169578.582675], took 0.000405
Thu May 15 17:36:26.601 [airport]/579 @[1169578.583244] (airportProcessCommand.m:1715) Processed events, count[  1], @[1169578.583220], took 0.000018
Thu May 15 17:36:26.601 [airport]/579 @[1169578.583291] (airportProcessCommand.m:1715) Processed events, count[  1], @[1169578.583270], took 0.000015
Thu May 15 17:36:26.601 [airport]/579 @[1169578.583392] (airportProcessCommand.m:1715) Processed events, count[  1], @[1169578.583371], took 0.000016
Thu May 15 17:36:26.601 [airport]/579 @[1169578.583764] (airportProcessCommand.m:1715) Processed events, count[  1], @[1169578.583739], took 0.000019
Thu May 15 17:36:26.602 [airport]/579 @[1169578.583966] (airportProcessCommand.m:1715) Processed events, count[  1], @[1169578.583942], took 0.000018
Thu May 15 17:36:26.602 [airport]/579 @[1169578.584159] (airportProcessCommand.m:1715) Processed events, count[  1], @[1169578.584129], took 0.000023
Thu May 15 17:36:26.630 [airport]/579 @[1169578.612116] (airportProcessCommand.m:1715) Processed events, count[  2], @[1169578.612059], took 0.000048
Thu May 15 17:36:26.630 [airport]/579 @[1169578.612420] (airportProcessCommand.m:1715) Processed events, count[  1], @[1169578.612397], took 0.000018
Thu May 15 17:36:26.630 [airport]/579 @[1169578.612682] (airportProcessCommand.m:1715) Processed events, count[  1], @[1169578.612653], took 0.000023
Thu May 15 17:36:26.630 [airport]/579 @[1169578.612872] (airportProcessCommand.m:1715) Processed events, count[  1], @[1169578.612850], took 0.000016
Thu May 15 17:36:26.631 [airport]/579 @[1169578.613129] (airportProcessCommand.m:1715) Processed events, count[  1], @[1169578.613109], took 0.000015
Thu May 15 17:36:26.631 [airport]/579 @[1169578.613377] (airportProcessCommand.m:1715) Processed events, count[  1], @[1169578.613339], took 0.000015
Thu May 15 17:36:26.631 [airport]/579 @[1169578.613568] (airportProcessCommand.m:1715) Processed events, count[  1], @[1169578.613545], took 0.000018
Thu May 15 17:36:26.632 [airport]/579 @[1169578.614702] (airportProcessCommand.m:1715) Processed events, count[  1], @[1169578.613778], took 0.000917
Thu May 15 17:36:26.632 [airport]/579 @[1169578.614824] (airportProcessCommand.m:1715) Processed events, count[  1], @[1169578.614796], took 0.000022
Thu May 15 17:36:26.633 [airport]/579 @[1169578.614903] (airportProcessCommand.m:1715) Processed events, count[  1], @[1169578.614882], took 0.000016
Thu May 15 17:36:26.633 [airport]/579 @[1169578.614974] (airportProcessCommand.m:1715) Processed events, count[  1], @[1169578.614953], took 0.000016
Thu May 15 17:36:26.633 [airport]/579 @[1169578.615035] (airportProcessCommand.m:1715) Processed events, count[  1], @[1169578.615018], took 0.000012
Thu May 15 17:36:26.633 [airport]/579 @[1169578.615113] (airportProcessCommand.m:1715) Processed events, count[  1], @[1169578.615078], took 0.000012
Thu May 15 17:36:26.633 [airport]/579 @[1169578.615180] (airportProcessCommand.m:1715) Processed events, count[  1], @[1169578.615163], took 0.000013
Thu May 15 17:36:26.720 [airport]/579 @[1169578.702113] (configdIODriverInterface.m:4687) caps = CPU Net Disk , connection[0x6ac0492c0] token[0x00000000] capabilties[0x000000b9], description:'DarkWake:cpu disk net push ', lastSleepType[0x00000007]/'Deep Idle', hibernateStateFound[1] hibernateState[0x00000000/0] hibernateMode[0x00000003/3]
Thu May 15 17:36:26.725 [airport]/579 @[1169578.707382] (configdIODriverInterface.m:4784) Acknowledging sleep event, connection[0x6ac0492c0] token[0x00000000]
Thu May 15 17:36:26.849 [airport]/579 @[1169578.831695] (configdIODriverInterface.m:1377) driver available (reason=0xe0821803, subreason=0x0, flags=0x0), node:isDriverAvailable=0
Thu May 15 17:36:26.863 Usb Host Notification Apple80211Set: seqNum 3456 Total 0 chg 0 en0
Thu May 15 17:36:26.869 Usb Host Notification metrics: usbChange=0, count=0, noiseDelta=0
Thu May 15 17:36:26.906 Usb Host Notification Apple80211Set: seqNum 3457 Total 0 chg 0 en0
Thu May 15 17:36:26.906 Usb Host Notification metrics: usbChange=0, count=0, noiseDelta=0
Thu May 15 17:36:26.974 [airport]/579 @[1169578.956228] (airportProcessCommand.m:1715) Processed events, count[ 16], @[1169578.955436], took 0.000784
Thu May 15 17:36:26.974 [airport]/579 @[1169578.956434] (airportProcessCommand.m:1715) Processed events, count[  4], @[1169578.956386], took 0.000042
Thu May 15 17:36:26.974 [airport]/579 @[1169578.956570] (airportProcessCommand.m:1715) Processed events, count[  2], @[1169578.956518], took 0.000029
Thu May 15 17:36:26.974 [airport]/579 @[1169578.956673] (airportProcessCommand.m:1715) Processed events, count[  1], @[1169578.956643], took 0.000025
Thu May 15 17:36:26.975 [airport]/579 @[1169578.957383] (airportProcessCommand.m:1715) Processed events, count[  9], @[1169578.956725], took 0.000652
Thu May 15 17:36:30.846 [airport]/579 @[1169582.828312] (airportProcessCommand.m:1715) Processed events, count[  4], @[1169582.828257], took 0.000047
Thu May 15 17:36:30.849 [airport]/579 @[1169582.831730] (airportProcessCommand.m:1715) Processed events, count[  3], @[1169582.831686], took 0.000038
Thu May 15 17:36:30.850 [airport]/579 @[1169582.832757] (airportProcessCommand.m:1715) Processed events, count[  3], @[1169582.831854], took 0.000896
Thu May 15 17:36:30.851 [airport]/579 @[1169582.832920] (airportProcessCommand.m:1715) Processed events, count[  5], @[1169582.832876], took 0.000039
Thu May 15 17:36:30.851 [airport]/579 @[1169582.833029] (airportProcessCommand.m:1715) Processed events, count[  1], @[1169582.832988], took 0.000035
Thu May 15 17:36:31.267 [airport]/579 @[1169583.249035] (airportProcessCommand.m:1715) Processed events, count[  0], @[1169583.247538], took 0.001481
Thu May 15 17:36:31.268 [airport]/579 @[1169583.250731] (airportProcessCommand.m:1715) Processed events, count[  0], @[1169583.249512], took 0.001202
Thu May 15 17:36:31.270 [airport]/579 @[1169583.252654] (airportProcessCommand.m:1715) Processed events, count[  0], @[1169583.251210], took 0.001425
Thu May 15 17:36:31.280 [airport]/579 @[1169583.262125] (airportProcessCommand.m:1715) Processed events, count[ 19], @[1169583.261380], took 0.000738
Thu May 15 17:36:31.282 [airport]/579 @[1169583.264324] (airportProcessCommand.m:1715) Processed events, count[  0], @[1169583.262740], took 0.001562
Thu May 15 17:36:31.404 [airport]/579 @[1169583.385893] (airportProcessCommand.m:1715) Processed events, count[  0], @[1169583.296980], took 0.088894
Thu May 15 17:36:31.410 [airport]/579 @[1169583.392301] (airportProcessCommand.m:1715) Processed events, count[ 19], @[1169583.386165], took 0.006113
Thu May 15 17:36:31.411 [airport]/579 @[1169583.392843] (airportProcessCommand.m:1715) Processed events, count[  1], @[1169583.392613], took 0.000223
Thu May 15 17:36:31.411 [airport]/579 @[1169583.393435] (airportProcessCommand.m:1715) Processed events, count[  1], @[1169583.393006], took 0.000334
Thu May 15 17:36:31.412 [airport]/579 @[1169583.394107] (airportProcessCommand.m:1715) Processed events, count[  1], @[1169583.393792], took 0.000298
Thu May 15 17:36:31.412 [airport]/579 @[1169583.394298] (airportProcessCommand.m:1715) Processed events, count[  1], @[1169583.394268], took 0.000023
Thu May 15 17:36:31.412 [airport]/579 @[1169583.394443] (airportProcessCommand.m:1715) Processed events, count[  1], @[1169583.394373], took 0.000020
Thu May 15 17:36:31.412 [airport]/579 @[1169583.394611] (airportProcessCommand.m:1715) Processed events, count[  1], @[1169583.394523], took 0.000080
Thu May 15 17:36:31.415 [airport]/579 @[1169583.397056] (airportProcessCommand.m:1715) Processed events, count[  1], @[1169583.394776], took 0.002266
Thu May 15 17:36:31.415 [airport]/579 @[1169583.397369] (airportProcessCommand.m:1715) Processed events, count[  1], @[1169583.397286], took 0.000067
Thu May 15 17:36:31.415 [airport]/579 @[1169583.397461] (airportProcessCommand.m:1715) Processed events, count[  1], @[1169583.397426], took 0.000029
Thu May 15 17:36:31.415 [airport]/579 @[1169583.397558] (airportProcessCommand.m:1715) Processed events, count[  1], @[1169583.397532], took 0.000019
Thu May 15 17:36:31.415 [airport]/579 @[1169583.397605] (airportProcessCommand.m:1715) Processed events, count[  1], @[1169583.397583], took 0.000016
Thu May 15 17:36:31.416 [airport]/579 @[1169583.398257] (airportProcessCommand.m:1715) Processed events, count[  1], @[1169583.397628], took 0.000621
Thu May 15 17:36:31.416 [airport]/579 @[1169583.398519] (airportProcessCommand.m:1715) Processed events, count[  1], @[1169583.398328], took 0.000186
Thu May 15 17:36:31.416 [airport]/579 @[1169583.398567] (airportProcessCommand.m:1715) Processed events, count[  1], @[1169583.398547], took 0.000014
Thu May 15 17:36:31.416 [airport]/579 @[1169583.398605] (airportProcessCommand.m:1715) Processed events, count[  1], @[1169583.398587], took 0.000013
Thu May 15 17:36:31.416 [airport]/579 @[1169583.398644] (airportProcessCommand.m:1715) Processed events, count[  1], @[1169583.398625], took 0.000014
Thu May 15 17:36:31.416 [airport]/579 @[1169583.398680] (airportProcessCommand.m:1715) Processed events, count[  1], @[1169583.398662], took 0.000013
Thu May 15 17:36:31.416 [airport]/579 @[1169583.398719] (airportProcessCommand.m:1715) Processed events, count[  1], @[1169583.398700], took 0.000012
Thu May 15 17:36:31.418 [airport]/579 @[1169583.400288] (airportProcessCommand.m:1715) Processed events, count[  0], @[1169583.398958], took 0.001320
Thu May 15 17:36:31.419 [airport]/579 @[1169583.401771] (airportProcessCommand.m:1715) Processed events, count[  0], @[1169583.400722], took 0.001041
Thu May 15 17:36:31.421 [airport]/579 @[1169583.403247] (airportProcessCommand.m:1715) Processed events, count[  0], @[1169583.402061], took 0.001177
Thu May 15 17:36:31.423 [airport]/579 @[1169583.404968] (airportProcessCommand.m:1715) Processed events, count[  0], @[1169583.403668], took 0.001287
Thu May 15 17:36:33.847 [airport]/579 @[1169585.829171] (airportProcessCommand.m:1633) Processing IPv4: 'State:/Network/Service/DB43842D-AE5D-42CC-A081-0DED8A4F28CF/IPv4'
Thu May 15 17:36:33.847 [airport]/579 @[1169585.829314] (airportProcessCommand.m:454) State:/Network/Service/DB43842D-AE5D-42CC-A081-0DED8A4F28CF/IPv4
Thu May 15 17:36:33.848 [airport]/579 @[1169585.830007] (airportProcessCommand.m:501) IPV4 State change for en0
Thu May 15 17:36:33.849 [airport]/579 @[1169585.831256] (airportProcessCommand.m:513) IP Address: 192.168.58.103
Thu May 15 17:36:33.849 [airport]/579 @[1169585.831377] (airportProcessCommand.m:535) IP subnet mask: 255.255.255.0
Thu May 15 17:36:33.849 [airport]/579 @[1169585.831458] (airportProcessCommand.m:544) Router IP Address: 192.168.58.1
Thu May 15 17:36:33.850 [airport]/579 @[1169585.832069] (airportProcessCommand.m:553) Default Gateway IP Address: 192.168.58.1
Thu May 15 17:36:33.850 [airport]/579 @[1169585.832181] (airportProcessCommand.m:562) Router MAC Address: e8:da:00:0e:a4:ae
Thu May 15 17:36:33.875 [airport]/579 @[1169585.857641] (airportProcessCommand.m:596) ARP offload settings ({
Thu May 15 17:36:33.876     "ADDR_LIST" =     (
Thu May 15 17:36:33.876         {length = 4, bytes = 0xc0a83a67}
Thu May 15 17:36:33.876     );
Thu May 15 17:36:33.876     "ROUTER_IP_ADDR" = {length = 4, bytes = 0xc0a83a01};
Thu May 15 17:36:33.876     "ROUTER_MAC_ADDR" = {length = 6, bytes = 0xe8da000ea4ae};
Thu May 15 17:36:33.876 })
Thu May 15 17:36:33.882 [airport]/579 @[1169585.863987] (airportProcessCommand.m:1715) Processed events, count[  2], @[1169585.829072], took 0.029161
Thu May 15 17:36:34.078 [airport]/579 @[1169586.060558] (airportProcessCommand.m:1633) Processing IPv4: 'State:/Network/Global/IPv4'
Thu May 15 17:36:34.079 [airport]/579 @[1169586.060730] (airportProcessCommand.m:454) State:/Network/Global/IPv4
Thu May 15 17:36:34.079 [airport]/579 @[1169586.060974] (airportProcessCommand.m:462) No valid components format from SCDynamicStore: serviceKey:'State:/Network/Global/IPv4'
Thu May 15 17:36:34.079 [airport]/579 @[1169586.061065] (airportProcessCommand.m:1715) Processed events, count[  1], @[1169586.060489], took 0.000549
Thu May 15 17:36:35.759 [airport]/579 @[1169588.118293] (airportdMain.m:1730) Health check alive, checkin@[1169588.117794], count[3901] 
Thu May 15 17:36:37.335 [airport]/579 @[1169589.694350] (configdIODriverInterface.m:4687) caps = , connection[0x6ac0492c0] token[0x04f4000d] capabilties[0x00000000], description:'Sleep:<off> ', lastSleepType[0x00000007]/'Deep Idle', hibernateStateFound[1] hibernateState[0x00000000/0] hibernateMode[0x00000003/3]
Thu May 15 17:36:37.423 [airport]/579 @[1169589.781948] (configdIODriverInterface.m:4375) <en0> Scan offloads will be ENABLED (lpas_supported=yes, softap=disabled, wow=disabled, tcpka=active, allow_unassoc_wakes=yes, allow_disconn_sleeps=yes, aj_disabled=no, scan_offload_disabled_until=(null))
Thu May 15 17:36:37.490 [airport]/579 @[1169589.849622] (configdIODriverInterface.m:4450) <en0> Successfully configured scan offloads, aj_disabled=no, PNO count[4]
Thu May 15 17:36:37.492 [airport]/579 @[1169589.851262] (configdIODriverInterface.m:3826) Acknowledging sleep event, connection[0x6ac0492c0] token[0x04f4000d], gPMConnection[0x6ac0492c0]
Thu May 15 17:36:37.501 [airport]/579 @[1169589.860125] (airportProcessCommand.m:1715) Processed events, count[ 19], @[1169589.858167], took 0.001920
Thu May 15 17:36:38.935 [airport]/579 @[1169591.293880] (configdIODriverInterface.m:1377) driver unavailable (reason=0xe0821804, subreason=0x0, flags=0x0), node:isDriverAvailable=1
Thu May 15 17:36:38.939 Usb Host Notification Error Apple80211Set: Device power is off seqNum 3458 Total 0 chg 0 en0
Thu May 15 17:36:39.035 [airport]/579 @[1169591.393924] (airportProcessCommand.m:1715) Processed events, count[  2], @[1169591.393705], took 0.000183
Thu May 15 17:36:39.060 [airport]/579 @[1169591.419279] (airportProcessCommand.m:1715) Processed events, count[  2], @[1169591.419139], took 0.000116
Thu May 15 17:36:39.079 [airport]/579 @[1169591.438602] (airportProcessCommand.m:1715) Processed events, count[  1], @[1169591.426892], took 0.011675
Thu May 15 17:36:39.081 [airport]/579 @[1169591.440462] (airportProcessCommand.m:1715) Processed events, count[  1], @[1169591.440051], took 0.000388
Thu May 15 17:36:39.086 [airport]/579 @[1169591.444974] (airportProcessCommand.m:1715) Processed events, count[  1], @[1169591.444434], took 0.000512
Thu May 15 17:36:39.087 [airport]/579 @[1169591.446148] (airportProcessCommand.m:1715) Processed events, count[  1], @[1169591.446042], took 0.000084
Thu May 15 17:36:39.087 [airport]/579 @[1169591.446530] (airportProcessCommand.m:1715) Processed events, count[  1], @[1169591.446444], took 0.000063
Thu May 15 17:36:39.088 [airport]/579 @[1169591.447681] (airportProcessCommand.m:1715) Processed events, count[  1], @[1169591.447580], took 0.000082
Thu May 15 17:36:39.089 [airport]/579 @[1169591.448858] (airportProcessCommand.m:1715) Processed events, count[  1], @[1169591.448755], took 0.000080
Thu May 15 17:36:39.091 [airport]/579 @[1169591.450532] (airportProcessCommand.m:1715) Processed events, count[  1], @[1169591.449171], took 0.001336
Thu May 15 17:36:39.092 [airport]/579 @[1169591.450918] (airportProcessCommand.m:1715) Processed events, count[  1], @[1169591.450823], took 0.000077
Thu May 15 17:36:39.092 [airport]/579 @[1169591.451078] (airportProcessCommand.m:1715) Processed events, count[  1], @[1169591.451006], took 0.000054
Thu May 15 17:36:39.092 [airport]/579 @[1169591.451599] (airportProcessCommand.m:1715) Processed events, count[  1], @[1169591.451261], took 0.000318
Thu May 15 17:36:39.093 [airport]/579 @[1169591.452494] (airportProcessCommand.m:1715) Processed events, count[  1], @[1169591.452407], took 0.000069
Thu May 15 17:36:39.094 [airport]/579 @[1169591.453387] (airportProcessCommand.m:1715) Processed events, count[  1], @[1169591.453304], took 0.000065
Thu May 15 17:36:39.095 [airport]/579 @[1169591.454023] (airportProcessCommand.m:1715) Processed events, count[  1], @[1169591.453952], took 0.000053
Thu May 15 17:48:31.141 [airport]/579 @[1170303.496356] (configdIODriverInterface.m:4687) caps = CPU Net Disk Early , connection[0x6ac0492c0] token[0x00000000] capabilties[0x00008019], description:'DarkWake:cpu disk net ', lastSleepType[0x00000007]/'Deep Idle', hibernateStateFound[1] hibernateState[0x00000000/0] hibernateMode[0x00000003/3]
Thu May 15 17:48:31.176 [airport]/579 @[1170303.531349] (configdIODriverInterface.m:4784) Acknowledging sleep event, connection[0x6ac0492c0] token[0x00000000]
Thu May 15 17:48:31.183 [airport]/579 @[1170303.538560] (configdIODriverInterface.m:4687) caps = CPU Video Audio Net Disk , connection[0x6ac0492c0] token[0x00000000] capabilties[0x0000001f], description:'FullWake:cpu disk net aud vid ', lastSleepType[0x00000007]/'Deep Idle', hibernateStateFound[1] hibernateState[0x00000000/0] hibernateMode[0x00000003/3]
Thu May 15 17:48:31.210 [airport]/579 @[1170303.564944] (configdIODriverInterface.m:4914) Acknowledging sleep event, connection[0x6ac0492c0] token[0x00000000]
Thu May 15 17:48:32.485 Usb Host Notification Apple80211Set: seqNum 3459 Total 0 chg 0 en0
Thu May 15 17:48:34.595 Usb Host Notification metrics: usbChange=0, count=0, noiseDelta=0
Thu May 15 17:48:34.794 [airport]/579 @[1170307.149129] (configdIODriverInterface.m:1377) driver available (reason=0xe0821803, subreason=0x0, flags=0x0), node:isDriverAvailable=0
Thu May 15 17:48:35.167 Usb Host Notification Apple80211Set: seqNum 3460 Total 0 chg 0 en0
Thu May 15 17:48:35.207 Usb Host Notification metrics: usbChange=0, count=0, noiseDelta=0
Thu May 15 17:48:35.434 [airport]/579 @[1170307.788612] (airportProcessCommand.m:1715) Processed events, count[ 19], @[1170307.787579], took 0.001027
Thu May 15 17:48:57.419 [airport]/579 @[1170329.773721] (airportdMain.m:1730) Health check alive, checkin@[1170329.773671], count[3902] 
Thu May 15 17:49:01.344 [airport]/579 @[1170333.699399] (airportProcessCommand.m:1715) Processed events, count[  3], @[1170333.699158], took 0.000231
Thu May 15 17:49:01.346 [airport]/579 @[1170333.700609] (airportProcessCommand.m:1715) Processed events, count[  8], @[1170333.700544], took 0.000059
Thu May 15 17:49:01.346 [airport]/579 @[1170333.701022] (airportProcessCommand.m:1715) Processed events, count[  2], @[1170333.700666], took 0.000349
Thu May 15 17:49:01.346 [airport]/579 @[1170333.701104] (airportProcessCommand.m:1715) Processed events, count[  1], @[1170333.701070], took 0.000027
Thu May 15 17:49:01.346 [airport]/579 @[1170333.701148] (airportProcessCommand.m:1715) Processed events, count[  1], @[1170333.701126], took 0.000016
Thu May 15 17:49:01.346 [airport]/579 @[1170333.701243] (airportProcessCommand.m:1715) Processed events, count[  1], @[1170333.701225], took 0.000013
Thu May 15 17:49:01.346 [airport]/579 @[1170333.701314] (airportProcessCommand.m:1715) Processed events, count[  1], @[1170333.701291], took 0.000017
Thu May 15 17:49:01.346 [airport]/579 @[1170333.701360] (airportProcessCommand.m:1715) Processed events, count[  1], @[1170333.701337], took 0.000014
Thu May 15 17:49:01.346 [airport]/579 @[1170333.701401] (airportProcessCommand.m:1715) Processed events, count[  1], @[1170333.701382], took 0.000013
Thu May 15 17:49:05.091 [airport]/579 @[1170337.445932] (airportProcessCommand.m:1715) Processed events, count[  1], @[1170337.445854], took 0.000064
Thu May 15 17:49:05.093 [airport]/579 @[1170337.447913] (airportProcessCommand.m:1715) Processed events, count[  1], @[1170337.447745], took 0.000157
Thu May 15 17:49:05.097 [airport]/579 @[1170337.451666] (airportProcessCommand.m:1715) Processed events, count[  1], @[1170337.451629], took 0.000029
Thu May 15 17:49:05.097 [airport]/579 @[1170337.452149] (airportProcessCommand.m:1715) Processed events, count[  1], @[1170337.452108], took 0.000033
Thu May 15 17:49:05.098 [airport]/579 @[1170337.453282] (airportProcessCommand.m:1715) Processed events, count[  2], @[1170337.453161], took 0.000033
Thu May 15 17:49:05.099 [airport]/579 @[1170337.453877] (airportProcessCommand.m:1715) Processed events, count[  1], @[1170337.453829], took 0.000041
Thu May 15 17:49:05.100 [airport]/579 @[1170337.454920] (airportProcessCommand.m:1715) Processed events, count[  2], @[1170337.454876], took 0.000037
Thu May 15 17:49:05.100 [airport]/579 @[1170337.455218] (airportProcessCommand.m:1715) Processed events, count[  1], @[1170337.455178], took 0.000034
Thu May 15 17:49:05.101 [airport]/579 @[1170337.455579] (airportProcessCommand.m:1715) Processed events, count[  1], @[1170337.455502], took 0.000068
Thu May 15 17:49:05.101 [airport]/579 @[1170337.455783] (airportProcessCommand.m:1715) Processed events, count[  1], @[1170337.455752], took 0.000024
Thu May 15 17:49:05.102 [airport]/579 @[1170337.456886] (airportProcessCommand.m:1715) Processed events, count[  1], @[1170337.456043], took 0.000832
Thu May 15 17:49:05.102 [airport]/579 @[1170337.457038] (airportProcessCommand.m:1715) Processed events, count[  1], @[1170337.457008], took 0.000023
Thu May 15 17:49:05.102 [airport]/579 @[1170337.457144] (airportProcessCommand.m:1715) Processed events, count[  1], @[1170337.457118], took 0.000019
Thu May 15 17:49:05.102 [airport]/579 @[1170337.457225] (airportProcessCommand.m:1715) Processed events, count[  1], @[1170337.457201], took 0.000017
Thu May 15 17:49:05.102 [airport]/579 @[1170337.457313] (airportProcessCommand.m:1715) Processed events, count[  1], @[1170337.457289], took 0.000017
Thu May 15 17:49:05.104 [airport]/579 @[1170337.458457] (airportProcessCommand.m:1715) Processed events, count[  2], @[1170337.458316], took 0.000134
Thu May 15 17:49:27.421 [airport]/579 @[1170359.775811] (airportdMain.m:1730) Health check alive, checkin@[1170359.775764], count[3903] 
Thu May 15 17:49:57.426 [airport]/579 @[1170389.780529] (airportdMain.m:1730) Health check alive, checkin@[1170389.780273], count[3904] 
Thu May 15 17:50:27.431 [airport]/579 @[1170419.785190] (airportdMain.m:1730) Health check alive, checkin@[1170419.785135], count[3905] 
Thu May 15 17:50:53.145 [airport]/579 @[1170445.499187] (airportProcessCommand.m:1715) Processed events, count[  2], @[1170445.499131], took 0.000048
Thu May 15 17:50:53.146 [airport]/579 @[1170445.500338] (airportProcessCommand.m:1715) Processed events, count[  1], @[1170445.500300], took 0.000030
Thu May 15 17:50:53.146 [airport]/579 @[1170445.500457] (airportProcessCommand.m:1715) Processed events, count[  1], @[1170445.500430], took 0.000021
Thu May 15 17:50:53.147 [airport]/579 @[1170445.500933] (airportProcessCommand.m:1715) Processed events, count[  1], @[1170445.500903], took 0.000023
Thu May 15 17:50:53.148 [airport]/579 @[1170445.501969] (airportProcessCommand.m:1715) Processed events, count[  2], @[1170445.501901], took 0.000061
Thu May 15 17:50:53.148 [airport]/579 @[1170445.502202] (airportProcessCommand.m:1715) Processed events, count[  1], @[1170445.502167], took 0.000029
Thu May 15 17:50:53.148 [airport]/579 @[1170445.502459] (airportProcessCommand.m:1715) Processed events, count[  1], @[1170445.502433], took 0.000020
Thu May 15 17:50:53.148 [airport]/579 @[1170445.502732] (airportProcessCommand.m:1715) Processed events, count[  1], @[1170445.502708], took 0.000019
Thu May 15 17:50:53.149 [airport]/579 @[1170445.502993] (airportProcessCommand.m:1715) Processed events, count[  1], @[1170445.502951], took 0.000037
Thu May 15 17:50:53.149 [airport]/579 @[1170445.503212] (airportProcessCommand.m:1715) Processed events, count[  1], @[1170445.503191], took 0.000017
Thu May 15 17:50:53.149 [airport]/579 @[1170445.503424] (airportProcessCommand.m:1715) Processed events, count[  1], @[1170445.503402], took 0.000017
Thu May 15 17:50:53.150 [airport]/579 @[1170445.503770] (airportProcessCommand.m:1715) Processed events, count[  1], @[1170445.503743], took 0.000020
Thu May 15 17:50:53.150 [airport]/579 @[1170445.504068] (airportProcessCommand.m:1715) Processed events, count[  1], @[1170445.504043], took 0.000019
Thu May 15 17:50:53.150 [airport]/579 @[1170445.504383] (airportProcessCommand.m:1715) Processed events, count[  1], @[1170445.504360], took 0.000018
Thu May 15 17:50:53.150 [airport]/579 @[1170445.504702] (airportProcessCommand.m:1715) Processed events, count[  1], @[1170445.504677], took 0.000020
Thu May 15 17:50:53.151 [airport]/579 @[1170445.505283] (airportProcessCommand.m:1715) Processed events, count[  1], @[1170445.505256], took 0.000021
Thu May 15 17:50:53.151 [airport]/579 @[1170445.505640] (airportProcessCommand.m:1715) Processed events, count[  1], @[1170445.505616], took 0.000018
Thu May 15 17:50:53.153 [airport]/579 @[1170445.507384] (airportProcessCommand.m:1715) Processed events, count[  1], @[1170445.506045], took 0.001331
Thu May 15 17:50:53.153 [airport]/579 @[1170445.507540] (airportProcessCommand.m:1715) Processed events, count[  1], @[1170445.507509], took 0.000026
Thu May 15 17:50:53.153 [airport]/579 @[1170445.507638] (airportProcessCommand.m:1715) Processed events, count[  1], @[1170445.507616], took 0.000017
Thu May 15 17:50:53.153 [airport]/579 @[1170445.507715] (airportProcessCommand.m:1715) Processed events, count[  1], @[1170445.507697], took 0.000014
Thu May 15 17:50:53.154 [airport]/579 @[1170445.507784] (airportProcessCommand.m:1715) Processed events, count[  1], @[1170445.507767], took 0.000013
Thu May 15 17:50:53.154 [airport]/579 @[1170445.508006] (airportProcessCommand.m:1715) Processed events, count[  1], @[1170445.507981], took 0.000020
Thu May 15 17:50:53.154 [airport]/579 @[1170445.508349] (airportProcessCommand.m:1715) Processed events, count[  2], @[1170445.508312], took 0.000032
Thu May 15 17:50:53.155 [airport]/579 @[1170445.509195] (airportProcessCommand.m:1715) Processed events, count[  1], @[1170445.509154], took 0.000035
Thu May 15 17:50:53.155 [airport]/579 @[1170445.509524] (airportProcessCommand.m:1715) Processed events, count[  2], @[1170445.509486], took 0.000033
Thu May 15 17:50:53.156 [airport]/579 @[1170445.510734] (airportProcessCommand.m:1715) Processed events, count[  1], @[1170445.509789], took 0.000935
Thu May 15 17:50:53.157 [airport]/579 @[1170445.510896] (airportProcessCommand.m:1715) Processed events, count[  2], @[1170445.510847], took 0.000029
Thu May 15 17:50:53.157 [airport]/579 @[1170445.511001] (airportProcessCommand.m:1715) Processed events, count[  1], @[1170445.510973], took 0.000023
Thu May 15 17:50:53.157 [airport]/579 @[1170445.511087] (airportProcessCommand.m:1715) Processed events, count[  1], @[1170445.511067], took 0.000015
Thu May 15 17:50:53.157 [airport]/579 @[1170445.511420] (airportProcessCommand.m:1715) Processed events, count[  1], @[1170445.511398], took 0.000017
Thu May 15 17:50:53.158 [airport]/579 @[1170445.511785] (airportProcessCommand.m:1715) Processed events, count[  1], @[1170445.511746], took 0.000033
Thu May 15 17:50:53.158 [airport]/579 @[1170445.511925] (airportProcessCommand.m:1715) Processed events, count[  1], @[1170445.511901], took 0.000016
Thu May 15 17:50:57.433 [airport]/579 @[1170449.787294] (airportdMain.m:1730) Health check alive, checkin@[1170449.787240], count[3906] 
Thu May 15 17:51:27.533 [airport]/579 @[1170479.886723] (airportdMain.m:1730) Health check alive, checkin@[1170479.886656], count[3907] 
Thu May 15 17:51:57.634 [airport]/579 @[1170509.987693] (airportdMain.m:1730) Health check alive, checkin@[1170509.987630], count[3908] 
Thu May 15 17:52:27.732 [airport]/579 @[1170540.085674] (airportdMain.m:1730) Health check alive, checkin@[1170540.085607], count[3909] 
Thu May 15 17:52:57.832 [airport]/579 @[1170570.185166] (airportdMain.m:1730) Health check alive, checkin@[1170570.185104], count[3910] 
Thu May 15 17:53:27.931 [airport]/579 @[1170600.284561] (airportdMain.m:1730) Health check alive, checkin@[1170600.284522], count[3911] 
Thu May 15 17:53:58.031 [airport]/579 @[1170630.384122] (airportdMain.m:1730) Health check alive, checkin@[1170630.384052], count[3912] 
Thu May 15 17:54:28.131 [airport]/579 @[1170660.483557] (airportdMain.m:1730) Health check alive, checkin@[1170660.483505], count[3913] 
Thu May 15 17:54:29.182 [airport]/579 @[1170661.534637] (airportProcessCommand.m:1715) Processed events, count[  2], @[1170661.534544], took 0.000078
Thu May 15 17:54:29.183 [airport]/579 @[1170661.536038] (airportProcessCommand.m:1715) Processed events, count[  1], @[1170661.535864], took 0.000159
Thu May 15 17:54:29.183 [airport]/579 @[1170661.536279] (airportProcessCommand.m:1715) Processed events, count[  1], @[1170661.536205], took 0.000060
Thu May 15 17:54:29.184 [airport]/579 @[1170661.536734] (airportProcessCommand.m:1715) Processed events, count[  1], @[1170661.536638], took 0.000043
Thu May 15 17:54:29.185 [airport]/579 @[1170661.537945] (airportProcessCommand.m:1715) Processed events, count[  1], @[1170661.537881], took 0.000044
Thu May 15 17:54:29.186 [airport]/579 @[1170661.539415] (airportProcessCommand.m:1715) Processed events, count[  1], @[1170661.539347], took 0.000053
Thu May 15 17:54:29.188 [airport]/579 @[1170661.540560] (airportProcessCommand.m:1715) Processed events, count[  2], @[1170661.540459], took 0.000086
Thu May 15 17:54:29.189 [airport]/579 @[1170661.542044] (airportProcessCommand.m:1715) Processed events, count[  1], @[1170661.541943], took 0.000051
Thu May 15 17:54:29.190 [airport]/579 @[1170661.543297] (airportProcessCommand.m:1715) Processed events, count[  2], @[1170661.543218], took 0.000066
Thu May 15 17:54:29.191 [airport]/579 @[1170661.543527] (airportProcessCommand.m:1715) Processed events, count[  2], @[1170661.543469], took 0.000049
Thu May 15 17:54:29.191 [airport]/579 @[1170661.543775] (airportProcessCommand.m:1715) Processed events, count[  1], @[1170661.543738], took 0.000028
Thu May 15 17:54:29.193 [airport]/579 @[1170661.545445] (airportProcessCommand.m:1715) Processed events, count[  1], @[1170661.544015], took 0.001420
Thu May 15 17:54:29.193 [airport]/579 @[1170661.545570] (airportProcessCommand.m:1715) Processed events, count[  1], @[1170661.545537], took 0.000026
Thu May 15 17:54:29.193 [airport]/579 @[1170661.545693] (airportProcessCommand.m:1715) Processed events, count[  1], @[1170661.545627], took 0.000056
Thu May 15 17:54:29.193 [airport]/579 @[1170661.545804] (airportProcessCommand.m:1715) Processed events, count[  1], @[1170661.545777], took 0.000020
Thu May 15 17:54:29.193 [airport]/579 @[1170661.545884] (airportProcessCommand.m:1715) Processed events, count[  1], @[1170661.545859], took 0.000019
Thu May 15 17:54:29.193 [airport]/579 @[1170661.545959] (airportProcessCommand.m:1715) Processed events, count[  1], @[1170661.545934], took 0.000019
Thu May 15 17:54:29.193 [airport]/579 @[1170661.546032] (airportProcessCommand.m:1715) Processed events, count[  1], @[1170661.546005], took 0.000017
Thu May 15 17:54:29.193 [airport]/579 @[1170661.546198] (airportProcessCommand.m:1715) Processed events, count[  1], @[1170661.546161], took 0.000019
Thu May 15 17:54:29.194 [airport]/579 @[1170661.546529] (airportProcessCommand.m:1715) Processed events, count[  2], @[1170661.546488], took 0.000034
Thu May 15 17:54:29.194 [airport]/579 @[1170661.546796] (airportProcessCommand.m:1715) Processed events, count[  1], @[1170661.546766], took 0.000023
Thu May 15 17:54:29.194 [airport]/579 @[1170661.547027] (airportProcessCommand.m:1715) Processed events, count[  1], @[1170661.547003], took 0.000018
Thu May 15 17:54:29.194 [airport]/579 @[1170661.547322] (airportProcessCommand.m:1715) Processed events, count[  1], @[1170661.547291], took 0.000023
Thu May 15 17:54:29.195 [airport]/579 @[1170661.547522] (airportProcessCommand.m:1715) Processed events, count[  1], @[1170661.547496], took 0.000020
Thu May 15 17:54:29.195 [airport]/579 @[1170661.547880] (airportProcessCommand.m:1715) Processed events, count[  1], @[1170661.547855], took 0.000019
Thu May 15 17:54:29.195 [airport]/579 @[1170661.548168] (airportProcessCommand.m:1715) Processed events, count[  1], @[1170661.548142], took 0.000019
Thu May 15 17:54:29.196 [airport]/579 @[1170661.549428] (airportProcessCommand.m:1715) Processed events, count[  1], @[1170661.548429], took 0.000989
Thu May 15 17:54:29.197 [airport]/579 @[1170661.549625] (airportProcessCommand.m:1715) Processed events, count[  1], @[1170661.549584], took 0.000033
Thu May 15 17:54:29.197 [airport]/579 @[1170661.550085] (airportProcessCommand.m:1715) Processed events, count[  1], @[1170661.550050], took 0.000028
Thu May 15 17:54:29.197 [airport]/579 @[1170661.550434] (airportProcessCommand.m:1715) Processed events, count[  1], @[1170661.550408], took 0.000019
Thu May 15 17:54:29.198 [airport]/579 @[1170661.550720] (airportProcessCommand.m:1715) Processed events, count[  1], @[1170661.550691], took 0.000023
Thu May 15 17:54:29.199 [airport]/579 @[1170661.551664] (airportProcessCommand.m:1715) Processed events, count[  1], @[1170661.551636], took 0.000021
Thu May 15 17:54:29.199 [airport]/579 @[1170661.551789] (airportProcessCommand.m:1715) Processed events, count[  1], @[1170661.551754], took 0.000018
Thu May 15 17:54:58.232 [airport]/579 @[1170690.584546] (airportdMain.m:1730) Health check alive, checkin@[1170690.584489], count[3914] 
Thu May 15 17:55:28.340 [airport]/579 @[1170720.682568] (airportdMain.m:1730) Health check alive, checkin@[1170720.682503], count[3915] 
Thu May 15 17:55:58.445 [airport]/579 @[1170750.782115] (airportdMain.m:1730) Health check alive, checkin@[1170750.782050], count[3916] 
Thu May 15 17:56:28.546 [airport]/579 @[1170780.881874] (airportdMain.m:1730) Health check alive, checkin@[1170780.881802], count[3917] 
Thu May 15 17:56:58.646 [airport]/579 @[1170810.981735] (airportdMain.m:1730) Health check alive, checkin@[1170810.981653], count[3918] 
Thu May 15 17:57:28.746 [airport]/579 @[1170841.081276] (airportdMain.m:1730) Health check alive, checkin@[1170841.081218], count[3919] 
Thu May 15 17:57:58.847 [airport]/579 @[1170871.182598] (airportdMain.m:1730) Health check alive, checkin@[1170871.182509], count[3920] 
Thu May 15 17:58:28.946 [airport]/579 @[1170901.280968] (airportdMain.m:1730) Health check alive, checkin@[1170901.280940], count[3921] 
Thu May 15 17:58:59.046 [airport]/579 @[1170931.380446] (airportdMain.m:1730) Health check alive, checkin@[1170931.380374], count[3922] 
Thu May 15 17:59:29.146 [airport]/579 @[1170961.480190] (airportdMain.m:1730) Health check alive, checkin@[1170961.480126], count[3923] 
Thu May 15 17:59:59.246 [airport]/579 @[1170991.579928] (airportdMain.m:1730) Health check alive, checkin@[1170991.579859], count[3924] 
Thu May 15 18:00:29.346 [airport]/579 @[1171021.679614] (airportdMain.m:1730) Health check alive, checkin@[1171021.679537], count[3925] 
Thu May 15 18:00:59.446 [airport]/579 @[1171051.779292] (airportdMain.m:1730) Health check alive, checkin@[1171051.779235], count[3926] 
Thu May 15 18:01:29.546 [airport]/579 @[1171081.879074] (airportdMain.m:1730) Health check alive, checkin@[1171081.879012], count[3927] 
Thu May 15 18:01:41.339 [airport]/579 @[1171093.671594] (airportProcessCommand.m:1715) Processed events, count[  1], @[1171093.671396], took 0.000175
Thu May 15 18:01:41.340 [airport]/579 @[1171093.672386] (airportProcessCommand.m:1715) Processed events, count[  1], @[1171093.672328], took 0.000043
Thu May 15 18:01:41.340 [airport]/579 @[1171093.673163] (airportProcessCommand.m:1715) Processed events, count[  2], @[1171093.673072], took 0.000078
Thu May 15 18:01:41.341 [airport]/579 @[1171093.673682] (airportProcessCommand.m:1715) Processed events, count[  1], @[1171093.673603], took 0.000067
Thu May 15 18:01:41.342 [airport]/579 @[1171093.674501] (airportProcessCommand.m:1715) Processed events, count[  1], @[1171093.674444], took 0.000044
Thu May 15 18:01:41.342 [airport]/579 @[1171093.674873] (airportProcessCommand.m:1715) Processed events, count[  1], @[1171093.674823], took 0.000038
Thu May 15 18:01:41.343 [airport]/579 @[1171093.675345] (airportProcessCommand.m:1715) Processed events, count[  1], @[1171093.675295], took 0.000038
Thu May 15 18:01:41.344 [airport]/579 @[1171093.676189] (airportProcessCommand.m:1715) Processed events, count[  1], @[1171093.676136], took 0.000040
Thu May 15 18:01:41.346 [airport]/579 @[1171093.678494] (airportProcessCommand.m:1715) Processed events, count[  1], @[1171093.678433], took 0.000049
Thu May 15 18:01:41.347 [airport]/579 @[1171093.679324] (airportProcessCommand.m:1715) Processed events, count[  2], @[1171093.679256], took 0.000058
Thu May 15 18:01:41.348 [airport]/579 @[1171093.680975] (airportProcessCommand.m:1715) Processed events, count[  3], @[1171093.680918], took 0.000047
Thu May 15 18:01:41.350 [airport]/579 @[1171093.682578] (airportProcessCommand.m:1715) Processed events, count[  3], @[1171093.681308], took 0.001263
Thu May 15 18:01:41.350 [airport]/579 @[1171093.682727] (airportProcessCommand.m:1715) Processed events, count[  1], @[1171093.682697], took 0.000023
Thu May 15 18:01:41.350 [airport]/579 @[1171093.682818] (airportProcessCommand.m:1715) Processed events, count[  1], @[1171093.682791], took 0.000020
Thu May 15 18:01:41.350 [airport]/579 @[1171093.682900] (airportProcessCommand.m:1715) Processed events, count[  1], @[1171093.682875], took 0.000018
Thu May 15 18:01:41.350 [airport]/579 @[1171093.682975] (airportProcessCommand.m:1715) Processed events, count[  1], @[1171093.682951], took 0.000017
Thu May 15 18:01:41.350 [airport]/579 @[1171093.683049] (airportProcessCommand.m:1715) Processed events, count[  1], @[1171093.683025], took 0.000017
Thu May 15 18:01:41.351 [airport]/579 @[1171093.683326] (airportProcessCommand.m:1715) Processed events, count[  1], @[1171093.683100], took 0.000017
Thu May 15 18:01:41.352 [airport]/579 @[1171093.684525] (airportProcessCommand.m:1715) Processed events, count[  2], @[1171093.684472], took 0.000046
Thu May 15 18:01:41.353 [airport]/579 @[1171093.685390] (airportProcessCommand.m:1715) Processed events, count[  2], @[1171093.685348], took 0.000035
Thu May 15 18:01:41.353 [airport]/579 @[1171093.686013] (airportProcessCommand.m:1715) Processed events, count[  2], @[1171093.685973], took 0.000029
Thu May 15 18:01:41.354 [airport]/579 @[1171093.686279] (airportProcessCommand.m:1715) Processed events, count[  1], @[1171093.686243], took 0.000030
Thu May 15 18:01:41.355 [airport]/579 @[1171093.687747] (airportProcessCommand.m:1715) Processed events, count[  1], @[1171093.686557], took 0.001179
Thu May 15 18:01:41.355 [airport]/579 @[1171093.687909] (airportProcessCommand.m:1715) Processed events, count[  1], @[1171093.687868], took 0.000032
Thu May 15 18:01:41.355 [airport]/579 @[1171093.688006] (airportProcessCommand.m:1715) Processed events, count[  1], @[1171093.687979], took 0.000020
Thu May 15 18:01:41.356 [airport]/579 @[1171093.689136] (airportProcessCommand.m:1715) Processed events, count[  1], @[1171093.688215], took 0.000902
Thu May 15 18:01:41.357 [airport]/579 @[1171093.689275] (airportProcessCommand.m:1715) Processed events, count[  1], @[1171093.689253], took 0.000017
Thu May 15 18:01:41.357 [airport]/579 @[1171093.689360] (airportProcessCommand.m:1715) Processed events, count[  1], @[1171093.689339], took 0.000015
Thu May 15 18:01:41.357 [airport]/579 @[1171093.689719] (airportProcessCommand.m:1715) Processed events, count[  1], @[1171093.689601], took 0.000112
Thu May 15 18:01:59.651 [airport]/579 @[1171111.983878] (airportdMain.m:1730) Health check alive, checkin@[1171111.983825], count[3928] 
Thu May 15 18:02:29.751 [airport]/579 @[1171142.083051] (airportdMain.m:1730) Health check alive, checkin@[1171142.083013], count[3929] 
Thu May 15 18:02:59.851 [airport]/579 @[1171172.183248] (airportdMain.m:1730) Health check alive, checkin@[1171172.183189], count[3930] 
Thu May 15 18:03:29.951 [airport]/579 @[1171202.281990] (airportdMain.m:1730) Health check alive, checkin@[1171202.281933], count[3931] 
Thu May 15 18:04:00.051 [airport]/579 @[1171232.382574] (airportdMain.m:1730) Health check alive, checkin@[1171232.382507], count[3932] 
Thu May 15 18:04:30.152 [airport]/579 @[1171262.482358] (airportdMain.m:1730) Health check alive, checkin@[1171262.482293], count[3933] 
Thu May 15 18:05:00.252 [airport]/579 @[1171292.582094] (airportdMain.m:1730) Health check alive, checkin@[1171292.582026], count[3934] 
Thu May 15 18:05:30.352 [airport]/579 @[1171322.681854] (airportdMain.m:1730) Health check alive, checkin@[1171322.681783], count[3935] 
Thu May 15 18:06:00.455 [airport]/579 @[1171352.784615] (airportdMain.m:1730) Health check alive, checkin@[1171352.784553], count[3936] 
Thu May 15 18:06:30.557 [airport]/579 @[1171382.886183] (airportdMain.m:1730) Health check alive, checkin@[1171382.886135], count[3937] 
Thu May 15 18:07:00.658 [airport]/579 @[1171412.987507] (airportdMain.m:1730) Health check alive, checkin@[1171412.987437], count[3938] 
Thu May 15 18:07:30.758 [airport]/579 @[1171443.086743] (airportdMain.m:1730) Health check alive, checkin@[1171443.086686], count[3939] 
Thu May 15 18:08:00.860 [airport]/579 @[1171473.188114] (airportdMain.m:1730) Health check alive, checkin@[1171473.188061], count[3940] 
Thu May 15 18:08:30.957 [airport]/579 @[1171503.285558] (airportdMain.m:1730) Health check alive, checkin@[1171503.285515], count[3941] 
Thu May 15 18:08:53.455 [airport]/579 @[1171525.783320] (airportProcessCommand.m:1715) Processed events, count[  2], @[1171525.783278], took 0.000035
Thu May 15 18:08:53.456 [airport]/579 @[1171525.783621] (airportProcessCommand.m:1715) Processed events, count[  1], @[1171525.783599], took 0.000016
Thu May 15 18:08:53.456 [airport]/579 @[1171525.783783] (airportProcessCommand.m:1715) Processed events, count[  1], @[1171525.783754], took 0.000023
Thu May 15 18:08:53.456 [airport]/579 @[1171525.783997] (airportProcessCommand.m:1715) Processed events, count[  1], @[1171525.783945], took 0.000047
Thu May 15 18:08:53.457 [airport]/579 @[1171525.784461] (airportProcessCommand.m:1715) Processed events, count[  2], @[1171525.784423], took 0.000031
Thu May 15 18:08:53.457 [airport]/579 @[1171525.784751] (airportProcessCommand.m:1715) Processed events, count[  1], @[1171525.784726], took 0.000018
Thu May 15 18:08:53.461 [airport]/579 @[1171525.788451] (airportProcessCommand.m:1715) Processed events, count[  1], @[1171525.786874], took 0.001569
Thu May 15 18:08:53.461 [airport]/579 @[1171525.788690] (airportProcessCommand.m:1715) Processed events, count[  1], @[1171525.788565], took 0.000119
Thu May 15 18:08:53.461 [airport]/579 @[1171525.788941] (airportProcessCommand.m:1715) Processed events, count[  1], @[1171525.788914], took 0.000020
Thu May 15 18:08:53.464 [airport]/579 @[1171525.792111] (airportProcessCommand.m:1715) Processed events, count[  2], @[1171525.789837], took 0.002259
Thu May 15 18:08:53.465 [airport]/579 @[1171525.792426] (airportProcessCommand.m:1715) Processed events, count[  2], @[1171525.792341], took 0.000033
Thu May 15 18:08:53.465 [airport]/579 @[1171525.792520] (airportProcessCommand.m:1715) Processed events, count[  3], @[1171525.792464], took 0.000051
Thu May 15 18:08:53.465 [airport]/579 @[1171525.792791] (airportProcessCommand.m:1715) Processed events, count[  2], @[1171525.792633], took 0.000151
Thu May 15 18:08:53.466 [airport]/579 @[1171525.793511] (airportProcessCommand.m:1715) Processed events, count[  1], @[1171525.792829], took 0.000676
Thu May 15 18:08:53.466 [airport]/579 @[1171525.793696] (airportProcessCommand.m:1715) Processed events, count[  2], @[1171525.793588], took 0.000093
Thu May 15 18:08:53.467 [airport]/579 @[1171525.794996] (airportProcessCommand.m:1715) Processed events, count[  2], @[1171525.794691], took 0.000298
Thu May 15 18:08:53.468 [airport]/579 @[1171525.796141] (airportProcessCommand.m:1715) Processed events, count[  3], @[1171525.795987], took 0.000131
Thu May 15 18:08:53.468 [airport]/579 @[1171525.796331] (airportProcessCommand.m:1715) Processed events, count[  3], @[1171525.796211], took 0.000114
Thu May 15 18:08:53.471 [airport]/579 @[1171525.798704] (airportProcessCommand.m:1715) Processed events, count[  1], @[1171525.796966], took 0.001727
Thu May 15 18:08:53.471 [airport]/579 @[1171525.798841] (airportProcessCommand.m:1715) Processed events, count[  1], @[1171525.798803], took 0.000031
Thu May 15 18:08:53.471 [airport]/579 @[1171525.798902] (airportProcessCommand.m:1715) Processed events, count[  1], @[1171525.798875], took 0.000020
Thu May 15 18:08:53.471 [airport]/579 @[1171525.798976] (airportProcessCommand.m:1715) Processed events, count[  2], @[1171525.798938], took 0.000031
Thu May 15 18:08:53.471 [airport]/579 @[1171525.799042] (airportProcessCommand.m:1715) Processed events, count[  1], @[1171525.799013], took 0.000021
Thu May 15 18:08:53.472 [airport]/579 @[1171525.799565] (airportProcessCommand.m:1715) Processed events, count[  1], @[1171525.799533], took 0.000025
Thu May 15 18:09:01.058 [airport]/579 @[1171533.385415] (airportdMain.m:1730) Health check alive, checkin@[1171533.385361], count[3942] 
Thu May 15 18:09:31.157 [airport]/579 @[1171563.484725] (airportdMain.m:1730) Health check alive, checkin@[1171563.484633], count[3943] 
Thu May 15 18:10:01.257 [airport]/579 @[1171593.584353] (airportdMain.m:1730) Health check alive, checkin@[1171593.584301], count[3944] 
Thu May 15 18:10:31.357 [airport]/579 @[1171623.684246] (airportdMain.m:1730) Health check alive, checkin@[1171623.684182], count[3945] 
Thu May 15 18:11:01.382 [airport]/579 @[1171653.708983] (airportdMain.m:1730) Health check alive, checkin@[1171653.708916], count[3946] 
Thu May 15 18:11:31.484 [airport]/579 @[1171683.809922] (airportdMain.m:1730) Health check alive, checkin@[1171683.809862], count[3947] 
Thu May 15 18:12:01.584 [airport]/579 @[1171713.909722] (airportdMain.m:1730) Health check alive, checkin@[1171713.909651], count[3948] 
Thu May 15 18:12:31.683 [airport]/579 @[1171744.008924] (airportdMain.m:1730) Health check alive, checkin@[1171744.008882], count[3949] 
Thu May 15 18:13:01.784 [airport]/579 @[1171774.108972] (airportdMain.m:1730) Health check alive, checkin@[1171774.108903], count[3950] 
Thu May 15 18:13:31.885 [airport]/579 @[1171804.209336] (airportdMain.m:1730) Health check alive, checkin@[1171804.209286], count[3951] 
Thu May 15 18:14:01.985 [airport]/579 @[1171834.308982] (airportdMain.m:1730) Health check alive, checkin@[1171834.308914], count[3952] 
Thu May 15 18:14:32.085 [airport]/579 @[1171864.408980] (airportdMain.m:1730) Health check alive, checkin@[1171864.408912], count[3953] 
Thu May 15 18:15:02.185 [airport]/579 @[1171894.508944] (airportdMain.m:1730) Health check alive, checkin@[1171894.508893], count[3954] 
Thu May 15 18:15:32.285 [airport]/579 @[1171924.608973] (airportdMain.m:1730) Health check alive, checkin@[1171924.608922], count[3955] 
Thu May 15 18:16:02.386 [airport]/579 @[1171954.708958] (airportdMain.m:1730) Health check alive, checkin@[1171954.708888], count[3956] 
Thu May 15 18:16:05.503 [airport]/579 @[1171957.825694] (airportProcessCommand.m:1715) Processed events, count[  2], @[1171957.825575], took 0.000105
Thu May 15 18:16:05.503 [airport]/579 @[1171957.826185] (airportProcessCommand.m:1715) Processed events, count[  1], @[1171957.826132], took 0.000040
Thu May 15 18:16:05.504 [airport]/579 @[1171957.826898] (airportProcessCommand.m:1715) Processed events, count[  1], @[1171957.826803], took 0.000083
Thu May 15 18:16:05.505 [airport]/579 @[1171957.828028] (airportProcessCommand.m:1715) Processed events, count[  1], @[1171957.827668], took 0.000055
Thu May 15 18:16:05.507 [airport]/579 @[1171957.830284] (airportProcessCommand.m:1715) Processed events, count[  1], @[1171957.830081], took 0.000049
Thu May 15 18:16:05.510 [airport]/579 @[1171957.832595] (airportProcessCommand.m:1715) Processed events, count[  2], @[1171957.832362], took 0.000194
Thu May 15 18:16:05.510 [airport]/579 @[1171957.833370] (airportProcessCommand.m:1715) Processed events, count[  1], @[1171957.833310], took 0.000050
Thu May 15 18:16:05.511 [airport]/579 @[1171957.833794] (airportProcessCommand.m:1715) Processed events, count[  3], @[1171957.833721], took 0.000064
Thu May 15 18:16:05.511 [airport]/579 @[1171957.834051] (airportProcessCommand.m:1715) Processed events, count[  1], @[1171957.834012], took 0.000030
Thu May 15 18:16:05.511 [airport]/579 @[1171957.834518] (airportProcessCommand.m:1715) Processed events, count[  1], @[1171957.834475], took 0.000033
Thu May 15 18:16:05.514 [airport]/579 @[1171957.837616] (airportProcessCommand.m:1715) Processed events, count[  2], @[1171957.834943], took 0.001781
Thu May 15 18:16:05.515 [airport]/579 @[1171957.837876] (airportProcessCommand.m:1715) Processed events, count[  1], @[1171957.837827], took 0.000037
Thu May 15 18:16:05.515 [airport]/579 @[1171957.838002] (airportProcessCommand.m:1715) Processed events, count[  2], @[1171957.837961], took 0.000034
Thu May 15 18:16:05.515 [airport]/579 @[1171957.838095] (airportProcessCommand.m:1715) Processed events, count[  1], @[1171957.838067], took 0.000020
Thu May 15 18:16:05.515 [airport]/579 @[1171957.838181] (airportProcessCommand.m:1715) Processed events, count[  1], @[1171957.838152], took 0.000023
Thu May 15 18:16:05.515 [airport]/579 @[1171957.838261] (airportProcessCommand.m:1715) Processed events, count[  1], @[1171957.838238], took 0.000017
Thu May 15 18:16:05.515 [airport]/579 @[1171957.838584] (airportProcessCommand.m:1715) Processed events, count[  2], @[1171957.838545], took 0.000032
Thu May 15 18:16:05.516 [airport]/579 @[1171957.838963] (airportProcessCommand.m:1715) Processed events, count[  2], @[1171957.838875], took 0.000081
Thu May 15 18:16:05.516 [airport]/579 @[1171957.839258] (airportProcessCommand.m:1715) Processed events, count[  1], @[1171957.839231], took 0.000020
Thu May 15 18:16:05.517 [airport]/579 @[1171957.839750] (airportProcessCommand.m:1715) Processed events, count[  2], @[1171957.839711], took 0.000033
Thu May 15 18:16:05.517 [airport]/579 @[1171957.840163] (airportProcessCommand.m:1715) Processed events, count[  1], @[1171957.840135], took 0.000022
Thu May 15 18:16:05.517 [airport]/579 @[1171957.840417] (airportProcessCommand.m:1715) Processed events, count[  1], @[1171957.840391], took 0.000020
Thu May 15 18:16:05.519 [airport]/579 @[1171957.841798] (airportProcessCommand.m:1715) Processed events, count[  1], @[1171957.840847], took 0.000940
Thu May 15 18:16:05.519 [airport]/579 @[1171957.842161] (airportProcessCommand.m:1715) Processed events, count[  1], @[1171957.841930], took 0.000052
Thu May 15 18:16:05.520 [airport]/579 @[1171957.842886] (airportProcessCommand.m:1715) Processed events, count[  1], @[1171957.842849], took 0.000029
Thu May 15 18:16:05.520 [airport]/579 @[1171957.842995] (airportProcessCommand.m:1715) Processed events, count[  1], @[1171957.842970], took 0.000019
Thu May 15 18:16:05.520 [airport]/579 @[1171957.843157] (airportProcessCommand.m:1715) Processed events, count[  1], @[1171957.843129], took 0.000021
Thu May 15 18:16:05.520 [airport]/579 @[1171957.843474] (airportProcessCommand.m:1715) Processed events, count[  1], @[1171957.843446], took 0.000021
Thu May 15 18:16:05.521 [airport]/579 @[1171957.843861] (airportProcessCommand.m:1715) Processed events, count[  1], @[1171957.843829], took 0.000025
Thu May 15 18:16:32.486 [airport]/579 @[1171984.809008] (airportdMain.m:1730) Health check alive, checkin@[1171984.808936], count[3957] 
Thu May 15 18:17:02.588 [airport]/579 @[1172014.910223] (airportdMain.m:1730) Health check alive, checkin@[1172014.910160], count[3958] 
Thu May 15 18:17:32.598 [airport]/579 @[1172044.920610] (airportdMain.m:1730) Health check alive, checkin@[1172044.920514], count[3959] 
Thu May 15 18:18:02.799 [airport]/579 @[1172075.120328] (airportdMain.m:1730) Health check alive, checkin@[1172075.120266], count[3960] 
Thu May 15 18:18:32.999 [airport]/579 @[1172105.320549] (airportdMain.m:1730) Health check alive, checkin@[1172105.320017], count[3961] 
Thu May 15 18:19:03.218 [airport]/579 @[1172135.519767] (airportdMain.m:1730) Health check alive, checkin@[1172135.519718], count[3962] 
Thu May 15 18:19:33.429 [airport]/579 @[1172165.719489] (airportdMain.m:1730) Health check alive, checkin@[1172165.719426], count[3963] 
Thu May 15 18:20:03.631 [airport]/579 @[1172195.919196] (airportdMain.m:1730) Health check alive, checkin@[1172195.919161], count[3964] 
Thu May 15 18:20:33.831 [airport]/579 @[1172226.118964] (airportdMain.m:1730) Health check alive, checkin@[1172226.118863], count[3965] 
Thu May 15 18:21:04.032 [airport]/579 @[1172256.318652] (airportdMain.m:1730) Health check alive, checkin@[1172256.318601], count[3966] 
Thu May 15 18:21:34.232 [airport]/579 @[1172286.518325] (airportdMain.m:1730) Health check alive, checkin@[1172286.518284], count[3967] 
Thu May 15 18:22:04.432 [airport]/579 @[1172316.718057] (airportdMain.m:1730) Health check alive, checkin@[1172316.718019], count[3968] 
Thu May 15 18:22:34.637 [airport]/579 @[1172346.922353] (airportdMain.m:1730) Health check alive, checkin@[1172346.922289], count[3969] 
Thu May 15 18:22:38.527 [airport]/579 @[1172350.811690] (configdIODriverInterface.m:4687) caps = CPU Net Disk , connection[0x6ac0492c0] token[0x00000000] capabilties[0x00000019], description:'DarkWake:cpu disk net ', lastSleepType[0x00000007]/'Deep Idle', hibernateStateFound[1] hibernateState[0x00000000/0] hibernateMode[0x00000003/3]
Thu May 15 18:22:38.541 [airport]/579 @[1172350.825548] (configdIODriverInterface.m:4784) Acknowledging sleep event, connection[0x6ac0492c0] token[0x00000000]
Thu May 15 18:22:38.726 [airport]/579 @[1172351.010387] (airportProcessCommand.m:1715) Processed events, count[  3], @[1172351.010320], took 0.000059
Thu May 15 18:22:38.730 [airport]/579 @[1172351.014767] (airportProcessCommand.m:1715) Processed events, count[  1], @[1172351.014506], took 0.000252
Thu May 15 18:22:38.731 [airport]/579 @[1172351.016348] (airportProcessCommand.m:1715) Processed events, count[ 15], @[1172351.015642], took 0.000699
Thu May 15 18:22:42.367 [airport]/579 @[1172354.653379] (airportProcessCommand.m:1715) Processed events, count[  3], @[1172354.653325], took 0.000046
Thu May 15 18:22:42.368 [airport]/579 @[1172354.654034] (airportProcessCommand.m:1715) Processed events, count[  2], @[1172354.653993], took 0.000035
Thu May 15 18:22:42.369 [airport]/579 @[1172354.654777] (airportProcessCommand.m:1715) Processed events, count[  2], @[1172354.654465], took 0.000306
Thu May 15 18:22:42.369 [airport]/579 @[1172354.655094] (airportProcessCommand.m:1715) Processed events, count[  1], @[1172354.655064], took 0.000025
Thu May 15 18:22:42.369 [airport]/579 @[1172354.655377] (airportProcessCommand.m:1715) Processed events, count[  2], @[1172354.655352], took 0.000020
Thu May 15 18:22:42.370 [airport]/579 @[1172354.655632] (airportProcessCommand.m:1715) Processed events, count[  1], @[1172354.655610], took 0.000017
Thu May 15 18:22:42.370 [airport]/579 @[1172354.655894] (airportProcessCommand.m:1715) Processed events, count[  1], @[1172354.655875], took 0.000014
Thu May 15 18:22:42.371 [airport]/579 @[1172354.657506] (airportProcessCommand.m:1715) Processed events, count[  1], @[1172354.656306], took 0.001192
Thu May 15 18:22:42.372 [airport]/579 @[1172354.657668] (airportProcessCommand.m:1715) Processed events, count[  2], @[1172354.657611], took 0.000052
Thu May 15 18:22:42.372 [airport]/579 @[1172354.657768] (airportProcessCommand.m:1715) Processed events, count[  2], @[1172354.657740], took 0.000023
Thu May 15 18:22:42.372 [airport]/579 @[1172354.658054] (airportProcessCommand.m:1715) Processed events, count[  1], @[1172354.658023], took 0.000026
Thu May 15 18:22:42.372 [airport]/579 @[1172354.658418] (airportProcessCommand.m:1715) Processed events, count[  1], @[1172354.658392], took 0.000020
Thu May 15 18:22:43.538 [airport]/579 @[1172355.825084] (configdIODriverInterface.m:4687) caps = , connection[0x6ac0492c0] token[0x04f5000d] capabilties[0x00000000], description:'Sleep:<off> ', lastSleepType[0x00000007]/'Deep Idle', hibernateStateFound[1] hibernateState[0x00000000/0] hibernateMode[0x00000003/3]
Thu May 15 18:22:43.547 [airport]/579 @[1172355.834010] (configdIODriverInterface.m:4375) <en0> Scan offloads will be ENABLED (lpas_supported=yes, softap=disabled, wow=disabled, tcpka=active, allow_unassoc_wakes=yes, allow_disconn_sleeps=yes, aj_disabled=no, scan_offload_disabled_until=(null))
Thu May 15 18:22:43.565 [airport]/579 @[1172355.851760] (configdIODriverInterface.m:4450) <en0> Successfully configured scan offloads, aj_disabled=no, PNO count[4]
Thu May 15 18:22:43.566 [airport]/579 @[1172355.852738] (configdIODriverInterface.m:3826) Acknowledging sleep event, connection[0x6ac0492c0] token[0x04f5000d], gPMConnection[0x6ac0492c0]
Thu May 15 18:22:43.569 [airport]/579 @[1172355.855493] (airportProcessCommand.m:1715) Processed events, count[ 19], @[1172355.854901], took 0.000581
Thu May 15 18:22:45.141 [airport]/579 @[1172357.427868] (configdIODriverInterface.m:1377) driver unavailable (reason=0xe0821804, subreason=0x0, flags=0x0), node:isDriverAvailable=1
Thu May 15 18:22:45.143 Usb Host Notification Error Apple80211Set: Device power is off seqNum 3461 Total 0 chg 0 en0
Thu May 15 18:22:45.155 [airport]/579 @[1172357.441867] (airportProcessCommand.m:1715) Processed events, count[  2], @[1172357.441807], took 0.000050
Thu May 15 18:22:45.155 [airport]/579 @[1172357.442163] (airportProcessCommand.m:1715) Processed events, count[  1], @[1172357.442127], took 0.000029
Thu May 15 18:22:45.155 [airport]/579 @[1172357.442436] (airportProcessCommand.m:1715) Processed events, count[  1], @[1172357.442385], took 0.000041
Thu May 15 18:22:45.155 [airport]/579 @[1172357.442642] (airportProcessCommand.m:1715) Processed events, count[  1], @[1172357.442611], took 0.000024
Thu May 15 18:22:45.156 [airport]/579 @[1172357.442896] (airportProcessCommand.m:1715) Processed events, count[  1], @[1172357.442869], took 0.000020
Thu May 15 18:22:45.156 [airport]/579 @[1172357.443079] (airportProcessCommand.m:1715) Processed events, count[  1], @[1172357.443048], took 0.000024
Thu May 15 18:22:45.156 [airport]/579 @[1172357.443274] (airportProcessCommand.m:1715) Processed events, count[  1], @[1172357.443246], took 0.000021
Thu May 15 18:22:45.156 [airport]/579 @[1172357.443495] (airportProcessCommand.m:1715) Processed events, count[  1], @[1172357.443460], took 0.000028
Thu May 15 18:22:45.156 [airport]/579 @[1172357.443661] (airportProcessCommand.m:1715) Processed events, count[  1], @[1172357.443624], took 0.000022
Thu May 15 18:22:45.157 [airport]/579 @[1172357.443887] (airportProcessCommand.m:1715) Processed events, count[  1], @[1172357.443861], took 0.000019
Thu May 15 18:22:45.157 [airport]/579 @[1172357.444703] (airportProcessCommand.m:1715) Processed events, count[  1], @[1172357.444023], took 0.000671
Thu May 15 18:22:45.158 [airport]/579 @[1172357.444822] (airportProcessCommand.m:1715) Processed events, count[  1], @[1172357.444794], took 0.000021
Thu May 15 18:22:45.158 [airport]/579 @[1172357.444877] (airportProcessCommand.m:1715) Processed events, count[  1], @[1172357.444851], took 0.000018
Thu May 15 18:22:45.158 [airport]/579 @[1172357.444939] (airportProcessCommand.m:1715) Processed events, count[  1], @[1172357.444906], took 0.000026
Thu May 15 18:22:45.158 [airport]/579 @[1172357.444990] (airportProcessCommand.m:1715) Processed events, count[  1], @[1172357.444967], took 0.000017
Thu May 15 18:22:45.158 [airport]/579 @[1172357.445277] (airportProcessCommand.m:1715) Processed events, count[  1], @[1172357.445246], took 0.000024
Thu May 15 18:22:45.158 [airport]/579 @[1172357.445496] (airportProcessCommand.m:1715) Processed events, count[  1], @[1172357.445463], took 0.000021
Thu May 15 18:37:59.260 [airport]/579 @[1173271.529342] (configdIODriverInterface.m:4687) caps = CPU Net Disk Early , connection[0x6ac0492c0] token[0x00000000] capabilties[0x00008019], description:'DarkWake:cpu disk net ', lastSleepType[0x00000007]/'Deep Idle', hibernateStateFound[1] hibernateState[0x00000000/0] hibernateMode[0x00000003/3]
Thu May 15 18:37:59.268 [airport]/579 @[1173271.537159] (configdIODriverInterface.m:4784) Acknowledging sleep event, connection[0x6ac0492c0] token[0x00000000]
Thu May 15 18:37:59.340 [airport]/579 @[1173271.609470] (airportProcessCommand.m:1715) Processed events, count[  2], @[1173271.609420], took 0.000042
Thu May 15 18:37:59.340 [airport]/579 @[1173271.609805] (airportProcessCommand.m:1715) Processed events, count[  1], @[1173271.609780], took 0.000019
Thu May 15 18:37:59.340 [airport]/579 @[1173271.610004] (airportProcessCommand.m:1715) Processed events, count[  1], @[1173271.609980], took 0.000018
Thu May 15 18:37:59.341 [airport]/579 @[1173271.610434] (airportProcessCommand.m:1715) Processed events, count[  1], @[1173271.610358], took 0.000070
Thu May 15 18:37:59.341 [airport]/579 @[1173271.610570] (airportProcessCommand.m:1715) Processed events, count[  1], @[1173271.610549], took 0.000015
Thu May 15 18:37:59.341 [airport]/579 @[1173271.610786] (airportProcessCommand.m:1715) Processed events, count[  2], @[1173271.610760], took 0.000021
Thu May 15 18:37:59.341 [airport]/579 @[1173271.610886] (airportProcessCommand.m:1715) Processed events, count[  1], @[1173271.610865], took 0.000013
Thu May 15 18:37:59.342 [airport]/579 @[1173271.611137] (airportProcessCommand.m:1715) Processed events, count[  1], @[1173271.611113], took 0.000018
Thu May 15 18:37:59.342 [airport]/579 @[1173271.611445] (airportProcessCommand.m:1715) Processed events, count[  2], @[1173271.611346], took 0.000020
Thu May 15 18:37:59.342 [airport]/579 @[1173271.611678] (airportProcessCommand.m:1715) Processed events, count[  1], @[1173271.611621], took 0.000051
Thu May 15 18:37:59.342 [airport]/579 @[1173271.611826] (airportProcessCommand.m:1715) Processed events, count[  2], @[1173271.611800], took 0.000021
Thu May 15 18:37:59.342 [airport]/579 @[1173271.611949] (airportProcessCommand.m:1715) Processed events, count[  1], @[1173271.611928], took 0.000016
Thu May 15 18:37:59.343 [airport]/579 @[1173271.612166] (airportProcessCommand.m:1715) Processed events, count[  1], @[1173271.612146], took 0.000014
Thu May 15 18:37:59.343 [airport]/579 @[1173271.612417] (airportProcessCommand.m:1715) Processed events, count[  1], @[1173271.612391], took 0.000016
Thu May 15 18:37:59.345 [airport]/579 @[1173271.614920] (airportProcessCommand.m:1715) Processed events, count[  2], @[1173271.612624], took 0.002276
Thu May 15 18:37:59.346 [airport]/579 @[1173271.615874] (airportProcessCommand.m:1715) Processed events, count[  1], @[1173271.615191], took 0.000677
Thu May 15 18:37:59.346 [airport]/579 @[1173271.615958] (airportProcessCommand.m:1715) Processed events, count[  1], @[1173271.615932], took 0.000021
Thu May 15 18:37:59.346 [airport]/579 @[1173271.615999] (airportProcessCommand.m:1715) Processed events, count[  1], @[1173271.615981], took 0.000013
Thu May 15 18:37:59.347 [airport]/579 @[1173271.616575] (airportProcessCommand.m:1715) Processed events, count[  1], @[1173271.616020], took 0.000546
Thu May 15 18:37:59.347 [airport]/579 @[1173271.616739] (airportProcessCommand.m:1715) Processed events, count[  1], @[1173271.616716], took 0.000018
Thu May 15 18:37:59.349 [airport]/579 @[1173271.618103] (airportProcessCommand.m:1715) Processed events, count[  2], @[1173271.617028], took 0.000887
Thu May 15 18:37:59.349 [airport]/579 @[1173271.618232] (airportProcessCommand.m:1715) Processed events, count[  1], @[1173271.618200], took 0.000026
Thu May 15 18:37:59.349 [airport]/579 @[1173271.618290] (airportProcessCommand.m:1715) Processed events, count[  2], @[1173271.618260], took 0.000024
Thu May 15 18:37:59.349 [airport]/579 @[1173271.618333] (airportProcessCommand.m:1715) Processed events, count[  1], @[1173271.618312], took 0.000016
Thu May 15 18:37:59.349 [airport]/579 @[1173271.618377] (airportProcessCommand.m:1715) Processed events, count[  1], @[1173271.618354], took 0.000013
Thu May 15 18:37:59.349 [airport]/579 @[1173271.618427] (airportProcessCommand.m:1715) Processed events, count[  2], @[1173271.618399], took 0.000022
Thu May 15 18:37:59.349 [airport]/579 @[1173271.618730] (airportProcessCommand.m:1715) Processed events, count[  1], @[1173271.618706], took 0.000018
Thu May 15 18:37:59.349 [airport]/579 @[1173271.618960] (airportProcessCommand.m:1715) Processed events, count[  1], @[1173271.618940], took 0.000015
Thu May 15 18:37:59.374 [airport]/579 @[1173271.643056] (configdIODriverInterface.m:4687) caps = CPU Net Disk , connection[0x6ac0492c0] token[0x00000000] capabilties[0x000000b9], description:'DarkWake:cpu disk net push ', lastSleepType[0x00000007]/'Deep Idle', hibernateStateFound[1] hibernateState[0x00000000/0] hibernateMode[0x00000003/3]
Thu May 15 18:37:59.398 [airport]/579 @[1173271.667412] (configdIODriverInterface.m:4784) Acknowledging sleep event, connection[0x6ac0492c0] token[0x00000000]
Thu May 15 18:37:59.627 [airport]/579 @[1173271.896571] (configdIODriverInterface.m:1377) driver available (reason=0xe0821803, subreason=0x0, flags=0x0), node:isDriverAvailable=0
Thu May 15 18:37:59.724 Usb Host Notification Apple80211Set: seqNum 3462 Total 0 chg 0 en0
Thu May 15 18:37:59.725 Usb Host Notification metrics: usbChange=0, count=0, noiseDelta=0
Thu May 15 18:37:59.805 Usb Host Notification Apple80211Set: seqNum 3463 Total 0 chg 0 en0
Thu May 15 18:37:59.805 Usb Host Notification metrics: usbChange=0, count=0, noiseDelta=0
Thu May 15 18:37:59.835 [airport]/579 @[1173272.104418] (airportProcessCommand.m:1715) Processed events, count[ 19], @[1173272.101441], took 0.002962
Thu May 15 18:38:01.390 [airport]/579 @[1173273.661009] (configdIODriverInterface.m:4687) caps = , connection[0x6ac0492c0] token[0x04f6000d] capabilties[0x00000000], description:'Sleep:<off> ', lastSleepType[0x00000007]/'Deep Idle', hibernateStateFound[1] hibernateState[0x00000000/0] hibernateMode[0x00000003/3]
Thu May 15 18:38:01.394 [airport]/579 @[1173273.664498] (configdIODriverInterface.m:4375) <en0> Scan offloads will be ENABLED (lpas_supported=yes, softap=disabled, wow=disabled, tcpka=active, allow_unassoc_wakes=yes, allow_disconn_sleeps=yes, aj_disabled=no, scan_offload_disabled_until=(null))
Thu May 15 18:38:01.417 [airport]/579 @[1173273.687800] (configdIODriverInterface.m:4450) <en0> Successfully configured scan offloads, aj_disabled=no, PNO count[4]
Thu May 15 18:38:01.418 [airport]/579 @[1173273.688772] (configdIODriverInterface.m:3826) Acknowledging sleep event, connection[0x6ac0492c0] token[0x04f6000d], gPMConnection[0x6ac0492c0]
Thu May 15 18:38:05.508 [airport]/579 @[1173277.784531] (configdIODriverInterface.m:1377) driver unavailable (reason=0xe0821804, subreason=0x0, flags=0x0), node:isDriverAvailable=1
Thu May 15 18:38:05.510 Usb Host Notification Error Apple80211Set: Device power is off seqNum 3464 Total 0 chg 0 en0
Thu May 15 18:38:05.519 [airport]/579 @[1173277.795614] (airportProcessCommand.m:1715) Processed events, count[  2], @[1173277.795347], took 0.000077
Thu May 15 18:38:05.519 [airport]/579 @[1173277.795870] (airportProcessCommand.m:1715) Processed events, count[  1], @[1173277.795806], took 0.000048
Thu May 15 18:38:05.520 [airport]/579 @[1173277.796517] (airportProcessCommand.m:1715) Processed events, count[  1], @[1173277.796440], took 0.000063
Thu May 15 18:38:05.521 [airport]/579 @[1173277.797324] (airportProcessCommand.m:1715) Processed events, count[  1], @[1173277.797165], took 0.000149
Thu May 15 18:38:05.521 [airport]/579 @[1173277.797737] (airportProcessCommand.m:1715) Processed events, count[  1], @[1173277.797637], took 0.000089
Thu May 15 18:38:05.521 [airport]/579 @[1173277.798219] (airportProcessCommand.m:1715) Processed events, count[  1], @[1173277.798104], took 0.000104
Thu May 15 18:38:05.521 [airport]/579 @[1173277.798400] (airportProcessCommand.m:1715) Processed events, count[  1], @[1173277.798361], took 0.000026
Thu May 15 18:38:05.522 [airport]/579 @[1173277.798965] (airportProcessCommand.m:1715) Processed events, count[  1], @[1173277.798924], took 0.000030
Thu May 15 18:38:05.523 [airport]/579 @[1173277.799442] (airportProcessCommand.m:1715) Processed events, count[  1], @[1173277.799404], took 0.000029
Thu May 15 18:38:05.523 [airport]/579 @[1173277.799885] (airportProcessCommand.m:1715) Processed events, count[  1], @[1173277.799860], took 0.000019
Thu May 15 18:38:05.524 [airport]/579 @[1173277.800489] (airportProcessCommand.m:1715) Processed events, count[  1], @[1173277.800057], took 0.000425
Thu May 15 18:38:05.524 [airport]/579 @[1173277.800670] (airportProcessCommand.m:1715) Processed events, count[  1], @[1173277.800631], took 0.000030
Thu May 15 18:38:05.524 [airport]/579 @[1173277.800743] (airportProcessCommand.m:1715) Processed events, count[  1], @[1173277.800710], took 0.000024
Thu May 15 18:38:05.524 [airport]/579 @[1173277.800984] (airportProcessCommand.m:1715) Processed events, count[  1], @[1173277.800942], took 0.000032
Thu May 15 18:38:05.524 [airport]/579 @[1173277.801420] (airportProcessCommand.m:1715) Processed events, count[  1], @[1173277.801264], took 0.000148
Thu May 15 18:38:05.525 [airport]/579 @[1173277.801702] (airportProcessCommand.m:1715) Processed events, count[  2], @[1173277.801660], took 0.000035
Thu May 15 18:39:45.636 [airport]/579 @[1173377.911648] (configdIODriverInterface.m:4687) caps = CPU Net Disk Early , connection[0x6ac0492c0] token[0x00000000] capabilties[0x00008019], description:'DarkWake:cpu disk net ', lastSleepType[0x00000007]/'Deep Idle', hibernateStateFound[1] hibernateState[0x00000000/0] hibernateMode[0x00000003/3]
Thu May 15 18:39:45.642 [airport]/579 @[1173377.917949] (configdIODriverInterface.m:4784) Acknowledging sleep event, connection[0x6ac0492c0] token[0x00000000]
Thu May 15 18:39:46.288 [airport]/579 @[1173378.564486] (configdIODriverInterface.m:4687) caps = CPU Video Audio Net Disk , connection[0x6ac0492c0] token[0x00000000] capabilties[0x0000001f], description:'FullWake:cpu disk net aud vid ', lastSleepType[0x00000007]/'Deep Idle', hibernateStateFound[1] hibernateState[0x00000000/0] hibernateMode[0x00000003/3]
Thu May 15 18:39:46.674 [airport]/579 @[1173378.951654] (configdIODriverInterface.m:4914) Acknowledging sleep event, connection[0x6ac0492c0] token[0x00000000]
Thu May 15 18:39:46.756 [airport]/579 @[1173379.033427] (configdIODriverInterface.m:1377) driver available (reason=0xe0821803, subreason=0x0, flags=0x0), node:isDriverAvailable=0
Thu May 15 18:39:46.783 Usb Host Notification Apple80211Set: seqNum 3465 Total 0 chg 0 en0
Thu May 15 18:39:46.785 Usb Host Notification metrics: usbChange=0, count=0, noiseDelta=0
Thu May 15 18:39:46.846 Usb Host Notification Apple80211Set: seqNum 3466 Total 0 chg 0 en0
Thu May 15 18:39:46.851 Usb Host Notification metrics: usbChange=0, count=0, noiseDelta=0
Thu May 15 18:39:46.935 [airport]/579 @[1173379.212138] (airportProcessCommand.m:1715) Processed events, count[ 19], @[1173379.209843], took 0.002286
Thu May 15 18:39:58.362 [airport]/579 @[1173390.649034] (airportdMain.m:1730) Health check alive, checkin@[1173390.648778], count[3970] 
Thu May 15 18:40:28.360 [airport]/579 @[1173420.653321] (airportdMain.m:1730) Health check alive, checkin@[1173420.653277], count[3971] 
Thu May 15 18:40:58.364 [airport]/579 @[1173450.657959] (airportdMain.m:1730) Health check alive, checkin@[1173450.657915], count[3972] 
Thu May 15 18:41:28.369 [airport]/579 @[1173480.662818] (airportdMain.m:1730) Health check alive, checkin@[1173480.662760], count[3973] 
Thu May 15 18:41:35.020 [airport]/579 @[1173487.314268] (airportProcessCommand.m:1715) Processed events, count[  2], @[1173487.314194], took 0.000065
Thu May 15 18:41:35.021 [airport]/579 @[1173487.314582] (airportProcessCommand.m:1715) Processed events, count[  2], @[1173487.314541], took 0.000034
Thu May 15 18:41:35.021 [airport]/579 @[1173487.314850] (airportProcessCommand.m:1715) Processed events, count[  1], @[1173487.314815], took 0.000029
Thu May 15 18:41:35.021 [airport]/579 @[1173487.314944] (airportProcessCommand.m:1715) Processed events, count[  1], @[1173487.314922], took 0.000016
Thu May 15 18:41:35.021 [airport]/579 @[1173487.315117] (airportProcessCommand.m:1715) Processed events, count[  1], @[1173487.315087], took 0.000024
Thu May 15 18:41:35.021 [airport]/579 @[1173487.315284] (airportProcessCommand.m:1715) Processed events, count[  1], @[1173487.315262], took 0.000016
Thu May 15 18:41:35.021 [airport]/579 @[1173487.315436] (airportProcessCommand.m:1715) Processed events, count[  1], @[1173487.315414], took 0.000016
Thu May 15 18:41:35.022 [airport]/579 @[1173487.315586] (airportProcessCommand.m:1715) Processed events, count[  1], @[1173487.315563], took 0.000018
Thu May 15 18:41:35.022 [airport]/579 @[1173487.315873] (airportProcessCommand.m:1715) Processed events, count[  1], @[1173487.315838], took 0.000029
Thu May 15 18:41:35.022 [airport]/579 @[1173487.316020] (airportProcessCommand.m:1715) Processed events, count[  1], @[1173487.315996], took 0.000018
Thu May 15 18:41:35.023 [airport]/579 @[1173487.316968] (airportProcessCommand.m:1715) Processed events, count[  1], @[1173487.316158], took 0.000801
Thu May 15 18:41:35.023 [airport]/579 @[1173487.317082] (airportProcessCommand.m:1715) Processed events, count[  1], @[1173487.317058], took 0.000018
Thu May 15 18:41:35.023 [airport]/579 @[1173487.317128] (airportProcessCommand.m:1715) Processed events, count[  1], @[1173487.317107], took 0.000015
Thu May 15 18:41:35.023 [airport]/579 @[1173487.317168] (airportProcessCommand.m:1715) Processed events, count[  1], @[1173487.317149], took 0.000013
Thu May 15 18:41:35.023 [airport]/579 @[1173487.317209] (airportProcessCommand.m:1715) Processed events, count[  1], @[1173487.317189], took 0.000014
Thu May 15 18:41:35.023 [airport]/579 @[1173487.317255] (airportProcessCommand.m:1715) Processed events, count[  1], @[1173487.317229], took 0.000020
Thu May 15 18:41:35.023 [airport]/579 @[1173487.317510] (airportProcessCommand.m:1715) Processed events, count[  1], @[1173487.317491], took 0.000014
Thu May 15 18:41:35.027 [airport]/579 @[1173487.320823] (airportProcessCommand.m:1715) Processed events, count[  2], @[1173487.320775], took 0.000040
Thu May 15 18:41:35.027 [airport]/579 @[1173487.321072] (airportProcessCommand.m:1715) Processed events, count[  1], @[1173487.321046], took 0.000020
Thu May 15 18:41:35.028 [airport]/579 @[1173487.321744] (airportProcessCommand.m:1715) Processed events, count[  1], @[1173487.321716], took 0.000023
Thu May 15 18:41:35.028 [airport]/579 @[1173487.322040] (airportProcessCommand.m:1715) Processed events, count[  2], @[1173487.322013], took 0.000022
Thu May 15 18:41:35.028 [airport]/579 @[1173487.322217] (airportProcessCommand.m:1715) Processed events, count[  1], @[1173487.322192], took 0.000019
Thu May 15 18:41:35.028 [airport]/579 @[1173487.322495] (airportProcessCommand.m:1715) Processed events, count[  1], @[1173487.322475], took 0.000015
Thu May 15 18:41:35.029 [airport]/579 @[1173487.322739] (airportProcessCommand.m:1715) Processed events, count[  1], @[1173487.322705], took 0.000029
Thu May 15 18:41:35.029 [airport]/579 @[1173487.322901] (airportProcessCommand.m:1715) Processed events, count[  1], @[1173487.322878], took 0.000018
Thu May 15 18:41:35.029 [airport]/579 @[1173487.323095] (airportProcessCommand.m:1715) Processed events, count[  1], @[1173487.323075], took 0.000016
Thu May 15 18:41:35.029 [airport]/579 @[1173487.323284] (airportProcessCommand.m:1715) Processed events, count[  1], @[1173487.323263], took 0.000015
Thu May 15 18:41:35.030 [airport]/579 @[1173487.324003] (airportProcessCommand.m:1715) Processed events, count[  1], @[1173487.323454], took 0.000541
Thu May 15 18:41:35.030 [airport]/579 @[1173487.324080] (airportProcessCommand.m:1715) Processed events, count[  1], @[1173487.324057], took 0.000015
Thu May 15 18:41:35.030 [airport]/579 @[1173487.324135] (airportProcessCommand.m:1715) Processed events, count[  1], @[1173487.324117], took 0.000014
Thu May 15 18:41:35.030 [airport]/579 @[1173487.324191] (airportProcessCommand.m:1715) Processed events, count[  1], @[1173487.324168], took 0.000018
Thu May 15 18:41:35.030 [airport]/579 @[1173487.324240] (airportProcessCommand.m:1715) Processed events, count[  1], @[1173487.324222], took 0.000013
Thu May 15 18:41:35.030 [airport]/579 @[1173487.324409] (airportProcessCommand.m:1715) Processed events, count[  1], @[1173487.324388], took 0.000015
Thu May 15 18:41:35.031 [airport]/579 @[1173487.324578] (airportProcessCommand.m:1715) Processed events, count[  1], @[1173487.324558], took 0.000015
Thu May 15 18:41:58.469 [airport]/579 @[1173510.762594] (airportdMain.m:1730) Health check alive, checkin@[1173510.762532], count[3974] 
Thu May 15 18:42:28.569 [airport]/579 @[1173540.862227] (airportdMain.m:1730) Health check alive, checkin@[1173540.862172], count[3975] 
Thu May 15 18:42:58.669 [airport]/579 @[1173570.962380] (airportdMain.m:1730) Health check alive, checkin@[1173570.962323], count[3976] 
Thu May 15 18:43:28.769 [airport]/579 @[1173601.061629] (airportdMain.m:1730) Health check alive, checkin@[1173601.061590], count[3977] 
Thu May 15 18:43:58.870 [airport]/579 @[1173631.161797] (airportdMain.m:1730) Health check alive, checkin@[1173631.161750], count[3978] 
Thu May 15 18:44:28.969 [airport]/579 @[1173661.261260] (airportdMain.m:1730) Health check alive, checkin@[1173661.261200], count[3979] 
Thu May 15 18:44:59.070 [airport]/579 @[1173691.360945] (airportdMain.m:1730) Health check alive, checkin@[1173691.360883], count[3980] 
Thu May 15 18:45:11.056 [airport]/579 @[1173703.347238] (airportProcessCommand.m:1715) Processed events, count[  2], @[1173703.347177], took 0.000052
Thu May 15 18:45:11.057 [airport]/579 @[1173703.347960] (airportProcessCommand.m:1715) Processed events, count[  1], @[1173703.347826], took 0.000119
Thu May 15 18:45:11.057 [airport]/579 @[1173703.348507] (airportProcessCommand.m:1715) Processed events, count[  1], @[1173703.348458], took 0.000042
Thu May 15 18:45:11.058 [airport]/579 @[1173703.349253] (airportProcessCommand.m:1715) Processed events, count[  2], @[1173703.349169], took 0.000070
Thu May 15 18:45:11.060 [airport]/579 @[1173703.351768] (airportProcessCommand.m:1715) Processed events, count[  2], @[1173703.351480], took 0.000280
Thu May 15 18:45:11.061 [airport]/579 @[1173703.352377] (airportProcessCommand.m:1715) Processed events, count[  2], @[1173703.352338], took 0.000032
Thu May 15 18:45:11.061 [airport]/579 @[1173703.352690] (airportProcessCommand.m:1715) Processed events, count[  1], @[1173703.352624], took 0.000059
Thu May 15 18:45:11.063 [airport]/579 @[1173703.354588] (airportProcessCommand.m:1715) Processed events, count[  2], @[1173703.352982], took 0.001594
Thu May 15 18:45:11.063 [airport]/579 @[1173703.354746] (airportProcessCommand.m:1715) Processed events, count[  1], @[1173703.354704], took 0.000035
Thu May 15 18:45:11.064 [airport]/579 @[1173703.354845] (airportProcessCommand.m:1715) Processed events, count[  1], @[1173703.354817], took 0.000021
Thu May 15 18:45:11.064 [airport]/579 @[1173703.354996] (airportProcessCommand.m:1715) Processed events, count[  1], @[1173703.354901], took 0.000089
Thu May 15 18:45:11.064 [airport]/579 @[1173703.355559] (airportProcessCommand.m:1715) Processed events, count[  1], @[1173703.355524], took 0.000027
Thu May 15 18:45:11.065 [airport]/579 @[1173703.355958] (airportProcessCommand.m:1715) Processed events, count[  1], @[1173703.355930], took 0.000022
Thu May 15 18:45:11.065 [airport]/579 @[1173703.356409] (airportProcessCommand.m:1715) Processed events, count[  1], @[1173703.356376], took 0.000025
Thu May 15 18:45:11.067 [airport]/579 @[1173703.357806] (airportProcessCommand.m:1715) Processed events, count[  1], @[1173703.357760], took 0.000037
Thu May 15 18:45:11.067 [airport]/579 @[1173703.358318] (airportProcessCommand.m:1715) Processed events, count[  1], @[1173703.358290], took 0.000021
Thu May 15 18:45:11.067 [airport]/579 @[1173703.358759] (airportProcessCommand.m:1715) Processed events, count[  1], @[1173703.358729], took 0.000023
Thu May 15 18:45:11.072 [airport]/579 @[1173703.362848] (airportProcessCommand.m:1715) Processed events, count[  1], @[1173703.362796], took 0.000042
Thu May 15 18:45:11.072 [airport]/579 @[1173703.363046] (airportProcessCommand.m:1715) Processed events, count[  1], @[1173703.363018], took 0.000022
Thu May 15 18:45:11.072 [airport]/579 @[1173703.363386] (airportProcessCommand.m:1715) Processed events, count[  1], @[1173703.363361], took 0.000019
Thu May 15 18:45:11.073 [airport]/579 @[1173703.363690] (airportProcessCommand.m:1715) Processed events, count[  1], @[1173703.363583], took 0.000101
Thu May 15 18:45:11.073 [airport]/579 @[1173703.364121] (airportProcessCommand.m:1715) Processed events, count[  1], @[1173703.364097], took 0.000019
Thu May 15 18:45:11.073 [airport]/579 @[1173703.364293] (airportProcessCommand.m:1715) Processed events, count[  1], @[1173703.364270], took 0.000017
Thu May 15 18:45:11.073 [airport]/579 @[1173703.364551] (airportProcessCommand.m:1715) Processed events, count[  1], @[1173703.364529], took 0.000016
Thu May 15 18:45:11.074 [airport]/579 @[1173703.364833] (airportProcessCommand.m:1715) Processed events, count[  1], @[1173703.364806], took 0.000021
Thu May 15 18:45:11.074 [airport]/579 @[1173703.365045] (airportProcessCommand.m:1715) Processed events, count[  1], @[1173703.365020], took 0.000019
Thu May 15 18:45:11.076 [airport]/579 @[1173703.366862] (airportProcessCommand.m:1715) Processed events, count[  1], @[1173703.365361], took 0.001492
Thu May 15 18:45:11.076 [airport]/579 @[1173703.367092] (airportProcessCommand.m:1715) Processed events, count[  1], @[1173703.366985], took 0.000102
Thu May 15 18:45:11.076 [airport]/579 @[1173703.367205] (airportProcessCommand.m:1715) Processed events, count[  1], @[1173703.367179], took 0.000021
Thu May 15 18:45:11.077 [airport]/579 @[1173703.368701] (airportProcessCommand.m:1715) Processed events, count[  1], @[1173703.368663], took 0.000031
Thu May 15 18:45:11.078 [airport]/579 @[1173703.369104] (airportProcessCommand.m:1715) Processed events, count[  2], @[1173703.369066], took 0.000033
Thu May 15 18:45:11.078 [airport]/579 @[1173703.369262] (airportProcessCommand.m:1715) Processed events, count[  1], @[1173703.369238], took 0.000019
Thu May 15 18:45:29.169 [airport]/579 @[1173721.460530] (airportdMain.m:1730) Health check alive, checkin@[1173721.460472], count[3981] 
Thu May 15 18:45:59.270 [airport]/579 @[1173751.560422] (airportdMain.m:1730) Health check alive, checkin@[1173751.560314], count[3982] 
Thu May 15 18:46:29.370 [airport]/579 @[1173781.660045] (airportdMain.m:1730) Health check alive, checkin@[1173781.659913], count[3983] 
Thu May 15 18:46:59.411 [airport]/579 @[1173811.696582] (airportdMain.m:1730) Health check alive, checkin@[1173811.696438], count[3984] 
Thu May 15 18:47:29.510 [airport]/579 @[1173841.799363] (airportdMain.m:1730) Health check alive, checkin@[1173841.799322], count[3985] 
Thu May 15 18:47:59.611 [airport]/579 @[1173871.899879] (airportdMain.m:1730) Health check alive, checkin@[1173871.899822], count[3986] 
Thu May 15 18:48:29.710 [airport]/579 @[1173901.998891] (airportdMain.m:1730) Health check alive, checkin@[1173901.998821], count[3987] 
Thu May 15 18:48:59.810 [airport]/579 @[1173932.098594] (airportdMain.m:1730) Health check alive, checkin@[1173932.098542], count[3988] 
Thu May 15 18:49:29.900 [airport]/579 @[1173962.188309] (airportdMain.m:1730) Health check alive, checkin@[1173962.188253], count[3989] 
Thu May 15 18:50:00.001 [airport]/579 @[1173992.288220] (airportdMain.m:1730) Health check alive, checkin@[1173992.288126], count[3990] 
Thu May 15 18:50:30.101 [airport]/579 @[1174022.387708] (airportdMain.m:1730) Health check alive, checkin@[1174022.387662], count[3991] 
Thu May 15 18:51:00.201 [airport]/579 @[1174052.487475] (airportdMain.m:1730) Health check alive, checkin@[1174052.487416], count[3992] 
Thu May 15 18:51:30.301 [airport]/579 @[1174082.587196] (airportdMain.m:1730) Health check alive, checkin@[1174082.587134], count[3993] 
Thu May 15 18:52:00.401 [airport]/579 @[1174112.686945] (airportdMain.m:1730) Health check alive, checkin@[1174112.686861], count[3994] 
Thu May 15 18:52:23.169 [airport]/579 @[1174135.454792] (airportProcessCommand.m:1715) Processed events, count[  2], @[1174135.454534], took 0.000246
Thu May 15 18:52:23.170 [airport]/579 @[1174135.455440] (airportProcessCommand.m:1715) Processed events, count[  1], @[1174135.455398], took 0.000033
Thu May 15 18:52:23.170 [airport]/579 @[1174135.455934] (airportProcessCommand.m:1715) Processed events, count[  1], @[1174135.455893], took 0.000034
Thu May 15 18:52:23.171 [airport]/579 @[1174135.456690] (airportProcessCommand.m:1715) Processed events, count[  1], @[1174135.456656], took 0.000026
Thu May 15 18:52:23.172 [airport]/579 @[1174135.457660] (airportProcessCommand.m:1715) Processed events, count[  2], @[1174135.457604], took 0.000048
Thu May 15 18:52:23.175 [airport]/579 @[1174135.459695] (airportProcessCommand.m:1715) Processed events, count[  1], @[1174135.459637], took 0.000045
Thu May 15 18:52:23.176 [airport]/579 @[1174135.461422] (airportProcessCommand.m:1715) Processed events, count[  3], @[1174135.461190], took 0.000221
Thu May 15 18:52:23.177 [airport]/579 @[1174135.462515] (airportProcessCommand.m:1715) Processed events, count[  3], @[1174135.462385], took 0.000122
Thu May 15 18:52:23.179 [airport]/579 @[1174135.464557] (airportProcessCommand.m:1715) Processed events, count[  3], @[1174135.462840], took 0.001693
Thu May 15 18:52:23.179 [airport]/579 @[1174135.464753] (airportProcessCommand.m:1715) Processed events, count[  1], @[1174135.464703], took 0.000041
Thu May 15 18:52:23.179 [airport]/579 @[1174135.465044] (airportProcessCommand.m:1715) Processed events, count[  1], @[1174135.465000], took 0.000034
Thu May 15 18:52:23.179 [airport]/579 @[1174135.465160] (airportProcessCommand.m:1715) Processed events, count[  1], @[1174135.465125], took 0.000026
Thu May 15 18:52:23.180 [airport]/579 @[1174135.465265] (airportProcessCommand.m:1715) Processed events, count[  1], @[1174135.465232], took 0.000024
Thu May 15 18:52:23.180 [airport]/579 @[1174135.465360] (airportProcessCommand.m:1715) Processed events, count[  1], @[1174135.465328], took 0.000023
Thu May 15 18:52:23.180 [airport]/579 @[1174135.465515] (airportProcessCommand.m:1715) Processed events, count[  1], @[1174135.465423], took 0.000082
Thu May 15 18:52:23.181 [airport]/579 @[1174135.466549] (airportProcessCommand.m:1715) Processed events, count[  2], @[1174135.465981], took 0.000554
Thu May 15 18:52:23.182 [airport]/579 @[1174135.468125] (airportProcessCommand.m:1715) Processed events, count[  2], @[1174135.468069], took 0.000049
Thu May 15 18:52:23.183 [airport]/579 @[1174135.469096] (airportProcessCommand.m:1715) Processed events, count[  3], @[1174135.469030], took 0.000059
Thu May 15 18:52:23.184 [airport]/579 @[1174135.469381] (airportProcessCommand.m:1715) Processed events, count[  1], @[1174135.469341], took 0.000034
Thu May 15 18:52:23.187 [airport]/579 @[1174135.472893] (airportProcessCommand.m:1715) Processed events, count[  1], @[1174135.470444], took 0.002438
Thu May 15 18:52:23.188 [airport]/579 @[1174135.473328] (airportProcessCommand.m:1715) Processed events, count[  2], @[1174135.473168], took 0.000152
Thu May 15 18:52:23.188 [airport]/579 @[1174135.473434] (airportProcessCommand.m:1715) Processed events, count[  1], @[1174135.473403], took 0.000024
Thu May 15 18:52:23.188 [airport]/579 @[1174135.473511] (airportProcessCommand.m:1715) Processed events, count[  1], @[1174135.473486], took 0.000018
Thu May 15 18:52:23.188 [airport]/579 @[1174135.473632] (airportProcessCommand.m:1715) Processed events, count[  1], @[1174135.473598], took 0.000027
Thu May 15 18:52:23.188 [airport]/579 @[1174135.473719] (airportProcessCommand.m:1715) Processed events, count[  1], @[1174135.473696], took 0.000017
Thu May 15 18:52:30.501 [airport]/579 @[1174142.786658] (airportdMain.m:1730) Health check alive, checkin@[1174142.786590], count[3995] 
Thu May 15 18:53:00.696 [airport]/579 @[1174172.980843] (airportdMain.m:1730) Health check alive, checkin@[1174172.980817], count[3996] 
Thu May 15 18:53:30.897 [airport]/579 @[1174203.182005] (airportdMain.m:1730) Health check alive, checkin@[1174203.181943], count[3997] 
Thu May 15 18:54:01.097 [airport]/579 @[1174233.381471] (airportdMain.m:1730) Health check alive, checkin@[1174233.381419], count[3998] 
Thu May 15 18:54:31.297 [airport]/579 @[1174263.580948] (airportdMain.m:1730) Health check alive, checkin@[1174263.580904], count[3999] 
Thu May 15 18:55:01.499 [airport]/579 @[1174293.782321] (airportdMain.m:1730) Health check alive, checkin@[1174293.782175], count[4000] 
Thu May 15 18:55:31.697 [airport]/579 @[1174323.979899] (airportdMain.m:1730) Health check alive, checkin@[1174323.979829], count[4001] 
Thu May 15 18:56:01.799 [airport]/579 @[1174354.082380] (airportdMain.m:1730) Health check alive, checkin@[1174354.082345], count[4002] 
Thu May 15 18:56:31.897 [airport]/579 @[1174384.179399] (airportdMain.m:1730) Health check alive, checkin@[1174384.179351], count[4003] 
Thu May 15 18:57:02.007 [airport]/579 @[1174414.280005] (airportdMain.m:1730) Health check alive, checkin@[1174414.279884], count[4004] 
Thu May 15 18:57:32.110 [airport]/579 @[1174444.379358] (airportdMain.m:1730) Health check alive, checkin@[1174444.378965], count[4005] 
Thu May 15 18:58:02.211 [airport]/579 @[1174474.479204] (airportdMain.m:1730) Health check alive, checkin@[1174474.479160], count[4006] 
Thu May 15 18:58:32.312 [airport]/579 @[1174504.580378] (airportdMain.m:1730) Health check alive, checkin@[1174504.580339], count[4007] 
Thu May 15 18:59:02.413 [airport]/579 @[1174534.680807] (airportdMain.m:1730) Health check alive, checkin@[1174534.680765], count[4008] 
Thu May 15 18:59:32.513 [airport]/579 @[1174564.780174] (airportdMain.m:1730) Health check alive, checkin@[1174564.780118], count[4009] 
Thu May 15 18:59:35.295 [airport]/579 @[1174567.562236] (airportProcessCommand.m:1715) Processed events, count[  2], @[1174567.562133], took 0.000087
Thu May 15 18:59:35.296 [airport]/579 @[1174567.563345] (airportProcessCommand.m:1715) Processed events, count[  2], @[1174567.563247], took 0.000078
Thu May 15 18:59:35.298 [airport]/579 @[1174567.564609] (airportProcessCommand.m:1715) Processed events, count[  2], @[1174567.564530], took 0.000065
Thu May 15 18:59:35.298 [airport]/579 @[1174567.565099] (airportProcessCommand.m:1715) Processed events, count[  1], @[1174567.565032], took 0.000055
Thu May 15 18:59:35.299 [airport]/579 @[1174567.565934] (airportProcessCommand.m:1715) Processed events, count[  1], @[1174567.565875], took 0.000046
Thu May 15 18:59:35.300 [airport]/579 @[1174567.567356] (airportProcessCommand.m:1715) Processed events, count[  1], @[1174567.567302], took 0.000042
Thu May 15 18:59:35.301 [airport]/579 @[1174567.567557] (airportProcessCommand.m:1715) Processed events, count[  2], @[1174567.567509], took 0.000039
Thu May 15 18:59:35.301 [airport]/579 @[1174567.568166] (airportProcessCommand.m:1715) Processed events, count[  1], @[1174567.567985], took 0.000161
Thu May 15 18:59:35.302 [airport]/579 @[1174567.568571] (airportProcessCommand.m:1715) Processed events, count[  1], @[1174567.568535], took 0.000027
Thu May 15 18:59:35.303 [airport]/579 @[1174567.569683] (airportProcessCommand.m:1715) Processed events, count[  2], @[1174567.569579], took 0.000095
Thu May 15 18:59:35.305 [airport]/579 @[1174567.571950] (airportProcessCommand.m:1715) Processed events, count[  2], @[1174567.570090], took 0.001850
Thu May 15 18:59:35.305 [airport]/579 @[1174567.572252] (airportProcessCommand.m:1715) Processed events, count[  3], @[1174567.572094], took 0.000150
Thu May 15 18:59:35.305 [airport]/579 @[1174567.572397] (airportProcessCommand.m:1715) Processed events, count[  2], @[1174567.572347], took 0.000043
Thu May 15 18:59:35.305 [airport]/579 @[1174567.572513] (airportProcessCommand.m:1715) Processed events, count[  1], @[1174567.572475], took 0.000032
Thu May 15 18:59:35.306 [airport]/579 @[1174567.572940] (airportProcessCommand.m:1715) Processed events, count[  1], @[1174567.572898], took 0.000035
Thu May 15 18:59:35.306 [airport]/579 @[1174567.573046] (airportProcessCommand.m:1715) Processed events, count[  1], @[1174567.573022], took 0.000018
Thu May 15 18:59:35.306 [airport]/579 @[1174567.573505] (airportProcessCommand.m:1715) Processed events, count[  2], @[1174567.573356], took 0.000141
Thu May 15 18:59:35.307 [airport]/579 @[1174567.574018] (airportProcessCommand.m:1715) Processed events, count[  1], @[1174567.573991], took 0.000020
Thu May 15 18:59:35.307 [airport]/579 @[1174567.574360] (airportProcessCommand.m:1715) Processed events, count[  2], @[1174567.574326], took 0.000027
Thu May 15 18:59:35.308 [airport]/579 @[1174567.574721] (airportProcessCommand.m:1715) Processed events, count[  1], @[1174567.574688], took 0.000026
Thu May 15 18:59:35.309 [airport]/579 @[1174567.575932] (airportProcessCommand.m:1715) Processed events, count[  1], @[1174567.575264], took 0.000657
Thu May 15 18:59:35.309 [airport]/579 @[1174567.576095] (airportProcessCommand.m:1715) Processed events, count[  2], @[1174567.576024], took 0.000064
Thu May 15 18:59:35.309 [airport]/579 @[1174567.576185] (airportProcessCommand.m:1715) Processed events, count[  1], @[1174567.576159], took 0.000019
Thu May 15 18:59:35.309 [airport]/579 @[1174567.576383] (airportProcessCommand.m:1715) Processed events, count[  1], @[1174567.576353], took 0.000023
Thu May 15 18:59:35.310 [airport]/579 @[1174567.576757] (airportProcessCommand.m:1715) Processed events, count[  1], @[1174567.576730], took 0.000020
Thu May 15 18:59:35.310 [airport]/579 @[1174567.577217] (airportProcessCommand.m:1715) Processed events, count[  1], @[1174567.577191], took 0.000020
Thu May 15 19:00:02.613 [airport]/579 @[1174594.879683] (airportdMain.m:1730) Health check alive, checkin@[1174594.879618], count[4010] 
Thu May 15 19:00:32.714 [airport]/579 @[1174624.980185] (airportdMain.m:1730) Health check alive, checkin@[1174624.980139], count[4011] 
Thu May 15 19:01:02.816 [airport]/579 @[1174655.081209] (airportdMain.m:1730) Health check alive, checkin@[1174655.081154], count[4012] 
Thu May 15 19:01:32.917 [airport]/579 @[1174685.182213] (airportdMain.m:1730) Health check alive, checkin@[1174685.182172], count[4013] 
Thu May 15 19:02:03.020 [airport]/579 @[1174715.285090] (airportdMain.m:1730) Health check alive, checkin@[1174715.285031], count[4014] 
Thu May 15 19:02:33.122 [airport]/579 @[1174745.386030] (airportdMain.m:1730) Health check alive, checkin@[1174745.385996], count[4015] 
Thu May 15 19:03:03.222 [airport]/579 @[1174775.485806] (airportdMain.m:1730) Health check alive, checkin@[1174775.485756], count[4016] 
Thu May 15 19:03:33.322 [airport]/579 @[1174805.585427] (airportdMain.m:1730) Health check alive, checkin@[1174805.585370], count[4017] 
Thu May 15 19:04:03.421 [airport]/579 @[1174835.683220] (airportdMain.m:1730) Health check alive, checkin@[1174835.683156], count[4018] 
Thu May 15 19:04:33.518 [airport]/579 @[1174865.779911] (airportdMain.m:1730) Health check alive, checkin@[1174865.779846], count[4019] 
Thu May 15 19:05:03.533 [airport]/579 @[1174895.794516] (airportdMain.m:1730) Health check alive, checkin@[1174895.794456], count[4020] 
Thu May 15 19:05:33.618 [airport]/579 @[1174925.879337] (airportdMain.m:1730) Health check alive, checkin@[1174925.879294], count[4021] 
Thu May 15 19:06:03.719 [airport]/579 @[1174955.979584] (airportdMain.m:1730) Health check alive, checkin@[1174955.979515], count[4022] 
Thu May 15 19:06:33.819 [airport]/579 @[1174986.078807] (airportdMain.m:1730) Health check alive, checkin@[1174986.078743], count[4023] 
Thu May 15 19:06:47.362 [airport]/579 @[1174999.621654] (airportProcessCommand.m:1715) Processed events, count[  2], @[1174999.621548], took 0.000090
Thu May 15 19:06:47.364 [airport]/579 @[1174999.623616] (airportProcessCommand.m:1715) Processed events, count[  1], @[1174999.623166], took 0.000432
Thu May 15 19:06:47.364 [airport]/579 @[1174999.623937] (airportProcessCommand.m:1715) Processed events, count[  1], @[1174999.623812], took 0.000111
Thu May 15 19:06:47.364 [airport]/579 @[1174999.624291] (airportProcessCommand.m:1715) Processed events, count[  1], @[1174999.624229], took 0.000049
Thu May 15 19:06:47.365 [airport]/579 @[1174999.624805] (airportProcessCommand.m:1715) Processed events, count[  1], @[1174999.624751], took 0.000041
Thu May 15 19:06:47.365 [airport]/579 @[1174999.625294] (airportProcessCommand.m:1715) Processed events, count[  1], @[1174999.625241], took 0.000040
Thu May 15 19:06:47.366 [airport]/579 @[1174999.625747] (airportProcessCommand.m:1715) Processed events, count[  1], @[1174999.625694], took 0.000040
Thu May 15 19:06:47.366 [airport]/579 @[1174999.626152] (airportProcessCommand.m:1715) Processed events, count[  1], @[1174999.626101], took 0.000039
Thu May 15 19:06:47.367 [airport]/579 @[1174999.626602] (airportProcessCommand.m:1715) Processed events, count[  1], @[1174999.626525], took 0.000036
Thu May 15 19:06:47.368 [airport]/579 @[1174999.627763] (airportProcessCommand.m:1715) Processed events, count[  1], @[1174999.627702], took 0.000052
Thu May 15 19:06:47.369 [airport]/579 @[1174999.629408] (airportProcessCommand.m:1715) Processed events, count[  1], @[1174999.629305], took 0.000090
Thu May 15 19:06:47.371 [airport]/579 @[1174999.631047] (airportProcessCommand.m:1715) Processed events, count[  1], @[1174999.629686], took 0.001349
Thu May 15 19:06:47.371 [airport]/579 @[1174999.631333] (airportProcessCommand.m:1715) Processed events, count[  1], @[1174999.631166], took 0.000153
Thu May 15 19:06:47.371 [airport]/579 @[1174999.631438] (airportProcessCommand.m:1715) Processed events, count[  1], @[1174999.631412], took 0.000019
Thu May 15 19:06:47.372 [airport]/579 @[1174999.631522] (airportProcessCommand.m:1715) Processed events, count[  1], @[1174999.631498], took 0.000017
Thu May 15 19:06:47.372 [airport]/579 @[1174999.631875] (airportProcessCommand.m:1715) Processed events, count[  1], @[1174999.631850], took 0.000018
Thu May 15 19:06:47.372 [airport]/579 @[1174999.632297] (airportProcessCommand.m:1715) Processed events, count[  1], @[1174999.632266], took 0.000024
Thu May 15 19:06:47.373 [airport]/579 @[1174999.633037] (airportProcessCommand.m:1715) Processed events, count[  1], @[1174999.633011], took 0.000019
Thu May 15 19:06:47.374 [airport]/579 @[1174999.633593] (airportProcessCommand.m:1715) Processed events, count[  2], @[1174999.633546], took 0.000040
Thu May 15 19:06:47.374 [airport]/579 @[1174999.633716] (airportProcessCommand.m:1715) Processed events, count[  1], @[1174999.633691], took 0.000019
Thu May 15 19:06:47.374 [airport]/579 @[1174999.634082] (airportProcessCommand.m:1715) Processed events, count[  1], @[1174999.634046], took 0.000028
Thu May 15 19:06:47.374 [airport]/579 @[1174999.634421] (airportProcessCommand.m:1715) Processed events, count[  1], @[1174999.634386], took 0.000028
Thu May 15 19:06:47.375 [airport]/579 @[1174999.634649] (airportProcessCommand.m:1715) Processed events, count[  1], @[1174999.634619], took 0.000023
Thu May 15 19:06:47.375 [airport]/579 @[1174999.635420] (airportProcessCommand.m:1715) Processed events, count[  2], @[1174999.635373], took 0.000040
Thu May 15 19:06:47.376 [airport]/579 @[1174999.635777] (airportProcessCommand.m:1715) Processed events, count[  2], @[1174999.635739], took 0.000032
Thu May 15 19:06:47.377 [airport]/579 @[1174999.636613] (airportProcessCommand.m:1715) Processed events, count[  1], @[1174999.636547], took 0.000059
Thu May 15 19:06:47.378 [airport]/579 @[1174999.638150] (airportProcessCommand.m:1715) Processed events, count[  2], @[1174999.637298], took 0.000775
Thu May 15 19:06:47.378 [airport]/579 @[1174999.638295] (airportProcessCommand.m:1715) Processed events, count[  2], @[1174999.638242], took 0.000046
Thu May 15 19:06:47.378 [airport]/579 @[1174999.638395] (airportProcessCommand.m:1715) Processed events, count[  1], @[1174999.638361], took 0.000027
Thu May 15 19:06:47.379 [airport]/579 @[1174999.638605] (airportProcessCommand.m:1715) Processed events, count[  1], @[1174999.638576], took 0.000023
Thu May 15 19:06:47.379 [airport]/579 @[1174999.638993] (airportProcessCommand.m:1715) Processed events, count[  2], @[1174999.638953], took 0.000033
Thu May 15 19:07:03.919 [airport]/579 @[1175016.178516] (airportdMain.m:1730) Health check alive, checkin@[1175016.178447], count[4024] 
Thu May 15 19:07:34.019 [airport]/579 @[1175046.278273] (airportdMain.m:1730) Health check alive, checkin@[1175046.278212], count[4025] 
Thu May 15 19:08:04.119 [airport]/579 @[1175076.377954] (airportdMain.m:1730) Health check alive, checkin@[1175076.377880], count[4026] 
Thu May 15 19:08:34.320 [airport]/579 @[1175106.578183] (airportdMain.m:1730) Health check alive, checkin@[1175106.578096], count[4027] 
Thu May 15 19:09:04.520 [airport]/579 @[1175136.777808] (airportdMain.m:1730) Health check alive, checkin@[1175136.777768], count[4028] 
Thu May 15 19:09:34.720 [airport]/579 @[1175166.977578] (airportdMain.m:1730) Health check alive, checkin@[1175166.977514], count[4029] 
Thu May 15 19:10:04.921 [airport]/579 @[1175197.177317] (airportdMain.m:1730) Health check alive, checkin@[1175197.177262], count[4030] 
Thu May 15 19:10:35.121 [airport]/579 @[1175227.377056] (airportdMain.m:1730) Health check alive, checkin@[1175227.376988], count[4031] 
Thu May 15 19:11:05.321 [airport]/579 @[1175257.576743] (airportdMain.m:1730) Health check alive, checkin@[1175257.576688], count[4032] 
Thu May 15 19:11:35.521 [airport]/579 @[1175287.776460] (airportdMain.m:1730) Health check alive, checkin@[1175287.776388], count[4033] 
Thu May 15 19:12:05.682 [airport]/579 @[1175317.976105] (airportdMain.m:1730) Health check alive, checkin@[1175317.976072], count[4034] 
Thu May 15 19:12:35.873 [airport]/579 @[1175348.175892] (airportdMain.m:1730) Health check alive, checkin@[1175348.175828], count[4035] 
Thu May 15 19:13:06.071 [airport]/579 @[1175378.375593] (airportdMain.m:1730) Health check alive, checkin@[1175378.375543], count[4036] 
Thu May 15 19:13:34.398 [airport]/579 @[1175406.702120] (configdIODriverInterface.m:4687) caps = CPU Net Disk , connection[0x6ac0492c0] token[0x00000000] capabilties[0x00000019], description:'DarkWake:cpu disk net ', lastSleepType[0x00000007]/'Deep Idle', hibernateStateFound[1] hibernateState[0x00000000/0] hibernateMode[0x00000003/3]
Thu May 15 19:13:34.411 [airport]/579 @[1175406.716073] (configdIODriverInterface.m:4784) Acknowledging sleep event, connection[0x6ac0492c0] token[0x00000000]
Thu May 15 19:13:34.442 [airport]/579 @[1175406.747063] (airportProcessCommand.m:1715) Processed events, count[  3], @[1175406.747014], took 0.000040
Thu May 15 19:13:34.443 [airport]/579 @[1175406.747419] (airportProcessCommand.m:1715) Processed events, count[  3], @[1175406.747384], took 0.000029
Thu May 15 19:13:34.444 [airport]/579 @[1175406.748242] (airportProcessCommand.m:1715) Processed events, count[  1], @[1175406.748091], took 0.000144
Thu May 15 19:13:34.444 [airport]/579 @[1175406.748501] (airportProcessCommand.m:1715) Processed events, count[  4], @[1175406.748402], took 0.000094
Thu May 15 19:13:34.445 [airport]/579 @[1175406.749212] (airportProcessCommand.m:1715) Processed events, count[  3], @[1175406.748695], took 0.000511
Thu May 15 19:13:34.445 [airport]/579 @[1175406.749316] (airportProcessCommand.m:1715) Processed events, count[  1], @[1175406.749292], took 0.000019
Thu May 15 19:13:34.445 [airport]/579 @[1175406.749364] (airportProcessCommand.m:1715) Processed events, count[  2], @[1175406.749339], took 0.000019
Thu May 15 19:13:34.445 [airport]/579 @[1175406.749578] (airportProcessCommand.m:1715) Processed events, count[  2], @[1175406.749449], took 0.000124
Thu May 15 19:13:36.265 [airport]/579 @[1175408.570323] (airportdMain.m:1730) Health check alive, checkin@[1175408.570279], count[4037] 
Thu May 15 19:13:38.058 [airport]/579 @[1175410.363887] (airportProcessCommand.m:1715) Processed events, count[  4], @[1175410.363758], took 0.000120
Thu May 15 19:13:38.060 [airport]/579 @[1175410.366278] (airportProcessCommand.m:1715) Processed events, count[ 15], @[1175410.364342], took 0.001924
Thu May 15 19:13:39.385 [airport]/579 @[1175411.691463] (configdIODriverInterface.m:4687) caps = , connection[0x6ac0492c0] token[0x04f7000d] capabilties[0x00000000], description:'Sleep:<off> ', lastSleepType[0x00000007]/'Deep Idle', hibernateStateFound[1] hibernateState[0x00000000/0] hibernateMode[0x00000003/3]
Thu May 15 19:13:39.398 [airport]/579 @[1175411.704767] (configdIODriverInterface.m:4375) <en0> Scan offloads will be ENABLED (lpas_supported=yes, softap=disabled, wow=disabled, tcpka=active, allow_unassoc_wakes=yes, allow_disconn_sleeps=yes, aj_disabled=no, scan_offload_disabled_until=(null))
Thu May 15 19:13:39.416 [airport]/579 @[1175411.723354] (configdIODriverInterface.m:4450) <en0> Successfully configured scan offloads, aj_disabled=no, PNO count[4]
Thu May 15 19:13:39.417 [airport]/579 @[1175411.724183] (configdIODriverInterface.m:3826) Acknowledging sleep event, connection[0x6ac0492c0] token[0x04f7000d], gPMConnection[0x6ac0492c0]
Thu May 15 19:13:39.421 [airport]/579 @[1175411.727945] (airportProcessCommand.m:1715) Processed events, count[ 19], @[1175411.726873], took 0.001050
Thu May 15 19:13:40.966 [airport]/579 @[1175413.273509] (configdIODriverInterface.m:1377) driver unavailable (reason=0xe0821804, subreason=0x0, flags=0x0), node:isDriverAvailable=1
Thu May 15 19:13:40.968 Usb Host Notification Error Apple80211Set: Device power is off seqNum 3467 Total 0 chg 0 en0
Thu May 15 19:13:40.978 [airport]/579 @[1175413.285526] (airportProcessCommand.m:1715) Processed events, count[  2], @[1175413.285425], took 0.000085
Thu May 15 19:13:40.978 [airport]/579 @[1175413.286082] (airportProcessCommand.m:1715) Processed events, count[  1], @[1175413.286017], took 0.000050
Thu May 15 19:13:40.979 [airport]/579 @[1175413.286517] (airportProcessCommand.m:1715) Processed events, count[  1], @[1175413.286457], took 0.000047
Thu May 15 19:13:40.979 [airport]/579 @[1175413.286995] (airportProcessCommand.m:1715) Processed events, count[  1], @[1175413.286926], took 0.000047
Thu May 15 19:13:40.980 [airport]/579 @[1175413.287472] (airportProcessCommand.m:1715) Processed events, count[  1], @[1175413.287415], took 0.000044
Thu May 15 19:13:40.980 [airport]/579 @[1175413.287814] (airportProcessCommand.m:1715) Processed events, count[  1], @[1175413.287741], took 0.000060
Thu May 15 19:13:40.980 [airport]/579 @[1175413.288147] (airportProcessCommand.m:1715) Processed events, count[  1], @[1175413.288106], took 0.000032
Thu May 15 19:13:40.981 [airport]/579 @[1175413.288390] (airportProcessCommand.m:1715) Processed events, count[  1], @[1175413.288352], took 0.000029
Thu May 15 19:13:40.981 [airport]/579 @[1175413.288662] (airportProcessCommand.m:1715) Processed events, count[  1], @[1175413.288615], took 0.000028
Thu May 15 19:13:40.981 [airport]/579 @[1175413.288934] (airportProcessCommand.m:1715) Processed events, count[  1], @[1175413.288887], took 0.000039
Thu May 15 19:13:40.982 [airport]/579 @[1175413.289764] (airportProcessCommand.m:1715) Processed events, count[  1], @[1175413.289157], took 0.000594
Thu May 15 19:13:40.982 [airport]/579 @[1175413.289877] (airportProcessCommand.m:1715) Processed events, count[  1], @[1175413.289832], took 0.000036
Thu May 15 19:13:40.982 [airport]/579 @[1175413.289951] (airportProcessCommand.m:1715) Processed events, count[  1], @[1175413.289917], took 0.000025
Thu May 15 19:13:40.982 [airport]/579 @[1175413.290099] (airportProcessCommand.m:1715) Processed events, count[  1], @[1175413.290061], took 0.000029
Thu May 15 19:13:40.983 [airport]/579 @[1175413.290434] (airportProcessCommand.m:1715) Processed events, count[  1], @[1175413.290389], took 0.000035
Thu May 15 19:13:40.983 [airport]/579 @[1175413.290692] (airportProcessCommand.m:1715) Processed events, count[  1], @[1175413.290651], took 0.000032
Thu May 15 19:13:40.983 [airport]/579 @[1175413.290918] (airportProcessCommand.m:1715) Processed events, count[  1], @[1175413.290868], took 0.000032
Thu May 15 19:22:33.497 [airport]/579 @[1175945.800590] (configdIODriverInterface.m:4687) caps = CPU Net Disk Early , connection[0x6ac0492c0] token[0x00000000] capabilties[0x00008019], description:'DarkWake:cpu disk net ', lastSleepType[0x00000007]/'Deep Idle', hibernateStateFound[1] hibernateState[0x00000000/0] hibernateMode[0x00000003/3]
Thu May 15 19:22:34.555 [airport]/579 @[1175946.859534] (configdIODriverInterface.m:4784) Acknowledging sleep event, connection[0x6ac0492c0] token[0x00000000]
Thu May 15 19:22:34.587 [airport]/579 @[1175946.894974] (configdIODriverInterface.m:4687) caps = CPU Video Audio Net Disk , connection[0x6ac0492c0] token[0x00000000] capabilties[0x0000001f], description:'FullWake:cpu disk net aud vid ', lastSleepType[0x00000007]/'Deep Idle', hibernateStateFound[1] hibernateState[0x00000000/0] hibernateMode[0x00000003/3]
Thu May 15 19:22:34.623 [airport]/579 @[1175946.931184] (configdIODriverInterface.m:4914) Acknowledging sleep event, connection[0x6ac0492c0] token[0x00000000]
Thu May 15 19:22:34.644 [airport]/579 @[1175946.952317] (configdIODriverInterface.m:1377) driver available (reason=0xe0821803, subreason=0x0, flags=0x0), node:isDriverAvailable=0
Thu May 15 19:22:34.672 Usb Host Notification Apple80211Set: seqNum 3468 Total 0 chg 0 en0
Thu May 15 19:22:34.672 Usb Host Notification metrics: usbChange=0, count=0, noiseDelta=0
Thu May 15 19:22:34.735 Usb Host Notification Apple80211Set: seqNum 3469 Total 0 chg 0 en0
Thu May 15 19:22:34.741 Usb Host Notification metrics: usbChange=0, count=0, noiseDelta=0
Thu May 15 19:22:34.812 [airport]/579 @[1175947.120054] (airportProcessCommand.m:1715) Processed events, count[ 19], @[1175947.118918], took 0.001130
Thu May 15 19:22:58.581 [airport]/579 @[1175970.894645] (airportdMain.m:1730) Health check alive, checkin@[1175970.894602], count[4038] 
Thu May 15 19:23:28.585 [airport]/579 @[1176000.899222] (airportdMain.m:1730) Health check alive, checkin@[1176000.899168], count[4039] 
Thu May 15 19:23:58.591 [airport]/579 @[1176030.905419] (airportdMain.m:1730) Health check alive, checkin@[1176030.905343], count[4040] 
Thu May 15 19:24:22.940 [airport]/579 @[1176055.254612] (airportProcessCommand.m:1715) Processed events, count[  2], @[1176055.254530], took 0.000070
Thu May 15 19:24:22.941 [airport]/579 @[1176055.255869] (airportProcessCommand.m:1715) Processed events, count[  1], @[1176055.255830], took 0.000031
Thu May 15 19:24:22.942 [airport]/579 @[1176055.256311] (airportProcessCommand.m:1715) Processed events, count[  1], @[1176055.256263], took 0.000040
Thu May 15 19:24:22.942 [airport]/579 @[1176055.256825] (airportProcessCommand.m:1715) Processed events, count[  1], @[1176055.256793], took 0.000024
Thu May 15 19:24:22.942 [airport]/579 @[1176055.257231] (airportProcessCommand.m:1715) Processed events, count[  1], @[1176055.257203], took 0.000020
Thu May 15 19:24:22.943 [airport]/579 @[1176055.257611] (airportProcessCommand.m:1715) Processed events, count[  1], @[1176055.257581], took 0.000022
Thu May 15 19:24:22.943 [airport]/579 @[1176055.258035] (airportProcessCommand.m:1715) Processed events, count[  1], @[1176055.258007], took 0.000021
Thu May 15 19:24:22.944 [airport]/579 @[1176055.258283] (airportProcessCommand.m:1715) Processed events, count[  1], @[1176055.258256], took 0.000021
Thu May 15 19:24:22.944 [airport]/579 @[1176055.258546] (airportProcessCommand.m:1715) Processed events, count[  1], @[1176055.258518], took 0.000021
Thu May 15 19:24:22.944 [airport]/579 @[1176055.258870] (airportProcessCommand.m:1715) Processed events, count[  1], @[1176055.258828], took 0.000017
Thu May 15 19:24:22.944 [airport]/579 @[1176055.259066] (airportProcessCommand.m:1715) Processed events, count[  1], @[1176055.259044], took 0.000016
Thu May 15 19:24:22.945 [airport]/579 @[1176055.259551] (airportProcessCommand.m:1715) Processed events, count[  1], @[1176055.259527], took 0.000018
Thu May 15 19:24:22.945 [airport]/579 @[1176055.259908] (airportProcessCommand.m:1715) Processed events, count[  1], @[1176055.259883], took 0.000019
Thu May 15 19:24:22.946 [airport]/579 @[1176055.260262] (airportProcessCommand.m:1715) Processed events, count[  1], @[1176055.260217], took 0.000033
Thu May 15 19:24:22.946 [airport]/579 @[1176055.260494] (airportProcessCommand.m:1715) Processed events, count[  1], @[1176055.260466], took 0.000021
Thu May 15 19:24:22.946 [airport]/579 @[1176055.260716] (airportProcessCommand.m:1715) Processed events, count[  1], @[1176055.260693], took 0.000018
Thu May 15 19:24:22.946 [airport]/579 @[1176055.260947] (airportProcessCommand.m:1715) Processed events, count[  1], @[1176055.260923], took 0.000018
Thu May 15 19:24:22.946 [airport]/579 @[1176055.261152] (airportProcessCommand.m:1715) Processed events, count[  1], @[1176055.261113], took 0.000033
Thu May 15 19:24:22.948 [airport]/579 @[1176055.262380] (airportProcessCommand.m:1715) Processed events, count[  1], @[1176055.261312], took 0.001059
Thu May 15 19:24:22.948 [airport]/579 @[1176055.262548] (airportProcessCommand.m:1715) Processed events, count[  1], @[1176055.262491], took 0.000050
Thu May 15 19:24:22.948 [airport]/579 @[1176055.262651] (airportProcessCommand.m:1715) Processed events, count[  1], @[1176055.262627], took 0.000018
Thu May 15 19:24:22.948 [airport]/579 @[1176055.262730] (airportProcessCommand.m:1715) Processed events, count[  1], @[1176055.262712], took 0.000013
Thu May 15 19:24:22.948 [airport]/579 @[1176055.262800] (airportProcessCommand.m:1715) Processed events, count[  1], @[1176055.262782], took 0.000013
Thu May 15 19:24:22.948 [airport]/579 @[1176055.262869] (airportProcessCommand.m:1715) Processed events, count[  1], @[1176055.262852], took 0.000012
Thu May 15 19:24:22.948 [airport]/579 @[1176055.263227] (airportProcessCommand.m:1715) Processed events, count[  2], @[1176055.263133], took 0.000090
Thu May 15 19:24:22.949 [airport]/579 @[1176055.263500] (airportProcessCommand.m:1715) Processed events, count[  1], @[1176055.263480], took 0.000015
Thu May 15 19:24:22.949 [airport]/579 @[1176055.263857] (airportProcessCommand.m:1715) Processed events, count[  2], @[1176055.263828], took 0.000024
Thu May 15 19:24:22.951 [airport]/579 @[1176055.266112] (airportProcessCommand.m:1715) Processed events, count[  1], @[1176055.264503], took 0.001602
Thu May 15 19:24:22.952 [airport]/579 @[1176055.266262] (airportProcessCommand.m:1715) Processed events, count[  1], @[1176055.266229], took 0.000027
Thu May 15 19:24:22.952 [airport]/579 @[1176055.266372] (airportProcessCommand.m:1715) Processed events, count[  1], @[1176055.266337], took 0.000030
Thu May 15 19:24:22.952 [airport]/579 @[1176055.266461] (airportProcessCommand.m:1715) Processed events, count[  1], @[1176055.266443], took 0.000013
Thu May 15 19:24:22.952 [airport]/579 @[1176055.266724] (airportProcessCommand.m:1715) Processed events, count[  1], @[1176055.266701], took 0.000018
Thu May 15 19:24:22.952 [airport]/579 @[1176055.267024] (airportProcessCommand.m:1715) Processed events, count[  1], @[1176055.267004], took 0.000015
Thu May 15 19:24:22.953 [airport]/579 @[1176055.267406] (airportProcessCommand.m:1715) Processed events, count[  1], @[1176055.267382], took 0.000018
Thu May 15 19:24:22.953 [airport]/579 @[1176055.267709] (airportProcessCommand.m:1715) Processed events, count[  1], @[1176055.267687], took 0.000015
Thu May 15 19:24:28.594 [airport]/579 @[1176060.908705] (airportdMain.m:1730) Health check alive, checkin@[1176060.908651], count[4041] 
Thu May 15 19:24:58.691 [airport]/579 @[1176091.005388] (airportdMain.m:1730) Health check alive, checkin@[1176091.005329], count[4042] 
Thu May 15 19:25:28.789 [airport]/579 @[1176121.103303] (airportdMain.m:1730) Health check alive, checkin@[1176121.103234], count[4043] 
Thu May 15 19:25:58.888 [airport]/579 @[1176151.202962] (airportdMain.m:1730) Health check alive, checkin@[1176151.202901], count[4044] 
Thu May 15 19:26:28.988 [airport]/579 @[1176181.303020] (airportdMain.m:1730) Health check alive, checkin@[1176181.302957], count[4045] 
Thu May 15 19:26:59.088 [airport]/579 @[1176211.402480] (airportdMain.m:1730) Health check alive, checkin@[1176211.402414], count[4046] 
Thu May 15 19:27:29.138 [airport]/579 @[1176241.452212] (airportdMain.m:1730) Health check alive, checkin@[1176241.452160], count[4047] 
Thu May 15 19:27:58.968 [airport]/579 @[1176271.282106] (airportProcessCommand.m:1715) Processed events, count[  2], @[1176271.282007], took 0.000083
Thu May 15 19:27:58.968 [airport]/579 @[1176271.282661] (airportProcessCommand.m:1715) Processed events, count[  1], @[1176271.282609], took 0.000039
Thu May 15 19:27:58.968 [airport]/579 @[1176271.282787] (airportProcessCommand.m:1715) Processed events, count[  1], @[1176271.282735], took 0.000039
Thu May 15 19:27:58.968 [airport]/579 @[1176271.283000] (airportProcessCommand.m:1715) Processed events, count[  1], @[1176271.282948], took 0.000040
Thu May 15 19:27:58.969 [airport]/579 @[1176271.283275] (airportProcessCommand.m:1715) Processed events, count[  1], @[1176271.283246], took 0.000022
Thu May 15 19:27:58.969 [airport]/579 @[1176271.283465] (airportProcessCommand.m:1715) Processed events, count[  1], @[1176271.283431], took 0.000027
Thu May 15 19:27:58.969 [airport]/579 @[1176271.283658] (airportProcessCommand.m:1715) Processed events, count[  1], @[1176271.283632], took 0.000019
Thu May 15 19:27:58.969 [airport]/579 @[1176271.283829] (airportProcessCommand.m:1715) Processed events, count[  1], @[1176271.283803], took 0.000019
Thu May 15 19:27:58.969 [airport]/579 @[1176271.284012] (airportProcessCommand.m:1715) Processed events, count[  1], @[1176271.283987], took 0.000018
Thu May 15 19:27:58.970 [airport]/579 @[1176271.284191] (airportProcessCommand.m:1715) Processed events, count[  1], @[1176271.284161], took 0.000023
Thu May 15 19:27:58.970 [airport]/579 @[1176271.284369] (airportProcessCommand.m:1715) Processed events, count[  1], @[1176271.284344], took 0.000019
Thu May 15 19:27:58.972 [airport]/579 @[1176271.286977] (airportProcessCommand.m:1715) Processed events, count[  1], @[1176271.284593], took 0.002360
Thu May 15 19:27:58.973 [airport]/579 @[1176271.287195] (airportProcessCommand.m:1715) Processed events, count[  1], @[1176271.287124], took 0.000058
Thu May 15 19:27:58.973 [airport]/579 @[1176271.287306] (airportProcessCommand.m:1715) Processed events, count[  1], @[1176271.287257], took 0.000037
Thu May 15 19:27:58.973 [airport]/579 @[1176271.287417] (airportProcessCommand.m:1715) Processed events, count[  1], @[1176271.287371], took 0.000034
Thu May 15 19:27:58.974 [airport]/579 @[1176271.288115] (airportProcessCommand.m:1715) Processed events, count[  1], @[1176271.288083], took 0.000025
Thu May 15 19:27:58.974 [airport]/579 @[1176271.288883] (airportProcessCommand.m:1715) Processed events, count[  1], @[1176271.288834], took 0.000040
Thu May 15 19:27:58.975 [airport]/579 @[1176271.289037] (airportProcessCommand.m:1715) Processed events, count[  1], @[1176271.288996], took 0.000031
Thu May 15 19:27:58.978 [airport]/579 @[1176271.292076] (airportProcessCommand.m:1715) Processed events, count[  2], @[1176271.292028], took 0.000041
Thu May 15 19:27:58.978 [airport]/579 @[1176271.292794] (airportProcessCommand.m:1715) Processed events, count[  2], @[1176271.292719], took 0.000066
Thu May 15 19:27:58.979 [airport]/579 @[1176271.293149] (airportProcessCommand.m:1715) Processed events, count[  1], @[1176271.293095], took 0.000045
Thu May 15 19:27:58.979 [airport]/579 @[1176271.293597] (airportProcessCommand.m:1715) Processed events, count[  1], @[1176271.293556], took 0.000031
Thu May 15 19:27:58.980 [airport]/579 @[1176271.294255] (airportProcessCommand.m:1715) Processed events, count[  1], @[1176271.294228], took 0.000020
Thu May 15 19:27:58.980 [airport]/579 @[1176271.294530] (airportProcessCommand.m:1715) Processed events, count[  1], @[1176271.294503], took 0.000021
Thu May 15 19:27:58.980 [airport]/579 @[1176271.294908] (airportProcessCommand.m:1715) Processed events, count[  1], @[1176271.294866], took 0.000033
Thu May 15 19:27:58.981 [airport]/579 @[1176271.295143] (airportProcessCommand.m:1715) Processed events, count[  1], @[1176271.295106], took 0.000028
Thu May 15 19:27:58.981 [airport]/579 @[1176271.295433] (airportProcessCommand.m:1715) Processed events, count[  1], @[1176271.295397], took 0.000027
Thu May 15 19:27:58.981 [airport]/579 @[1176271.295737] (airportProcessCommand.m:1715) Processed events, count[  1], @[1176271.295702], took 0.000026
Thu May 15 19:27:58.982 [airport]/579 @[1176271.296793] (airportProcessCommand.m:1715) Processed events, count[  1], @[1176271.295975], took 0.000808
Thu May 15 19:27:58.982 [airport]/579 @[1176271.296899] (airportProcessCommand.m:1715) Processed events, count[  1], @[1176271.296874], took 0.000018
Thu May 15 19:27:58.982 [airport]/579 @[1176271.296982] (airportProcessCommand.m:1715) Processed events, count[  1], @[1176271.296958], took 0.000017
Thu May 15 19:27:58.983 [airport]/579 @[1176271.297080] (airportProcessCommand.m:1715) Processed events, count[  1], @[1176271.297033], took 0.000040
Thu May 15 19:27:58.983 [airport]/579 @[1176271.297244] (airportProcessCommand.m:1715) Processed events, count[  1], @[1176271.297202], took 0.000036
Thu May 15 19:27:58.983 [airport]/579 @[1176271.297593] (airportProcessCommand.m:1715) Processed events, count[  2], @[1176271.297552], took 0.000034
Thu May 15 19:27:59.238 [airport]/579 @[1176271.552420] (airportdMain.m:1730) Health check alive, checkin@[1176271.552347], count[4048] 
Thu May 15 19:28:29.345 [airport]/579 @[1176301.651595] (airportdMain.m:1730) Health check alive, checkin@[1176301.651540], count[4049] 
Thu May 15 19:28:59.364 [airport]/579 @[1176331.661838] (airportdMain.m:1730) Health check alive, checkin@[1176331.661745], count[4050] 
Thu May 15 19:29:29.565 [airport]/579 @[1176361.861504] (airportdMain.m:1730) Health check alive, checkin@[1176361.861415], count[4051] 
Thu May 15 19:29:59.665 [airport]/579 @[1176391.961247] (airportdMain.m:1730) Health check alive, checkin@[1176391.961192], count[4052] 
Thu May 15 19:30:29.765 [airport]/579 @[1176422.061219] (airportdMain.m:1730) Health check alive, checkin@[1176422.061166], count[4053] 
Thu May 15 19:30:59.865 [airport]/579 @[1176452.160713] (airportdMain.m:1730) Health check alive, checkin@[1176452.160635], count[4054] 
Thu May 15 19:31:29.965 [airport]/579 @[1176482.260321] (airportdMain.m:1730) Health check alive, checkin@[1176482.260279], count[4055] 
Thu May 15 19:32:00.064 [airport]/579 @[1176512.359673] (airportdMain.m:1730) Health check alive, checkin@[1176512.359610], count[4056] 
Thu May 15 19:32:30.164 [airport]/579 @[1176542.459821] (airportdMain.m:1730) Health check alive, checkin@[1176542.459755], count[4057] 
Thu May 15 19:33:00.264 [airport]/579 @[1176572.559067] (airportdMain.m:1730) Health check alive, checkin@[1176572.559011], count[4058] 
Thu May 15 19:33:30.364 [airport]/579 @[1176602.659233] (airportdMain.m:1730) Health check alive, checkin@[1176602.659188], count[4059] 
Thu May 15 19:34:00.464 [airport]/579 @[1176632.759024] (airportdMain.m:1730) Health check alive, checkin@[1176632.758928], count[4060] 
Thu May 15 19:34:30.563 [airport]/579 @[1176662.858174] (airportdMain.m:1730) Health check alive, checkin@[1176662.858112], count[4061] 
Thu May 15 19:35:00.664 [airport]/579 @[1176692.958401] (airportdMain.m:1730) Health check alive, checkin@[1176692.958351], count[4062] 
Thu May 15 19:35:11.095 [airport]/579 @[1176703.389812] (airportProcessCommand.m:1715) Processed events, count[  2], @[1176703.389712], took 0.000083
Thu May 15 19:35:11.096 [airport]/579 @[1176703.390429] (airportProcessCommand.m:1715) Processed events, count[  1], @[1176703.390375], took 0.000041
Thu May 15 19:35:11.096 [airport]/579 @[1176703.390852] (airportProcessCommand.m:1715) Processed events, count[  1], @[1176703.390786], took 0.000052
Thu May 15 19:35:11.097 [airport]/579 @[1176703.391315] (airportProcessCommand.m:1715) Processed events, count[  1], @[1176703.391250], took 0.000052
Thu May 15 19:35:11.097 [airport]/579 @[1176703.391751] (airportProcessCommand.m:1715) Processed events, count[  1], @[1176703.391698], took 0.000041
Thu May 15 19:35:11.098 [airport]/579 @[1176703.392206] (airportProcessCommand.m:1715) Processed events, count[  1], @[1176703.392156], took 0.000037
Thu May 15 19:35:11.098 [airport]/579 @[1176703.392609] (airportProcessCommand.m:1715) Processed events, count[  1], @[1176703.392558], took 0.000039
Thu May 15 19:35:11.099 [airport]/579 @[1176703.393146] (airportProcessCommand.m:1715) Processed events, count[  1], @[1176703.392969], took 0.000165
Thu May 15 19:35:11.099 [airport]/579 @[1176703.393458] (airportProcessCommand.m:1715) Processed events, count[  1], @[1176703.393411], took 0.000035
Thu May 15 19:35:11.100 [airport]/579 @[1176703.394216] (airportProcessCommand.m:1715) Processed events, count[  1], @[1176703.394149], took 0.000052
Thu May 15 19:35:11.100 [airport]/579 @[1176703.394517] (airportProcessCommand.m:1715) Processed events, count[  1], @[1176703.394469], took 0.000036
Thu May 15 19:35:11.102 [airport]/579 @[1176703.396697] (airportProcessCommand.m:1715) Processed events, count[  1], @[1176703.395000], took 0.001681
Thu May 15 19:35:11.102 [airport]/579 @[1176703.396926] (airportProcessCommand.m:1715) Processed events, count[  1], @[1176703.396841], took 0.000041
Thu May 15 19:35:11.103 [airport]/579 @[1176703.397152] (airportProcessCommand.m:1715) Processed events, count[  1], @[1176703.397035], took 0.000032
Thu May 15 19:35:11.103 [airport]/579 @[1176703.397307] (airportProcessCommand.m:1715) Processed events, count[  1], @[1176703.397271], took 0.000027
Thu May 15 19:35:11.103 [airport]/579 @[1176703.397632] (airportProcessCommand.m:1715) Processed events, count[  1], @[1176703.397590], took 0.000033
Thu May 15 19:35:11.104 [airport]/579 @[1176703.398573] (airportProcessCommand.m:1715) Processed events, count[  1], @[1176703.398525], took 0.000032
Thu May 15 19:35:11.105 [airport]/579 @[1176703.399391] (airportProcessCommand.m:1715) Processed events, count[  1], @[1176703.399245], took 0.000136
Thu May 15 19:35:11.106 [airport]/579 @[1176703.400396] (airportProcessCommand.m:1715) Processed events, count[  1], @[1176703.400341], took 0.000046
Thu May 15 19:35:11.106 [airport]/579 @[1176703.401018] (airportProcessCommand.m:1715) Processed events, count[  2], @[1176703.400977], took 0.000033
Thu May 15 19:35:11.107 [airport]/579 @[1176703.401381] (airportProcessCommand.m:1715) Processed events, count[  1], @[1176703.401341], took 0.000033
Thu May 15 19:35:11.107 [airport]/579 @[1176703.401706] (airportProcessCommand.m:1715) Processed events, count[  1], @[1176703.401679], took 0.000020
Thu May 15 19:35:11.108 [airport]/579 @[1176703.402406] (airportProcessCommand.m:1715) Processed events, count[  2], @[1176703.402351], took 0.000047
Thu May 15 19:35:11.108 [airport]/579 @[1176703.402761] (airportProcessCommand.m:1715) Processed events, count[  1], @[1176703.402649], took 0.000105
Thu May 15 19:35:11.109 [airport]/579 @[1176703.403774] (airportProcessCommand.m:1715) Processed events, count[  1], @[1176703.403616], took 0.000150
Thu May 15 19:35:11.109 [airport]/579 @[1176703.404098] (airportProcessCommand.m:1715) Processed events, count[  2], @[1176703.404062], took 0.000030
Thu May 15 19:35:11.110 [airport]/579 @[1176703.405113] (airportProcessCommand.m:1715) Processed events, count[  1], @[1176703.404932], took 0.000174
Thu May 15 19:35:11.112 [airport]/579 @[1176703.406362] (airportProcessCommand.m:1715) Processed events, count[  1], @[1176703.405316], took 0.001036
Thu May 15 19:35:11.112 [airport]/579 @[1176703.406611] (airportProcessCommand.m:1715) Processed events, count[  1], @[1176703.406484], took 0.000032
Thu May 15 19:35:11.112 [airport]/579 @[1176703.406773] (airportProcessCommand.m:1715) Processed events, count[  2], @[1176703.406729], took 0.000037
Thu May 15 19:35:11.112 [airport]/579 @[1176703.407057] (airportProcessCommand.m:1715) Processed events, count[  1], @[1176703.407026], took 0.000024
Thu May 15 19:35:11.113 [airport]/579 @[1176703.407470] (airportProcessCommand.m:1715) Processed events, count[  2], @[1176703.407429], took 0.000034
Thu May 15 19:35:30.763 [airport]/579 @[1176723.057636] (airportdMain.m:1730) Health check alive, checkin@[1176723.057569], count[4063] 
Thu May 15 19:36:00.864 [airport]/579 @[1176753.157862] (airportdMain.m:1730) Health check alive, checkin@[1176753.157793], count[4064] 
Thu May 15 19:36:30.963 [airport]/579 @[1176783.257092] (airportdMain.m:1730) Health check alive, checkin@[1176783.257041], count[4065] 
Thu May 15 19:37:01.063 [airport]/579 @[1176813.356827] (airportdMain.m:1730) Health check alive, checkin@[1176813.356791], count[4066] 
Thu May 15 19:37:31.163 [airport]/579 @[1176843.456998] (airportdMain.m:1730) Health check alive, checkin@[1176843.456933], count[4067] 
Thu May 15 19:38:01.264 [airport]/579 @[1176873.557446] (airportdMain.m:1730) Health check alive, checkin@[1176873.557398], count[4068] 
Thu May 15 19:38:31.363 [airport]/579 @[1176903.656922] (airportdMain.m:1730) Health check alive, checkin@[1176903.656860], count[4069] 
Thu May 15 19:39:01.463 [airport]/579 @[1176933.756387] (airportdMain.m:1730) Health check alive, checkin@[1176933.756339], count[4070] 
Thu May 15 19:39:31.563 [airport]/579 @[1176963.856472] (airportdMain.m:1730) Health check alive, checkin@[1176963.856374], count[4071] 
Thu May 15 19:40:01.662 [airport]/579 @[1176993.955158] (airportdMain.m:1730) Health check alive, checkin@[1176993.955089], count[4072] 
Thu May 15 19:40:31.762 [airport]/579 @[1177024.055275] (airportdMain.m:1730) Health check alive, checkin@[1177024.055231], count[4073] 
Thu May 15 19:41:01.767 [airport]/579 @[1177054.059585] (airportdMain.m:1730) Health check alive, checkin@[1177054.059510], count[4074] 
Thu May 15 19:41:31.867 [airport]/579 @[1177084.159304] (airportdMain.m:1730) Health check alive, checkin@[1177084.159244], count[4075] 
Thu May 15 19:42:01.967 [airport]/579 @[1177114.258996] (airportdMain.m:1730) Health check alive, checkin@[1177114.258933], count[4076] 
Thu May 15 19:42:23.197 [airport]/579 @[1177135.489258] (airportProcessCommand.m:1715) Processed events, count[  2], @[1177135.489207], took 0.000044
Thu May 15 19:42:23.198 [airport]/579 @[1177135.490010] (airportProcessCommand.m:1715) Processed events, count[  2], @[1177135.489952], took 0.000033
Thu May 15 19:42:23.198 [airport]/579 @[1177135.490113] (airportProcessCommand.m:1715) Processed events, count[  1], @[1177135.490079], took 0.000028
Thu May 15 19:42:23.198 [airport]/579 @[1177135.490156] (airportProcessCommand.m:1715) Processed events, count[  1], @[1177135.490137], took 0.000014
Thu May 15 19:42:23.198 [airport]/579 @[1177135.490263] (airportProcessCommand.m:1715) Processed events, count[  1], @[1177135.490244], took 0.000013
Thu May 15 19:42:23.198 [airport]/579 @[1177135.490464] (airportProcessCommand.m:1715) Processed events, count[  1], @[1177135.490445], took 0.000014
Thu May 15 19:42:23.198 [airport]/579 @[1177135.490662] (airportProcessCommand.m:1715) Processed events, count[  1], @[1177135.490639], took 0.000013
Thu May 15 19:42:23.199 [airport]/579 @[1177135.490781] (airportProcessCommand.m:1715) Processed events, count[  1], @[1177135.490763], took 0.000013
Thu May 15 19:42:23.199 [airport]/579 @[1177135.490935] (airportProcessCommand.m:1715) Processed events, count[  1], @[1177135.490917], took 0.000013
Thu May 15 19:42:23.199 [airport]/579 @[1177135.491085] (airportProcessCommand.m:1715) Processed events, count[  1], @[1177135.491067], took 0.000013
Thu May 15 19:42:23.203 [airport]/579 @[1177135.494842] (airportProcessCommand.m:1715) Processed events, count[  1], @[1177135.491600], took 0.003234
Thu May 15 19:42:23.203 [airport]/579 @[1177135.494982] (airportProcessCommand.m:1715) Processed events, count[  1], @[1177135.494945], took 0.000031
Thu May 15 19:42:23.203 [airport]/579 @[1177135.495036] (airportProcessCommand.m:1715) Processed events, count[  1], @[1177135.495006], took 0.000024
Thu May 15 19:42:23.203 [airport]/579 @[1177135.495079] (airportProcessCommand.m:1715) Processed events, count[  1], @[1177135.495058], took 0.000015
Thu May 15 19:42:23.203 [airport]/579 @[1177135.495124] (airportProcessCommand.m:1715) Processed events, count[  1], @[1177135.495102], took 0.000015
Thu May 15 19:42:23.203 [airport]/579 @[1177135.495268] (airportProcessCommand.m:1715) Processed events, count[  1], @[1177135.495244], took 0.000018
Thu May 15 19:42:23.203 [airport]/579 @[1177135.495618] (airportProcessCommand.m:1715) Processed events, count[  1], @[1177135.495595], took 0.000018
Thu May 15 19:42:23.205 [airport]/579 @[1177135.497377] (airportProcessCommand.m:1715) Processed events, count[  2], @[1177135.497284], took 0.000076
Thu May 15 19:42:23.205 [airport]/579 @[1177135.497690] (airportProcessCommand.m:1715) Processed events, count[  1], @[1177135.497653], took 0.000027
Thu May 15 19:42:23.206 [airport]/579 @[1177135.497931] (airportProcessCommand.m:1715) Processed events, count[  1], @[1177135.497889], took 0.000033
Thu May 15 19:42:23.206 [airport]/579 @[1177135.498128] (airportProcessCommand.m:1715) Processed events, count[  1], @[1177135.498094], took 0.000025
Thu May 15 19:42:23.206 [airport]/579 @[1177135.498395] (airportProcessCommand.m:1715) Processed events, count[  1], @[1177135.498359], took 0.000027
Thu May 15 19:42:23.206 [airport]/579 @[1177135.498739] (airportProcessCommand.m:1715) Processed events, count[  1], @[1177135.498603], took 0.000129
Thu May 15 19:42:23.207 [airport]/579 @[1177135.499029] (airportProcessCommand.m:1715) Processed events, count[  1], @[1177135.499005], took 0.000017
Thu May 15 19:42:23.207 [airport]/579 @[1177135.499269] (airportProcessCommand.m:1715) Processed events, count[  1], @[1177135.499242], took 0.000021
Thu May 15 19:42:23.207 [airport]/579 @[1177135.499414] (airportProcessCommand.m:1715) Processed events, count[  1], @[1177135.499384], took 0.000023
Thu May 15 19:42:23.207 [airport]/579 @[1177135.499622] (airportProcessCommand.m:1715) Processed events, count[  1], @[1177135.499595], took 0.000020
Thu May 15 19:42:23.208 [airport]/579 @[1177135.499849] (airportProcessCommand.m:1715) Processed events, count[  1], @[1177135.499825], took 0.000017
Thu May 15 19:42:23.209 [airport]/579 @[1177135.501515] (airportProcessCommand.m:1715) Processed events, count[  1], @[1177135.500293], took 0.001211
Thu May 15 19:42:23.209 [airport]/579 @[1177135.501735] (airportProcessCommand.m:1715) Processed events, count[  1], @[1177135.501698], took 0.000032
Thu May 15 19:42:23.210 [airport]/579 @[1177135.501896] (airportProcessCommand.m:1715) Processed events, count[  1], @[1177135.501773], took 0.000116
Thu May 15 19:42:23.210 [airport]/579 @[1177135.501952] (airportProcessCommand.m:1715) Processed events, count[  1], @[1177135.501928], took 0.000013
Thu May 15 19:42:23.210 [airport]/579 @[1177135.502015] (airportProcessCommand.m:1715) Processed events, count[  1], @[1177135.501990], took 0.000019
Thu May 15 19:42:23.210 [airport]/579 @[1177135.502070] (airportProcessCommand.m:1715) Processed events, count[  1], @[1177135.502037], took 0.000026
Thu May 15 19:42:23.210 [airport]/579 @[1177135.502296] (airportProcessCommand.m:1715) Processed events, count[  1], @[1177135.502276], took 0.000016
Thu May 15 19:42:32.067 [airport]/579 @[1177144.358678] (airportdMain.m:1730) Health check alive, checkin@[1177144.358634], count[4077] 
Thu May 15 19:43:02.181 [airport]/579 @[1177174.469337] (airportdMain.m:1730) Health check alive, checkin@[1177174.469176], count[4078] 
Thu May 15 19:43:32.282 [airport]/579 @[1177204.573609] (airportdMain.m:1730) Health check alive, checkin@[1177204.573562], count[4079] 
Thu May 15 19:44:02.382 [airport]/579 @[1177234.673411] (airportdMain.m:1730) Health check alive, checkin@[1177234.673345], count[4080] 
Thu May 15 19:44:32.481 [airport]/579 @[1177264.772546] (airportdMain.m:1730) Health check alive, checkin@[1177264.772505], count[4081] 
Thu May 15 19:45:02.581 [airport]/579 @[1177294.872383] (airportdMain.m:1730) Health check alive, checkin@[1177294.872323], count[4082] 
Thu May 15 19:45:32.681 [airport]/579 @[1177324.972083] (airportdMain.m:1730) Health check alive, checkin@[1177324.972020], count[4083] 
Thu May 15 19:46:02.781 [airport]/579 @[1177355.071768] (airportdMain.m:1730) Health check alive, checkin@[1177355.071708], count[4084] 
Thu May 15 19:46:32.881 [airport]/579 @[1177385.171492] (airportdMain.m:1730) Health check alive, checkin@[1177385.171436], count[4085] 
Thu May 15 19:47:02.981 [airport]/579 @[1177415.271259] (airportdMain.m:1730) Health check alive, checkin@[1177415.271208], count[4086] 
Thu May 15 19:47:33.081 [airport]/579 @[1177445.371317] (airportdMain.m:1730) Health check alive, checkin@[1177445.371289], count[4087] 
Thu May 15 19:48:03.180 [airport]/579 @[1177475.470722] (airportdMain.m:1730) Health check alive, checkin@[1177475.470657], count[4088] 
Thu May 15 19:48:33.281 [airport]/579 @[1177505.570897] (airportdMain.m:1730) Health check alive, checkin@[1177505.570831], count[4089] 
Thu May 15 19:49:03.380 [airport]/579 @[1177535.670153] (airportdMain.m:1730) Health check alive, checkin@[1177535.670106], count[4090] 
Thu May 15 19:49:33.481 [airport]/579 @[1177565.770608] (airportdMain.m:1730) Health check alive, checkin@[1177565.770557], count[4091] 
Thu May 15 19:49:35.309 [airport]/579 @[1177567.598423] (airportProcessCommand.m:1715) Processed events, count[  2], @[1177567.598303], took 0.000103
Thu May 15 19:49:35.309 [airport]/579 @[1177567.599150] (airportProcessCommand.m:1715) Processed events, count[  2], @[1177567.599069], took 0.000066
Thu May 15 19:49:35.310 [airport]/579 @[1177567.599436] (airportProcessCommand.m:1715) Processed events, count[  1], @[1177567.599359], took 0.000064
Thu May 15 19:49:35.310 [airport]/579 @[1177567.600247] (airportProcessCommand.m:1715) Processed events, count[  1], @[1177567.600023], took 0.000131
Thu May 15 19:49:35.311 [airport]/579 @[1177567.600584] (airportProcessCommand.m:1715) Processed events, count[  1], @[1177567.600522], took 0.000048
Thu May 15 19:49:35.311 [airport]/579 @[1177567.601067] (airportProcessCommand.m:1715) Processed events, count[  1], @[1177567.601011], took 0.000043
Thu May 15 19:49:35.312 [airport]/579 @[1177567.601467] (airportProcessCommand.m:1715) Processed events, count[  1], @[1177567.601415], took 0.000040
Thu May 15 19:49:35.312 [airport]/579 @[1177567.601896] (airportProcessCommand.m:1715) Processed events, count[  1], @[1177567.601845], took 0.000038
Thu May 15 19:49:35.313 [airport]/579 @[1177567.602618] (airportProcessCommand.m:1715) Processed events, count[  1], @[1177567.602503], took 0.000103
Thu May 15 19:49:35.314 [airport]/579 @[1177567.604126] (airportProcessCommand.m:1715) Processed events, count[  1], @[1177567.603987], took 0.000074
Thu May 15 19:49:35.320 [airport]/579 @[1177567.610116] (airportProcessCommand.m:1715) Processed events, count[  1], @[1177567.604226], took 0.005867
Thu May 15 19:49:35.321 [airport]/579 @[1177567.610411] (airportProcessCommand.m:1715) Processed events, count[  1], @[1177567.610367], took 0.000036
Thu May 15 19:49:35.321 [airport]/579 @[1177567.610515] (airportProcessCommand.m:1715) Processed events, count[  1], @[1177567.610485], took 0.000023
Thu May 15 19:49:35.321 [airport]/579 @[1177567.610641] (airportProcessCommand.m:1715) Processed events, count[  1], @[1177567.610567], took 0.000019
Thu May 15 19:49:35.321 [airport]/579 @[1177567.610734] (airportProcessCommand.m:1715) Processed events, count[  1], @[1177567.610706], took 0.000021
Thu May 15 19:49:35.322 [airport]/579 @[1177567.611587] (airportProcessCommand.m:1715) Processed events, count[  1], @[1177567.611549], took 0.000030
Thu May 15 19:49:35.322 [airport]/579 @[1177567.612090] (airportProcessCommand.m:1715) Processed events, count[  1], @[1177567.612061], took 0.000022
Thu May 15 19:49:35.323 [airport]/579 @[1177567.612936] (airportProcessCommand.m:1715) Processed events, count[  2], @[1177567.612893], took 0.000036
Thu May 15 19:49:35.323 [airport]/579 @[1177567.613212] (airportProcessCommand.m:1715) Processed events, count[  1], @[1177567.613186], took 0.000019
Thu May 15 19:49:35.324 [airport]/579 @[1177567.613442] (airportProcessCommand.m:1715) Processed events, count[  1], @[1177567.613406], took 0.000028
Thu May 15 19:49:35.324 [airport]/579 @[1177567.613791] (airportProcessCommand.m:1715) Processed events, count[  1], @[1177567.613723], took 0.000059
Thu May 15 19:49:35.325 [airport]/579 @[1177567.614023] (airportProcessCommand.m:1715) Processed events, count[  1], @[1177567.613994], took 0.000022
Thu May 15 19:49:35.326 [airport]/579 @[1177567.615619] (airportProcessCommand.m:1715) Processed events, count[  1], @[1177567.615579], took 0.000032
Thu May 15 19:49:35.327 [airport]/579 @[1177567.616831] (airportProcessCommand.m:1715) Processed events, count[  1], @[1177567.616767], took 0.000040
Thu May 15 19:49:35.327 [airport]/579 @[1177567.617089] (airportProcessCommand.m:1715) Processed events, count[  1], @[1177567.617052], took 0.000029
Thu May 15 19:49:35.327 [airport]/579 @[1177567.617353] (airportProcessCommand.m:1715) Processed events, count[  1], @[1177567.617290], took 0.000054
Thu May 15 19:49:35.328 [airport]/579 @[1177567.617651] (airportProcessCommand.m:1715) Processed events, count[  1], @[1177567.617622], took 0.000022
Thu May 15 19:49:35.328 [airport]/579 @[1177567.618348] (airportProcessCommand.m:1715) Processed events, count[  1], @[1177567.618324], took 0.000018
Thu May 15 19:49:35.330 [airport]/579 @[1177567.619882] (airportProcessCommand.m:1715) Processed events, count[  2], @[1177567.618720], took 0.001134
Thu May 15 19:49:35.330 [airport]/579 @[1177567.620044] (airportProcessCommand.m:1715) Processed events, count[  1], @[1177567.620010], took 0.000028
Thu May 15 19:49:35.330 [airport]/579 @[1177567.620196] (airportProcessCommand.m:1715) Processed events, count[  1], @[1177567.620121], took 0.000069
Thu May 15 19:49:35.330 [airport]/579 @[1177567.620301] (airportProcessCommand.m:1715) Processed events, count[  1], @[1177567.620279], took 0.000016
Thu May 15 19:49:35.333 [airport]/579 @[1177567.622811] (airportProcessCommand.m:1715) Processed events, count[  1], @[1177567.622767], took 0.000035
Thu May 15 19:49:35.334 [airport]/579 @[1177567.623986] (airportProcessCommand.m:1715) Processed events, count[  1], @[1177567.623953], took 0.000027
Thu May 15 19:50:03.552 [airport]/579 @[1177595.835576] (airportdMain.m:1730) Health check alive, checkin@[1177595.835530], count[4092] 
Thu May 15 19:50:33.656 [airport]/579 @[1177625.936184] (airportdMain.m:1730) Health check alive, checkin@[1177625.936135], count[4093] 
Thu May 15 19:51:03.755 [airport]/579 @[1177656.033940] (airportdMain.m:1730) Health check alive, checkin@[1177656.033895], count[4094] 
Thu May 15 19:51:33.855 [airport]/579 @[1177686.133647] (airportdMain.m:1730) Health check alive, checkin@[1177686.133606], count[4095] 
Thu May 15 19:52:03.955 [airport]/579 @[1177716.233496] (airportdMain.m:1730) Health check alive, checkin@[1177716.233450], count[4096] 
Thu May 15 19:52:34.056 [airport]/579 @[1177746.333906] (airportdMain.m:1730) Health check alive, checkin@[1177746.333830], count[4097] 
Thu May 15 19:53:04.155 [airport]/579 @[1177776.432865] (airportdMain.m:1730) Health check alive, checkin@[1177776.432793], count[4098] 
Thu May 15 19:53:34.255 [airport]/579 @[1177806.532576] (airportdMain.m:1730) Health check alive, checkin@[1177806.532526], count[4099] 
Thu May 15 19:54:04.355 [airport]/579 @[1177836.632538] (airportdMain.m:1730) Health check alive, checkin@[1177836.632470], count[4100] 
Thu May 15 19:54:34.456 [airport]/579 @[1177866.733095] (airportdMain.m:1730) Health check alive, checkin@[1177866.733049], count[4101] 
Thu May 15 19:55:04.554 [airport]/579 @[1177896.831676] (airportdMain.m:1730) Health check alive, checkin@[1177896.831625], count[4102] 
Thu May 15 19:55:34.654 [airport]/579 @[1177926.931382] (airportdMain.m:1730) Health check alive, checkin@[1177926.931318], count[4103] 
Thu May 15 19:56:04.749 [airport]/579 @[1177957.026239] (airportdMain.m:1730) Health check alive, checkin@[1177957.026160], count[4104] 
Thu May 15 19:56:34.830 [airport]/579 @[1177987.105999] (airportdMain.m:1730) Health check alive, checkin@[1177987.105867], count[4105] 
Thu May 15 19:56:47.418 [airport]/579 @[1177999.694838] (airportProcessCommand.m:1715) Processed events, count[  2], @[1177999.694732], took 0.000084
Thu May 15 19:56:47.419 [airport]/579 @[1177999.695493] (airportProcessCommand.m:1715) Processed events, count[  1], @[1177999.695438], took 0.000041
Thu May 15 19:56:47.420 [airport]/579 @[1177999.696062] (airportProcessCommand.m:1715) Processed events, count[  1], @[1177999.696006], took 0.000043
Thu May 15 19:56:47.420 [airport]/579 @[1177999.696633] (airportProcessCommand.m:1715) Processed events, count[  1], @[1177999.696599], took 0.000026
Thu May 15 19:56:47.421 [airport]/579 @[1177999.697108] (airportProcessCommand.m:1715) Processed events, count[  1], @[1177999.697007], took 0.000091
Thu May 15 19:56:47.421 [airport]/579 @[1177999.697875] (airportProcessCommand.m:1715) Processed events, count[  1], @[1177999.697818], took 0.000043
Thu May 15 19:56:47.422 [airport]/579 @[1177999.699001] (airportProcessCommand.m:1715) Processed events, count[  1], @[1177999.698925], took 0.000062
Thu May 15 19:56:47.424 [airport]/579 @[1177999.700141] (airportProcessCommand.m:1715) Processed events, count[  2], @[1177999.700102], took 0.000031
Thu May 15 19:56:47.424 [airport]/579 @[1177999.700612] (airportProcessCommand.m:1715) Processed events, count[  2], @[1177999.700531], took 0.000068
Thu May 15 19:56:47.424 [airport]/579 @[1177999.700981] (airportProcessCommand.m:1715) Processed events, count[  1], @[1177999.700928], took 0.000040
Thu May 15 19:56:47.425 [airport]/579 @[1177999.701398] (airportProcessCommand.m:1715) Processed events, count[  1], @[1177999.701340], took 0.000046
Thu May 15 19:56:47.425 [airport]/579 @[1177999.701837] (airportProcessCommand.m:1715) Processed events, count[  1], @[1177999.701756], took 0.000068
Thu May 15 19:56:47.426 [airport]/579 @[1177999.702568] (airportProcessCommand.m:1715) Processed events, count[  2], @[1177999.702508], took 0.000050
Thu May 15 19:56:47.428 [airport]/579 @[1177999.704568] (airportProcessCommand.m:1715) Processed events, count[  1], @[1177999.702787], took 0.001767
Thu May 15 19:56:47.428 [airport]/579 @[1177999.704738] (airportProcessCommand.m:1715) Processed events, count[  1], @[1177999.704702], took 0.000027
Thu May 15 19:56:47.428 [airport]/579 @[1177999.704874] (airportProcessCommand.m:1715) Processed events, count[  1], @[1177999.704822], took 0.000043
Thu May 15 19:56:47.428 [airport]/579 @[1177999.704992] (airportProcessCommand.m:1715) Processed events, count[  1], @[1177999.704955], took 0.000028
Thu May 15 19:56:47.429 [airport]/579 @[1177999.705403] (airportProcessCommand.m:1715) Processed events, count[  1], @[1177999.705064], took 0.000332
Thu May 15 19:56:47.429 [airport]/579 @[1177999.705545] (airportProcessCommand.m:1715) Processed events, count[  1], @[1177999.705518], took 0.000021
Thu May 15 19:56:47.429 [airport]/579 @[1177999.705649] (airportProcessCommand.m:1715) Processed events, count[  1], @[1177999.705624], took 0.000018
Thu May 15 19:56:47.430 [airport]/579 @[1177999.706736] (airportProcessCommand.m:1715) Processed events, count[  2], @[1177999.706677], took 0.000052
Thu May 15 19:56:47.431 [airport]/579 @[1177999.707132] (airportProcessCommand.m:1715) Processed events, count[  2], @[1177999.707007], took 0.000118
Thu May 15 19:56:47.431 [airport]/579 @[1177999.707599] (airportProcessCommand.m:1715) Processed events, count[  1], @[1177999.707555], took 0.000036
Thu May 15 19:56:47.431 [airport]/579 @[1177999.707952] (airportProcessCommand.m:1715) Processed events, count[  2], @[1177999.707918], took 0.000028
Thu May 15 19:56:47.433 [airport]/579 @[1177999.709699] (airportProcessCommand.m:1715) Processed events, count[  1], @[1177999.708265], took 0.001423
Thu May 15 19:56:47.433 [airport]/579 @[1177999.709855] (airportProcessCommand.m:1715) Processed events, count[  1], @[1177999.709819], took 0.000028
Thu May 15 19:56:47.433 [airport]/579 @[1177999.710042] (airportProcessCommand.m:1715) Processed events, count[  1], @[1177999.709932], took 0.000102
Thu May 15 19:56:47.434 [airport]/579 @[1177999.710185] (airportProcessCommand.m:1715) Processed events, count[  1], @[1177999.710158], took 0.000020
Thu May 15 19:56:47.434 [airport]/579 @[1177999.711008] (airportProcessCommand.m:1715) Processed events, count[  1], @[1177999.710979], took 0.000023
Thu May 15 19:56:47.435 [airport]/579 @[1177999.711138] (airportProcessCommand.m:1715) Processed events, count[  1], @[1177999.711113], took 0.000019
Thu May 15 19:56:47.435 [airport]/579 @[1177999.711394] (airportProcessCommand.m:1715) Processed events, count[  1], @[1177999.711363], took 0.000025
Thu May 15 19:57:04.929 [airport]/579 @[1178017.205672] (airportdMain.m:1730) Health check alive, checkin@[1178017.205606], count[4106] 
Thu May 15 19:57:35.029 [airport]/579 @[1178047.305351] (airportdMain.m:1730) Health check alive, checkin@[1178047.305287], count[4107] 
Thu May 15 19:58:05.129 [airport]/579 @[1178077.405079] (airportdMain.m:1730) Health check alive, checkin@[1178077.405020], count[4108] 
Thu May 15 19:58:35.229 [airport]/579 @[1178107.504896] (airportdMain.m:1730) Health check alive, checkin@[1178107.504805], count[4109] 
Thu May 15 19:59:05.329 [airport]/579 @[1178137.604636] (airportdMain.m:1730) Health check alive, checkin@[1178137.604581], count[4110] 
Thu May 15 19:59:35.430 [airport]/579 @[1178167.704744] (airportdMain.m:1730) Health check alive, checkin@[1178167.704683], count[4111] 
Thu May 15 20:00:05.529 [airport]/579 @[1178197.804417] (airportdMain.m:1730) Health check alive, checkin@[1178197.804371], count[4112] 
Thu May 15 20:00:35.629 [airport]/579 @[1178227.904124] (airportdMain.m:1730) Health check alive, checkin@[1178227.904087], count[4113] 
Thu May 15 20:01:05.729 [airport]/579 @[1178258.003482] (airportdMain.m:1730) Health check alive, checkin@[1178258.003372], count[4114] 
Thu May 15 20:01:35.829 [airport]/579 @[1178288.103154] (airportdMain.m:1730) Health check alive, checkin@[1178288.103086], count[4115] 
Thu May 15 20:02:05.929 [airport]/579 @[1178318.202890] (airportdMain.m:1730) Health check alive, checkin@[1178318.202816], count[4116] 
Thu May 15 20:02:36.029 [airport]/579 @[1178348.303054] (airportdMain.m:1730) Health check alive, checkin@[1178348.303002], count[4117] 
Thu May 15 20:03:06.129 [airport]/579 @[1178378.402790] (airportdMain.m:1730) Health check alive, checkin@[1178378.402739], count[4118] 
Thu May 15 20:03:36.229 [airport]/579 @[1178408.502126] (airportdMain.m:1730) Health check alive, checkin@[1178408.502087], count[4119] 
Thu May 15 20:03:59.564 [airport]/579 @[1178431.836681] (airportProcessCommand.m:1715) Processed events, count[  1], @[1178431.836623], took 0.000048
Thu May 15 20:03:59.566 [airport]/579 @[1178431.839280] (airportProcessCommand.m:1715) Processed events, count[  2], @[1178431.839142], took 0.000112
Thu May 15 20:03:59.568 [airport]/579 @[1178431.841085] (airportProcessCommand.m:1715) Processed events, count[  1], @[1178431.841007], took 0.000057
Thu May 15 20:03:59.568 [airport]/579 @[1178431.841405] (airportProcessCommand.m:1715) Processed events, count[  1], @[1178431.841357], took 0.000038
Thu May 15 20:03:59.570 [airport]/579 @[1178431.842712] (airportProcessCommand.m:1715) Processed events, count[  2], @[1178431.842541], took 0.000162
Thu May 15 20:03:59.571 [airport]/579 @[1178431.844283] (airportProcessCommand.m:1715) Processed events, count[  2], @[1178431.844208], took 0.000065
Thu May 15 20:03:59.572 [airport]/579 @[1178431.845001] (airportProcessCommand.m:1715) Processed events, count[  1], @[1178431.844779], took 0.000187
Thu May 15 20:03:59.572 [airport]/579 @[1178431.845404] (airportProcessCommand.m:1715) Processed events, count[  1], @[1178431.845362], took 0.000033
Thu May 15 20:03:59.573 [airport]/579 @[1178431.846314] (airportProcessCommand.m:1715) Processed events, count[  1], @[1178431.846238], took 0.000065
Thu May 15 20:03:59.580 [airport]/579 @[1178431.853368] (airportProcessCommand.m:1715) Processed events, count[  1], @[1178431.847091], took 0.006265
Thu May 15 20:03:59.580 [airport]/579 @[1178431.853547] (airportProcessCommand.m:1715) Processed events, count[  1], @[1178431.853508], took 0.000032
Thu May 15 20:03:59.581 [airport]/579 @[1178431.853749] (airportProcessCommand.m:1715) Processed events, count[  2], @[1178431.853702], took 0.000039
Thu May 15 20:03:59.581 [airport]/579 @[1178431.853851] (airportProcessCommand.m:1715) Processed events, count[  1], @[1178431.853821], took 0.000023
Thu May 15 20:03:59.581 [airport]/579 @[1178431.853942] (airportProcessCommand.m:1715) Processed events, count[  1], @[1178431.853915], took 0.000020
Thu May 15 20:03:59.581 [airport]/579 @[1178431.854127] (airportProcessCommand.m:1715) Processed events, count[  1], @[1178431.853993], took 0.000124
Thu May 15 20:03:59.581 [airport]/579 @[1178431.854438] (airportProcessCommand.m:1715) Processed events, count[  1], @[1178431.854409], took 0.000022
Thu May 15 20:03:59.582 [airport]/579 @[1178431.854693] (airportProcessCommand.m:1715) Processed events, count[  1], @[1178431.854665], took 0.000021
Thu May 15 20:03:59.582 [airport]/579 @[1178431.855543] (airportProcessCommand.m:1715) Processed events, count[  1], @[1178431.855289], took 0.000245
Thu May 15 20:03:59.583 [airport]/579 @[1178431.855863] (airportProcessCommand.m:1715) Processed events, count[  2], @[1178431.855815], took 0.000040
Thu May 15 20:03:59.583 [airport]/579 @[1178431.856380] (airportProcessCommand.m:1715) Processed events, count[  1], @[1178431.856349], took 0.000023
Thu May 15 20:03:59.584 [airport]/579 @[1178431.857464] (airportProcessCommand.m:1715) Processed events, count[  2], @[1178431.857331], took 0.000042
Thu May 15 20:03:59.585 [airport]/579 @[1178431.858278] (airportProcessCommand.m:1715) Processed events, count[  1], @[1178431.858239], took 0.000033
Thu May 15 20:03:59.586 [airport]/579 @[1178431.858861] (airportProcessCommand.m:1715) Processed events, count[  2], @[1178431.858830], took 0.000025
Thu May 15 20:03:59.587 [airport]/579 @[1178431.860188] (airportProcessCommand.m:1715) Processed events, count[  2], @[1178431.859304], took 0.000875
Thu May 15 20:03:59.588 [airport]/579 @[1178431.860408] (airportProcessCommand.m:1715) Processed events, count[  1], @[1178431.860362], took 0.000039
Thu May 15 20:03:59.588 [airport]/579 @[1178431.860815] (airportProcessCommand.m:1715) Processed events, count[  1], @[1178431.860690], took 0.000019
Thu May 15 20:03:59.588 [airport]/579 @[1178431.860926] (airportProcessCommand.m:1715) Processed events, count[  1], @[1178431.860904], took 0.000017
Thu May 15 20:03:59.588 [airport]/579 @[1178431.861000] (airportProcessCommand.m:1715) Processed events, count[  1], @[1178431.860982], took 0.000013
Thu May 15 20:03:59.588 [airport]/579 @[1178431.861437] (airportProcessCommand.m:1715) Processed events, count[  2], @[1178431.861399], took 0.000033
Thu May 15 20:04:06.329 [airport]/579 @[1178438.601829] (airportdMain.m:1730) Health check alive, checkin@[1178438.601763], count[4120] 
Thu May 15 20:04:36.433 [airport]/579 @[1178468.705768] (airportdMain.m:1730) Health check alive, checkin@[1178468.705734], count[4121] 
Thu May 15 20:05:06.534 [airport]/579 @[1178498.806194] (airportdMain.m:1730) Health check alive, checkin@[1178498.806114], count[4122] 
Thu May 15 20:05:36.634 [airport]/579 @[1178528.905941] (airportdMain.m:1730) Health check alive, checkin@[1178528.905884], count[4123] 
